algorithm;execution;filename;num_vertex;min_path;milisec;cost
Memetic;1;data/FIS5-0.txt;5;1,4,3,0,2;0;18430
Memetic;2;data/FIS5-0.txt;5;0,3,4,1,2;0;18430
Memetic;3;data/FIS5-0.txt;5;2,1,4,3,0;0;18430
Memetic;4;data/FIS5-0.txt;5;2,1,4,3,0;0;18430
Memetic;5;data/FIS5-0.txt;5;3,4,1,2,0;0;18430
Memetic;6;data/FIS5-0.txt;5;0,3,4,1,2;0;18430
Memetic;7;data/FIS5-0.txt;5;0,2,1,4,3;0;18430
Memetic;8;data/FIS5-0.txt;5;1,2,0,3,4;0;18430
Memetic;9;data/FIS5-0.txt;5;4,1,2,0,3;0;18430
Memetic;10;data/FIS5-0.txt;5;1,4,3,0,2;0;18430
Memetic;11;data/FIS5-0.txt;5;0,2,1,4,3;0;18430
Memetic;12;data/FIS5-0.txt;5;0,3,4,1,2;0;18430
Memetic;13;data/FIS5-0.txt;5;2,0,3,4,1;0;18430
Memetic;14;data/FIS5-0.txt;5;1,2,0,3,4;0;18430
Memetic;15;data/FIS5-0.txt;5;1,2,0,3,4;0;18430
Memetic;16;data/FIS5-0.txt;5;3,4,1,2,0;0;18430
Memetic;17;data/FIS5-0.txt;5;2,1,4,3,0;0;18430
Memetic;18;data/FIS5-0.txt;5;2,1,4,3,0;0;18430
Memetic;19;data/FIS5-0.txt;5;2,1,4,3,0;0;18430
Memetic;20;data/FIS5-0.txt;5;1,2,0,3,4;0;18430
Memetic;21;data/FIS5-0.txt;5;2,1,4,3,0;0;18430
Memetic;22;data/FIS5-0.txt;5;4,1,2,0,3;0;18430
Memetic;23;data/FIS5-0.txt;5;0,3,4,1,2;0;18430
Memetic;24;data/FIS5-0.txt;5;3,0,2,1,4;0;18430
Memetic;25;data/FIS5-0.txt;5;4,1,2,0,3;0;18430
Memetic;26;data/FIS5-0.txt;5;0,3,4,1,2;0;18430
Memetic;27;data/FIS5-0.txt;5;4,1,2,0,3;0;18430
Memetic;28;data/FIS5-0.txt;5;1,2,0,3,4;0;18430
Memetic;29;data/FIS5-0.txt;5;0,2,1,4,3;0;18430
Memetic;30;data/FIS5-0.txt;5;1,2,0,3,4;0;18430
Memetic;1;data/FIS5-1.txt;5;0,1,3,2,4;0;22351
Memetic;2;data/FIS5-1.txt;5;1,0,4,2,3;0;22351
Memetic;3;data/FIS5-1.txt;5;2,4,0,1,3;0;22351
Memetic;4;data/FIS5-1.txt;5;1,0,4,2,3;0;22351
Memetic;5;data/FIS5-1.txt;5;0,1,3,2,4;0;22351
Memetic;6;data/FIS5-1.txt;5;2,4,0,1,3;0;22351
Memetic;7;data/FIS5-1.txt;5;0,1,3,2,4;0;22351
Memetic;8;data/FIS5-1.txt;5;3,2,4,0,1;0;22351
Memetic;9;data/FIS5-1.txt;5;0,1,3,2,4;0;22351
Memetic;10;data/FIS5-1.txt;5;2,3,1,0,4;0;22351
Memetic;11;data/FIS5-1.txt;5;0,1,3,2,4;0;22351
Memetic;12;data/FIS5-1.txt;5;2,3,1,0,4;0;22351
Memetic;13;data/FIS5-1.txt;5;1,0,4,2,3;0;22351
Memetic;14;data/FIS5-1.txt;5;4,2,3,1,0;0;22351
Memetic;15;data/FIS5-1.txt;5;0,1,3,2,4;0;22351
Memetic;16;data/FIS5-1.txt;5;0,4,2,3,1;0;22351
Memetic;17;data/FIS5-1.txt;5;3,1,0,4,2;0;22351
Memetic;18;data/FIS5-1.txt;5;1,0,4,2,3;0;22351
Memetic;19;data/FIS5-1.txt;5;3,1,0,4,2;0;22351
Memetic;20;data/FIS5-1.txt;5;1,0,4,2,3;0;22351
Memetic;21;data/FIS5-1.txt;5;0,1,3,2,4;0;22351
Memetic;22;data/FIS5-1.txt;5;2,3,1,0,4;0;22351
Memetic;23;data/FIS5-1.txt;5;1,3,2,4,0;0;22351
Memetic;24;data/FIS5-1.txt;5;0,4,2,3,1;0;22351
Memetic;25;data/FIS5-1.txt;5;3,1,0,4,2;0;22351
Memetic;26;data/FIS5-1.txt;5;0,4,2,3,1;0;22351
Memetic;27;data/FIS5-1.txt;5;1,0,4,2,3;0;22351
Memetic;28;data/FIS5-1.txt;5;0,1,3,2,4;0;22351
Memetic;29;data/FIS5-1.txt;5;4,2,3,1,0;0;22351
Memetic;30;data/FIS5-1.txt;5;1,3,2,4,0;0;22351
Memetic;1;data/FIS5-2.txt;5;2,3,0,1,4;0;15356
Memetic;2;data/FIS5-2.txt;5;3,0,1,4,2;0;15356
Memetic;3;data/FIS5-2.txt;5;0,1,4,2,3;0;15356
Memetic;4;data/FIS5-2.txt;5;2,3,0,1,4;0;15356
Memetic;5;data/FIS5-2.txt;5;4,1,0,3,2;0;15356
Memetic;6;data/FIS5-2.txt;5;0,1,4,2,3;0;15356
Memetic;7;data/FIS5-2.txt;5;1,0,3,2,4;0;15356
Memetic;8;data/FIS5-2.txt;5;1,0,3,2,4;0;15356
Memetic;9;data/FIS5-2.txt;5;0,1,4,2,3;0;15356
Memetic;10;data/FIS5-2.txt;5;3,0,1,4,2;0;15356
Memetic;11;data/FIS5-2.txt;5;0,3,2,4,1;0;15356
Memetic;12;data/FIS5-2.txt;5;3,0,1,4,2;0;15356
Memetic;13;data/FIS5-2.txt;5;3,0,1,4,2;0;15356
Memetic;14;data/FIS5-2.txt;5;4,2,3,0,1;0;15356
Memetic;15;data/FIS5-2.txt;5;0,1,4,2,3;0;15356
Memetic;16;data/FIS5-2.txt;5;0,1,4,2,3;0;15356
Memetic;17;data/FIS5-2.txt;5;0,1,4,2,3;0;15356
Memetic;18;data/FIS5-2.txt;5;1,4,2,3,0;0;15356
Memetic;19;data/FIS5-2.txt;5;2,3,0,1,4;0;15356
Memetic;20;data/FIS5-2.txt;5;4,2,3,0,1;0;15356
Memetic;21;data/FIS5-2.txt;5;1,4,2,3,0;0;15356
Memetic;22;data/FIS5-2.txt;5;0,1,4,2,3;0;15356
Memetic;23;data/FIS5-2.txt;5;4,2,3,0,1;0;15356
Memetic;24;data/FIS5-2.txt;5;1,4,2,3,0;0;15356
Memetic;25;data/FIS5-2.txt;5;3,0,1,4,2;0;15356
Memetic;26;data/FIS5-2.txt;5;3,0,1,4,2;0;15356
Memetic;27;data/FIS5-2.txt;5;2,4,1,0,3;0;15356
Memetic;28;data/FIS5-2.txt;5;1,4,2,3,0;0;15356
Memetic;29;data/FIS5-2.txt;5;2,3,0,1,4;0;15356
Memetic;30;data/FIS5-2.txt;5;0,1,4,2,3;0;15356
Memetic;1;data/FIS5-3.txt;5;1,0,3,2,4;0;21245
Memetic;2;data/FIS5-3.txt;5;0,3,2,4,1;0;21245
Memetic;3;data/FIS5-3.txt;5;0,1,4,2,3;0;21245
Memetic;4;data/FIS5-3.txt;5;0,3,2,4,1;0;21245
Memetic;5;data/FIS5-3.txt;5;1,0,3,2,4;0;21245
Memetic;6;data/FIS5-3.txt;5;0,1,4,2,3;0;21245
Memetic;7;data/FIS5-3.txt;5;0,1,4,2,3;0;21245
Memetic;8;data/FIS5-3.txt;5;2,3,0,1,4;0;21245
Memetic;9;data/FIS5-3.txt;5;0,1,4,2,3;0;21245
Memetic;10;data/FIS5-3.txt;5;4,1,0,3,2;0;21245
Memetic;11;data/FIS5-3.txt;5;0,1,4,2,3;0;21245
Memetic;12;data/FIS5-3.txt;5;2,4,1,0,3;0;21245
Memetic;13;data/FIS5-3.txt;5;0,3,2,4,1;0;21245
Memetic;14;data/FIS5-3.txt;5;3,0,1,4,2;0;21245
Memetic;15;data/FIS5-3.txt;5;0,1,4,2,3;0;21245
Memetic;16;data/FIS5-3.txt;5;1,4,2,3,0;0;21245
Memetic;17;data/FIS5-3.txt;5;3,2,4,1,0;0;21245
Memetic;18;data/FIS5-3.txt;5;0,3,2,4,1;0;21245
Memetic;19;data/FIS5-3.txt;5;0,3,2,4,1;0;21245
Memetic;20;data/FIS5-3.txt;5;0,3,2,4,1;0;21245
Memetic;21;data/FIS5-3.txt;5;3,2,4,1,0;0;21245
Memetic;22;data/FIS5-3.txt;5;3,0,1,4,2;0;21245
Memetic;23;data/FIS5-3.txt;5;0,1,4,2,3;0;21245
Memetic;24;data/FIS5-3.txt;5;0,1,4,2,3;0;21245
Memetic;25;data/FIS5-3.txt;5;4,1,0,3,2;0;21245
Memetic;26;data/FIS5-3.txt;5;2,4,1,0,3;0;21245
Memetic;27;data/FIS5-3.txt;5;1,0,3,2,4;0;21245
Memetic;28;data/FIS5-3.txt;5;3,0,1,4,2;0;21245
Memetic;29;data/FIS5-3.txt;5;0,1,4,2,3;0;21245
Memetic;30;data/FIS5-3.txt;5;0,3,2,4,1;0;21245
Memetic;1;data/FIS5-4.txt;5;0,1,4,3,2;0;19418
Memetic;2;data/FIS5-4.txt;5;1,0,2,3,4;0;19418
Memetic;3;data/FIS5-4.txt;5;1,0,2,3,4;0;19418
Memetic;4;data/FIS5-4.txt;5;4,1,0,2,3;0;19418
Memetic;5;data/FIS5-4.txt;5;1,0,2,3,4;0;19418
Memetic;6;data/FIS5-4.txt;5;0,1,4,3,2;0;19418
Memetic;7;data/FIS5-4.txt;5;3,2,0,1,4;0;19418
Memetic;8;data/FIS5-4.txt;5;1,0,2,3,4;0;19418
Memetic;9;data/FIS5-4.txt;5;0,2,3,4,1;0;19418
Memetic;10;data/FIS5-4.txt;5;0,1,4,3,2;0;19418
Memetic;11;data/FIS5-4.txt;5;4,3,2,0,1;0;19418
Memetic;12;data/FIS5-4.txt;5;1,0,2,3,4;0;19418
Memetic;13;data/FIS5-4.txt;5;4,1,0,2,3;0;19418
Memetic;14;data/FIS5-4.txt;5;2,0,1,4,3;0;19418
Memetic;15;data/FIS5-4.txt;5;1,0,2,3,4;0;19418
Memetic;16;data/FIS5-4.txt;5;1,4,3,2,0;0;19418
Memetic;17;data/FIS5-4.txt;5;1,0,2,3,4;0;19418
Memetic;18;data/FIS5-4.txt;5;0,1,4,3,2;0;19418
Memetic;19;data/FIS5-4.txt;5;0,1,4,3,2;0;19418
Memetic;20;data/FIS5-4.txt;5;3,4,1,0,2;0;19418
Memetic;21;data/FIS5-4.txt;5;1,0,2,3,4;0;19418
Memetic;22;data/FIS5-4.txt;5;0,2,3,4,1;0;19418
Memetic;23;data/FIS5-4.txt;5;1,0,2,3,4;0;19418
Memetic;24;data/FIS5-4.txt;5;2,0,1,4,3;0;19418
Memetic;25;data/FIS5-4.txt;5;2,0,1,4,3;0;19418
Memetic;26;data/FIS5-4.txt;5;0,2,3,4,1;0;19418
Memetic;27;data/FIS5-4.txt;5;1,0,2,3,4;0;19418
Memetic;28;data/FIS5-4.txt;5;1,0,2,3,4;0;19418
Memetic;29;data/FIS5-4.txt;5;0,2,3,4,1;0;19418
Memetic;30;data/FIS5-4.txt;5;3,2,0,1,4;0;19418
Memetic;1;data/FIS6-0.txt;6;0,1,2,5,3,4;0;15576
Memetic;2;data/FIS6-0.txt;6;0,1,2,5,3,4;0;15576
Memetic;3;data/FIS6-0.txt;6;3,4,0,1,2,5;0;15576
Memetic;4;data/FIS6-0.txt;6;3,4,0,1,2,5;0;15576
Memetic;5;data/FIS6-0.txt;6;4,0,1,2,5,3;0;15576
Memetic;6;data/FIS6-0.txt;6;5,2,1,0,4,3;0;15576
Memetic;7;data/FIS6-0.txt;6;2,1,0,4,3,5;0;15576
Memetic;8;data/FIS6-0.txt;6;4,3,5,2,1,0;0;15576
Memetic;9;data/FIS6-0.txt;6;1,0,4,3,5,2;0;15576
Memetic;10;data/FIS6-0.txt;6;4,0,1,2,5,3;0;15576
Memetic;11;data/FIS6-0.txt;6;0,1,2,5,3,4;0;15576
Memetic;12;data/FIS6-0.txt;6;0,4,3,5,2,1;0;15576
Memetic;13;data/FIS6-0.txt;6;0,1,2,5,3,4;0;15576
Memetic;14;data/FIS6-0.txt;6;5,2,1,0,4,3;0;15576
Memetic;15;data/FIS6-0.txt;6;3,4,0,1,2,5;0;15576
Memetic;16;data/FIS6-0.txt;6;3,4,0,1,2,5;0;15576
Memetic;17;data/FIS6-0.txt;6;3,4,0,1,2,5;0;15576
Memetic;18;data/FIS6-0.txt;6;0,4,3,5,2,1;0;15576
Memetic;19;data/FIS6-0.txt;6;0,4,3,5,2,1;0;15576
Memetic;20;data/FIS6-0.txt;6;4,0,1,2,5,3;0;15576
Memetic;21;data/FIS6-0.txt;6;2,1,0,4,3,5;0;15576
Memetic;22;data/FIS6-0.txt;6;4,0,1,2,5,3;0;15576
Memetic;23;data/FIS6-0.txt;6;2,1,0,4,3,5;0;15576
Memetic;24;data/FIS6-0.txt;6;3,4,0,1,2,5;0;15576
Memetic;25;data/FIS6-0.txt;6;3,5,2,1,0,4;0;15576
Memetic;26;data/FIS6-0.txt;6;0,4,3,5,2,1;0;15576
Memetic;27;data/FIS6-0.txt;6;4,0,1,2,5,3;0;15576
Memetic;28;data/FIS6-0.txt;6;1,0,4,3,5,2;0;15576
Memetic;29;data/FIS6-0.txt;6;3,4,0,1,2,5;0;15576
Memetic;30;data/FIS6-0.txt;6;5,3,4,0,1,2;0;15576
Memetic;1;data/FIS6-1.txt;6;5,4,2,3,1,0;0;19436
Memetic;2;data/FIS6-1.txt;6;3,1,0,5,4,2;0;19436
Memetic;3;data/FIS6-1.txt;6;5,0,1,3,2,4;0;19436
Memetic;4;data/FIS6-1.txt;6;2,3,1,0,5,4;0;19436
Memetic;5;data/FIS6-1.txt;6;2,3,1,0,5,4;0;19436
Memetic;6;data/FIS6-1.txt;6;2,3,1,0,5,4;0;19436
Memetic;7;data/FIS6-1.txt;6;0,1,3,2,4,5;0;19436
Memetic;8;data/FIS6-1.txt;6;1,3,2,4,5,0;0;19436
Memetic;9;data/FIS6-1.txt;6;1,3,2,4,5,0;0;19436
Memetic;10;data/FIS6-1.txt;6;0,5,2,4,3,1;0;21573
Memetic;11;data/FIS6-1.txt;6;3,2,4,5,0,1;0;19436
Memetic;12;data/FIS6-1.txt;6;0,1,3,2,4,5;0;19436
Memetic;13;data/FIS6-1.txt;6;3,1,0,5,4,2;0;19436
Memetic;14;data/FIS6-1.txt;6;1,0,5,4,2,3;0;19436
Memetic;15;data/FIS6-1.txt;6;2,3,1,0,5,4;0;19436
Memetic;16;data/FIS6-1.txt;6;2,4,5,0,1,3;0;19436
Memetic;17;data/FIS6-1.txt;6;3,1,0,5,4,2;0;19436
Memetic;18;data/FIS6-1.txt;6;5,0,1,3,2,4;0;19436
Memetic;19;data/FIS6-1.txt;6;0,1,3,4,2,5;0;21573
Memetic;20;data/FIS6-1.txt;6;4,5,0,1,3,2;0;19436
Memetic;21;data/FIS6-1.txt;6;4,5,0,1,3,2;0;19436
Memetic;22;data/FIS6-1.txt;6;5,0,1,3,4,2;0;21573
Memetic;23;data/FIS6-1.txt;6;0,1,3,2,4,5;0;19436
Memetic;24;data/FIS6-1.txt;6;3,2,4,5,0,1;0;19436
Memetic;25;data/FIS6-1.txt;6;5,4,2,3,1,0;0;19436
Memetic;26;data/FIS6-1.txt;6;1,0,5,4,2,3;0;19436
Memetic;27;data/FIS6-1.txt;6;1,0,5,4,2,3;0;19436
Memetic;28;data/FIS6-1.txt;6;2,4,3,1,0,5;0;21573
Memetic;29;data/FIS6-1.txt;6;0,1,3,2,4,5;0;19436
Memetic;30;data/FIS6-1.txt;6;0,1,3,2,4,5;0;19436
Memetic;1;data/FIS6-2.txt;6;5,3,2,0,1,4;0;23991
Memetic;2;data/FIS6-2.txt;6;0,1,4,5,3,2;0;23991
Memetic;3;data/FIS6-2.txt;6;3,2,0,1,4,5;0;23991
Memetic;4;data/FIS6-2.txt;6;3,2,0,1,4,5;0;23991
Memetic;5;data/FIS6-2.txt;6;3,2,0,1,4,5;0;23991
Memetic;6;data/FIS6-2.txt;6;3,2,0,1,4,5;0;23991
Memetic;7;data/FIS6-2.txt;6;4,1,0,2,3,5;0;23991
Memetic;8;data/FIS6-2.txt;6;4,1,0,2,3,5;0;23991
Memetic;9;data/FIS6-2.txt;6;3,2,0,1,4,5;0;23991
Memetic;10;data/FIS6-2.txt;6;2,0,1,4,5,3;0;23991
Memetic;11;data/FIS6-2.txt;6;0,2,3,5,4,1;0;23991
Memetic;12;data/FIS6-2.txt;6;3,2,0,1,4,5;0;23991
Memetic;13;data/FIS6-2.txt;6;3,2,0,1,4,5;0;23991
Memetic;14;data/FIS6-2.txt;6;3,2,0,1,4,5;0;23991
Memetic;15;data/FIS6-2.txt;6;5,4,1,0,2,3;0;23991
Memetic;16;data/FIS6-2.txt;6;4,1,0,2,3,5;0;23991
Memetic;17;data/FIS6-2.txt;6;5,3,2,0,1,4;0;23991
Memetic;18;data/FIS6-2.txt;6;4,1,0,2,3,5;0;23991
Memetic;19;data/FIS6-2.txt;6;3,2,0,1,4,5;0;23991
Memetic;20;data/FIS6-2.txt;6;4,1,0,2,3,5;0;23991
Memetic;21;data/FIS6-2.txt;6;0,2,3,5,4,1;0;23991
Memetic;22;data/FIS6-2.txt;6;3,2,0,1,4,5;0;23991
Memetic;23;data/FIS6-2.txt;6;4,1,0,2,3,5;0;23991
Memetic;24;data/FIS6-2.txt;6;2,0,1,4,5,3;0;23991
Memetic;25;data/FIS6-2.txt;6;3,2,0,1,4,5;0;23991
Memetic;26;data/FIS6-2.txt;6;2,0,1,4,5,3;0;23991
Memetic;27;data/FIS6-2.txt;6;3,2,0,1,4,5;0;23991
Memetic;28;data/FIS6-2.txt;6;0,1,4,5,3,2;0;23991
Memetic;29;data/FIS6-2.txt;6;3,2,0,1,4,5;0;23991
Memetic;30;data/FIS6-2.txt;6;0,1,4,5,3,2;0;23991
Memetic;1;data/FIS6-3.txt;6;1,3,5,0,2,4;0;13819
Memetic;2;data/FIS6-3.txt;6;0,4,1,5,3,2;0;15595
Memetic;3;data/FIS6-3.txt;6;0,2,4,1,3,5;0;13819
Memetic;4;data/FIS6-3.txt;6;1,4,2,0,5,3;0;13819
Memetic;5;data/FIS6-3.txt;6;4,1,3,5,0,2;0;13819
Memetic;6;data/FIS6-3.txt;6;4,2,0,5,3,1;0;13819
Memetic;7;data/FIS6-3.txt;6;1,3,5,0,2,4;0;13819
Memetic;8;data/FIS6-3.txt;6;3,1,4,2,0,5;0;13819
Memetic;9;data/FIS6-3.txt;6;3,1,4,2,0,5;0;13819
Memetic;10;data/FIS6-3.txt;6;0,2,4,1,3,5;0;13819
Memetic;11;data/FIS6-3.txt;6;1,4,0,2,3,5;0;15595
Memetic;12;data/FIS6-3.txt;6;5,3,1,4,2,0;0;13819
Memetic;13;data/FIS6-3.txt;6;0,2,4,1,3,5;0;13819
Memetic;14;data/FIS6-3.txt;6;5,3,1,4,2,0;0;13819
Memetic;15;data/FIS6-3.txt;6;1,4,2,0,5,3;0;13819
Memetic;16;data/FIS6-3.txt;6;5,0,2,4,1,3;0;13819
Memetic;17;data/FIS6-3.txt;6;0,5,3,1,4,2;0;13819
Memetic;18;data/FIS6-3.txt;6;5,0,2,4,1,3;0;13819
Memetic;19;data/FIS6-3.txt;6;4,1,3,5,0,2;0;13819
Memetic;20;data/FIS6-3.txt;6;1,4,0,2,3,5;0;15595
Memetic;21;data/FIS6-3.txt;6;3,1,4,2,0,5;0;13819
Memetic;22;data/FIS6-3.txt;6;0,2,4,1,3,5;0;13819
Memetic;23;data/FIS6-3.txt;6;0,2,4,1,3,5;0;13819
Memetic;24;data/FIS6-3.txt;6;5,3,1,4,2,0;0;13819
Memetic;25;data/FIS6-3.txt;6;0,2,4,1,3,5;0;13819
Memetic;26;data/FIS6-3.txt;6;2,0,5,3,1,4;0;13819
Memetic;27;data/FIS6-3.txt;6;2,0,4,1,5,3;0;15595
Memetic;28;data/FIS6-3.txt;6;0,2,4,1,3,5;0;13819
Memetic;29;data/FIS6-3.txt;6;1,4,2,0,5,3;0;13819
Memetic;30;data/FIS6-3.txt;6;3,1,4,2,0,5;0;13819
Memetic;1;data/FIS6-4.txt;6;0,5,3,1,2,4;0;16139
Memetic;2;data/FIS6-4.txt;6;1,2,4,0,5,3;0;16139
Memetic;3;data/FIS6-4.txt;6;0,4,2,1,3,5;0;16139
Memetic;4;data/FIS6-4.txt;6;3,5,0,4,2,1;0;16139
Memetic;5;data/FIS6-4.txt;6;1,2,4,0,5,3;0;16139
Memetic;6;data/FIS6-4.txt;6;1,3,5,0,4,2;0;16139
Memetic;7;data/FIS6-4.txt;6;4,0,5,3,1,2;0;16139
Memetic;8;data/FIS6-4.txt;6;0,5,3,1,2,4;0;16139
Memetic;9;data/FIS6-4.txt;6;0,4,2,1,3,5;0;16139
Memetic;10;data/FIS6-4.txt;6;1,2,4,0,5,3;0;16139
Memetic;11;data/FIS6-4.txt;6;3,5,0,4,2,1;0;16139
Memetic;12;data/FIS6-4.txt;6;4,0,5,3,1,2;0;16139
Memetic;13;data/FIS6-4.txt;6;0,2,4,1,3,5;0;18820
Memetic;14;data/FIS6-4.txt;6;0,4,2,1,3,5;0;16139
Memetic;15;data/FIS6-4.txt;6;5,0,4,2,1,3;0;16139
Memetic;16;data/FIS6-4.txt;6;0,4,2,1,3,5;0;16139
Memetic;17;data/FIS6-4.txt;6;0,2,4,1,3,5;0;18820
Memetic;18;data/FIS6-4.txt;6;0,4,2,1,3,5;0;16139
Memetic;19;data/FIS6-4.txt;6;3,1,4,2,0,5;0;18820
Memetic;20;data/FIS6-4.txt;6;0,4,2,1,3,5;0;16139
Memetic;21;data/FIS6-4.txt;6;1,3,5,0,4,2;0;16139
Memetic;22;data/FIS6-4.txt;6;5,0,4,2,1,3;0;16139
Memetic;23;data/FIS6-4.txt;6;4,2,1,3,5,0;0;16139
Memetic;24;data/FIS6-4.txt;6;4,2,1,3,5,0;0;16139
Memetic;25;data/FIS6-4.txt;6;0,4,2,1,3,5;0;16139
Memetic;26;data/FIS6-4.txt;6;1,3,5,0,4,2;0;16139
Memetic;27;data/FIS6-4.txt;6;0,4,2,1,3,5;0;16139
Memetic;28;data/FIS6-4.txt;6;1,2,4,0,5,3;0;16139
Memetic;29;data/FIS6-4.txt;6;0,4,2,1,3,5;0;16139
Memetic;30;data/FIS6-4.txt;6;0,5,3,1,2,4;0;16139
Memetic;1;data/FIS7-0.txt;7;5,2,4,1,3,6,0;0;16355
Memetic;2;data/FIS7-0.txt;7;3,1,4,2,5,0,6;0;16355
Memetic;3;data/FIS7-0.txt;7;4,1,3,0,5,2,6;0;16688
Memetic;4;data/FIS7-0.txt;7;4,1,3,6,2,5,0;0;17371
Memetic;5;data/FIS7-0.txt;7;2,6,3,0,1,4,5;0;16779
Memetic;6;data/FIS7-0.txt;7;2,5,3,0,1,4,6;0;17777
Memetic;7;data/FIS7-0.txt;7;3,1,4,2,5,0,6;0;16355
Memetic;8;data/FIS7-0.txt;7;6,2,4,1,3,5,0;0;16628
Memetic;9;data/FIS7-0.txt;7;0,6,3,1,4,2,5;0;16355
Memetic;10;data/FIS7-0.txt;7;0,6,3,1,4,2,5;0;16355
Memetic;11;data/FIS7-0.txt;7;4,1,3,6,0,5,2;0;16355
Memetic;12;data/FIS7-0.txt;7;0,6,2,4,1,3,5;0;16628
Memetic;13;data/FIS7-0.txt;7;6,0,5,2,4,1,3;0;16355
Memetic;14;data/FIS7-0.txt;7;5,0,6,3,1,4,2;0;16355
Memetic;15;data/FIS7-0.txt;7;3,5,0,6,2,4,1;0;16628
Memetic;16;data/FIS7-0.txt;7;0,6,3,1,4,2,5;0;16355
Memetic;17;data/FIS7-0.txt;7;2,5,0,6,3,1,4;0;16355
Memetic;18;data/FIS7-0.txt;7;3,6,2,4,1,0,5;0;16586
Memetic;19;data/FIS7-0.txt;7;3,6,2,5,0,1,4;0;17716
Memetic;20;data/FIS7-0.txt;7;0,6,2,4,1,3,5;0;16628
Memetic;21;data/FIS7-0.txt;7;3,1,4,2,5,0,6;0;16355
Memetic;22;data/FIS7-0.txt;7;6,3,1,4,2,5,0;0;16355
Memetic;23;data/FIS7-0.txt;7;2,5,0,3,1,4,6;0;16688
Memetic;24;data/FIS7-0.txt;7;0,4,1,3,6,2,5;0;17371
Memetic;25;data/FIS7-0.txt;7;3,6,0,5,2,4,1;0;16355
Memetic;26;data/FIS7-0.txt;7;0,6,2,4,1,3,5;0;16628
Memetic;27;data/FIS7-0.txt;7;4,1,3,6,0,5,2;0;16355
Memetic;28;data/FIS7-0.txt;7;2,6,3,5,0,1,4;0;16586
Memetic;29;data/FIS7-0.txt;7;6,3,5,0,1,4,2;0;16586
Memetic;30;data/FIS7-0.txt;7;5,0,1,4,2,6,3;0;16586
Memetic;1;data/FIS7-1.txt;7;3,1,4,5,6,2,0;0;20753
Memetic;2;data/FIS7-1.txt;7;0,3,1,6,5,4,2;0;23039
Memetic;3;data/FIS7-1.txt;7;0,2,6,1,4,5,3;0;20251
Memetic;4;data/FIS7-1.txt;7;5,4,1,6,2,0,3;0;20251
Memetic;5;data/FIS7-1.txt;7;0,2,6,1,4,5,3;0;20251
Memetic;6;data/FIS7-1.txt;7;2,6,5,4,1,3,0;0;20753
Memetic;7;data/FIS7-1.txt;7;0,2,5,4,1,6,3;0;21536
Memetic;8;data/FIS7-1.txt;7;3,5,4,1,6,2,0;0;20251
Memetic;9;data/FIS7-1.txt;7;1,5,3,0,2,6,4;0;23254
Memetic;10;data/FIS7-1.txt;7;2,0,3,6,1,4,5;0;21536
Memetic;11;data/FIS7-1.txt;7;4,2,0,3,6,1,5;0;22573
Memetic;12;data/FIS7-1.txt;7;2,0,3,6,1,4,5;0;21536
Memetic;13;data/FIS7-1.txt;7;5,3,0,2,6,1,4;0;20251
Memetic;14;data/FIS7-1.txt;7;1,6,2,0,3,5,4;0;20251
Memetic;15;data/FIS7-1.txt;7;4,1,6,2,0,3,5;0;20251
Memetic;16;data/FIS7-1.txt;7;1,3,0,2,6,5,4;0;20753
Memetic;17;data/FIS7-1.txt;7;5,4,1,6,2,0,3;0;20251
Memetic;18;data/FIS7-1.txt;7;5,4,1,6,2,0,3;0;20251
Memetic;19;data/FIS7-1.txt;7;0,2,4,5,1,6,3;0;22573
Memetic;20;data/FIS7-1.txt;7;3,0,2,4,5,6,1;0;23039
Memetic;21;data/FIS7-1.txt;7;3,0,2,6,4,1,5;0;23254
Memetic;22;data/FIS7-1.txt;7;1,6,3,0,2,4,5;0;22573
Memetic;23;data/FIS7-1.txt;7;0,2,6,1,4,5,3;0;20251
Memetic;24;data/FIS7-1.txt;7;3,1,4,5,6,2,0;0;20753
Memetic;25;data/FIS7-1.txt;7;0,2,6,4,1,5,3;0;23254
Memetic;26;data/FIS7-1.txt;7;0,2,5,3,4,1,6;0;24907
Memetic;27;data/FIS7-1.txt;7;3,0,2,4,5,6,1;0;23039
Memetic;28;data/FIS7-1.txt;7;4,5,3,0,2,6,1;0;20251
Memetic;29;data/FIS7-1.txt;7;0,1,4,5,3,6,2;0;23910
Memetic;30;data/FIS7-1.txt;7;2,5,4,1,6,3,0;0;21536
Memetic;1;data/FIS7-2.txt;7;4,3,0,1,2,5,6;0;11280
Memetic;2;data/FIS7-2.txt;7;0,2,1,3,4,6,5;0;8243
Memetic;3;data/FIS7-2.txt;7;5,6,0,4,2,1,3;0;10572
Memetic;4;data/FIS7-2.txt;7;4,3,1,2,0,5,6;0;8243
Memetic;5;data/FIS7-2.txt;7;1,0,3,5,6,4,2;0;8802
Memetic;6;data/FIS7-2.txt;7;4,2,1,0,3,5,6;0;8802
Memetic;7;data/FIS7-2.txt;7;5,0,2,1,3,4,6;0;8243
Memetic;8;data/FIS7-2.txt;7;1,3,4,6,5,0,2;0;8243
Memetic;9;data/FIS7-2.txt;7;5,0,2,1,3,4,6;0;8243
Memetic;10;data/FIS7-2.txt;7;1,3,4,6,5,0,2;0;8243
Memetic;11;data/FIS7-2.txt;7;1,2,0,5,6,4,3;0;8243
Memetic;12;data/FIS7-2.txt;7;4,3,0,1,2,5,6;0;11280
Memetic;13;data/FIS7-2.txt;7;0,3,4,6,5,2,1;0;11280
Memetic;14;data/FIS7-2.txt;7;5,0,2,1,3,4,6;0;8243
Memetic;15;data/FIS7-2.txt;7;6,4,0,2,1,3,5;0;10487
Memetic;16;data/FIS7-2.txt;7;3,0,1,2,4,6,5;0;8802
Memetic;17;data/FIS7-2.txt;7;4,3,0,1,2,5,6;0;11280
Memetic;18;data/FIS7-2.txt;7;3,4,6,5,2,1,0;0;11280
Memetic;19;data/FIS7-2.txt;7;1,3,4,6,5,0,2;0;8243
Memetic;20;data/FIS7-2.txt;7;1,2,0,4,6,5,3;0;10487
Memetic;21;data/FIS7-2.txt;7;2,1,3,5,6,0,4;0;10572
Memetic;22;data/FIS7-2.txt;7;4,3,0,1,2,5,6;0;11280
Memetic;23;data/FIS7-2.txt;7;2,1,0,3,5,6,4;0;8802
Memetic;24;data/FIS7-2.txt;7;1,2,4,0,6,5,3;0;10572
Memetic;25;data/FIS7-2.txt;7;4,3,0,1,2,5,6;0;11280
Memetic;26;data/FIS7-2.txt;7;0,2,1,3,4,6,5;0;8243
Memetic;27;data/FIS7-2.txt;7;1,0,3,5,6,4,2;0;8802
Memetic;28;data/FIS7-2.txt;7;2,1,3,5,6,0,4;0;10572
Memetic;29;data/FIS7-2.txt;7;3,0,1,2,4,6,5;0;8802
Memetic;30;data/FIS7-2.txt;7;6,5,0,2,1,3,4;0;8243
Memetic;1;data/FIS7-3.txt;7;0,6,1,2,5,3,4;0;19671
Memetic;2;data/FIS7-3.txt;7;0,6,1,2,5,3,4;0;19671
Memetic;3;data/FIS7-3.txt;7;4,0,3,5,2,1,6;0;22561
Memetic;4;data/FIS7-3.txt;7;1,0,3,6,4,5,2;0;20262
Memetic;5;data/FIS7-3.txt;7;2,1,6,0,4,3,5;0;19671
Memetic;6;data/FIS7-3.txt;7;6,1,3,0,2,5,4;0;19494
Memetic;7;data/FIS7-3.txt;7;1,0,4,6,3,5,2;0;21768
Memetic;8;data/FIS7-3.txt;7;0,2,5,4,6,1,3;0;19494
Memetic;9;data/FIS7-3.txt;7;2,0,3,1,6,4,5;0;19494
Memetic;10;data/FIS7-3.txt;7;3,0,4,6,1,2,5;0;22561
Memetic;11;data/FIS7-3.txt;7;4,0,1,2,5,3,6;0;21768
Memetic;12;data/FIS7-3.txt;7;0,2,5,4,6,1,3;0;19494
Memetic;13;data/FIS7-3.txt;7;2,5,4,6,1,3,0;0;19494
Memetic;14;data/FIS7-3.txt;7;0,1,2,5,3,6,4;0;21768
Memetic;15;data/FIS7-3.txt;7;0,4,3,5,2,1,6;0;19671
Memetic;16;data/FIS7-3.txt;7;0,4,3,5,2,1,6;0;19671
Memetic;17;data/FIS7-3.txt;7;4,6,1,2,5,3,0;0;22561
Memetic;18;data/FIS7-3.txt;7;4,0,1,2,5,3,6;0;21768
Memetic;19;data/FIS7-3.txt;7;3,0,1,2,5,4,6;0;20262
Memetic;20;data/FIS7-3.txt;7;2,1,0,3,6,4,5;0;20262
Memetic;21;data/FIS7-3.txt;7;3,0,2,5,4,6,1;0;19494
Memetic;22;data/FIS7-3.txt;7;2,5,4,6,1,3,0;0;19494
Memetic;23;data/FIS7-3.txt;7;4,6,1,3,0,2,5;0;19494
Memetic;24;data/FIS7-3.txt;7;6,1,3,0,2,5,4;0;19494
Memetic;25;data/FIS7-3.txt;7;3,0,2,5,4,6,1;0;19494
Memetic;26;data/FIS7-3.txt;7;6,4,5,2,1,0,3;0;20262
Memetic;27;data/FIS7-3.txt;7;0,2,5,4,6,1,3;0;19494
Memetic;28;data/FIS7-3.txt;7;6,4,5,2,0,3,1;0;19494
Memetic;29;data/FIS7-3.txt;7;2,0,3,1,6,4,5;0;19494
Memetic;30;data/FIS7-3.txt;7;4,0,1,2,5,3,6;0;21768
Memetic;1;data/FIS7-4.txt;7;2,5,0,1,3,4,6;0;24395
Memetic;2;data/FIS7-4.txt;7;2,5,0,1,3,4,6;0;24395
Memetic;3;data/FIS7-4.txt;7;2,5,0,1,3,4,6;0;24395
Memetic;4;data/FIS7-4.txt;7;2,5,0,1,3,4,6;0;24395
Memetic;5;data/FIS7-4.txt;7;2,5,0,1,3,4,6;0;24395
Memetic;6;data/FIS7-4.txt;7;2,5,0,1,3,4,6;0;24395
Memetic;7;data/FIS7-4.txt;7;1,3,4,6,2,5,0;0;24395
Memetic;8;data/FIS7-4.txt;7;0,5,2,6,4,3,1;0;24395
Memetic;9;data/FIS7-4.txt;7;2,5,0,1,3,4,6;0;24395
Memetic;10;data/FIS7-4.txt;7;2,5,0,1,3,4,6;0;24395
Memetic;11;data/FIS7-4.txt;7;5,0,1,3,4,6,2;0;24395
Memetic;12;data/FIS7-4.txt;7;2,5,0,1,3,4,6;0;24395
Memetic;13;data/FIS7-4.txt;7;2,5,0,1,3,4,6;0;24395
Memetic;14;data/FIS7-4.txt;7;2,5,0,1,3,4,6;0;24395
Memetic;15;data/FIS7-4.txt;7;2,5,0,1,3,4,6;0;24395
Memetic;16;data/FIS7-4.txt;7;2,5,0,1,3,4,6;0;24395
Memetic;17;data/FIS7-4.txt;7;0,1,3,4,6,2,5;0;24395
Memetic;18;data/FIS7-4.txt;7;2,5,0,1,3,4,6;0;24395
Memetic;19;data/FIS7-4.txt;7;1,3,4,6,2,5,0;0;24395
Memetic;20;data/FIS7-4.txt;7;2,5,0,1,3,4,6;0;24395
Memetic;21;data/FIS7-4.txt;7;2,5,0,1,3,4,6;0;24395
Memetic;22;data/FIS7-4.txt;7;2,5,0,1,3,4,6;0;24395
Memetic;23;data/FIS7-4.txt;7;2,5,0,1,3,4,6;0;24395
Memetic;24;data/FIS7-4.txt;7;2,5,0,1,3,4,6;0;24395
Memetic;25;data/FIS7-4.txt;7;2,5,0,1,3,4,6;0;24395
Memetic;26;data/FIS7-4.txt;7;2,5,0,1,3,4,6;0;24395
Memetic;27;data/FIS7-4.txt;7;2,5,0,1,3,4,6;0;24395
Memetic;28;data/FIS7-4.txt;7;3,1,0,5,2,6,4;0;24395
Memetic;29;data/FIS7-4.txt;7;2,5,0,1,3,4,6;0;24395
Memetic;30;data/FIS7-4.txt;7;4,6,2,5,0,1,3;0;24395
Memetic;1;data/FIS8-0.txt;8;2,5,7,4,0,1,6,3;0;25736
Memetic;2;data/FIS8-0.txt;8;4,0,2,1,7,5,3,6;0;24704
Memetic;3;data/FIS8-0.txt;8;5,7,1,2,6,4,0,3;0;20217
Memetic;4;data/FIS8-0.txt;8;4,6,1,5,2,3,0,7;0;21597
Memetic;5;data/FIS8-0.txt;8;0,1,6,2,3,5,7,4;0;22476
Memetic;6;data/FIS8-0.txt;8;0,7,5,1,4,6,2,3;0;23295
Memetic;7;data/FIS8-0.txt;8;0,3,2,6,7,5,1,4;0;24128
Memetic;8;data/FIS8-0.txt;8;1,0,2,5,3,6,4,7;0;23071
Memetic;9;data/FIS8-0.txt;8;1,7,0,3,2,5,4,6;0;21507
Memetic;10;data/FIS8-0.txt;8;4,7,1,0,3,5,2,6;0;20658
Memetic;11;data/FIS8-0.txt;8;3,5,7,4,0,1,6,2;0;22476
Memetic;12;data/FIS8-0.txt;8;1,3,5,0,7,4,6,2;0;25188
Memetic;13;data/FIS8-0.txt;8;5,1,0,3,2,6,4,7;0;21527
Memetic;14;data/FIS8-0.txt;8;7,0,3,5,2,4,6,1;0;23095
Memetic;15;data/FIS8-0.txt;8;3,0,7,1,6,2,4,5;0;24479
Memetic;16;data/FIS8-0.txt;8;0,3,2,6,1,5,7,4;0;21570
Memetic;17;data/FIS8-0.txt;8;5,3,0,4,7,1,6,2;0;22193
Memetic;18;data/FIS8-0.txt;8;5,2,6,4,1,7,0,3;0;20722
Memetic;19;data/FIS8-0.txt;8;7,4,0,3,5,2,6,1;0;22193
Memetic;20;data/FIS8-0.txt;8;4,6,1,7,0,3,2,5;0;21507
Memetic;21;data/FIS8-0.txt;8;7,1,5,4,6,2,3,0;0;20913
Memetic;22;data/FIS8-0.txt;8;2,6,4,7,1,0,5,3;0;24642
Memetic;23;data/FIS8-0.txt;8;3,0,4,7,5,2,1,6;0;23964
Memetic;24;data/FIS8-0.txt;8;7,0,3,5,2,6,4,1;0;20722
Memetic;25;data/FIS8-0.txt;8;0,3,2,6,4,7,5,1;0;21527
Memetic;26;data/FIS8-0.txt;8;0,7,1,4,2,5,3,6;0;26082
Memetic;27;data/FIS8-0.txt;8;1,7,4,6,2,5,3,0;0;20658
Memetic;28;data/FIS8-0.txt;8;0,3,5,4,6,2,1,7;0;20047
Memetic;29;data/FIS8-0.txt;8;3,0,4,6,2,1,7,5;0;20217
Memetic;30;data/FIS8-0.txt;8;1,6,2,4,7,5,3,0;0;24787
Memetic;1;data/FIS8-1.txt;8;4,5,1,6,7,3,0,2;0;22749
Memetic;2;data/FIS8-1.txt;8;6,2,4,5,1,7,3,0;0;21540
Memetic;3;data/FIS8-1.txt;8;6,7,0,3,4,5,1,2;0;21975
Memetic;4;data/FIS8-1.txt;8;4,3,0,7,2,6,1,5;0;22845
Memetic;5;data/FIS8-1.txt;8;4,5,1,2,6,0,3,7;0;21885
Memetic;6;data/FIS8-1.txt;8;1,2,6,7,0,3,4,5;0;21975
Memetic;7;data/FIS8-1.txt;8;3,0,7,1,2,6,5,4;0;18639
Memetic;8;data/FIS8-1.txt;8;6,2,1,7,0,3,4,5;0;18639
Memetic;9;data/FIS8-1.txt;8;0,3,4,5,1,7,2,6;0;21317
Memetic;10;data/FIS8-1.txt;8;3,0,1,2,4,5,6,7;0;25535
Memetic;11;data/FIS8-1.txt;8;6,3,0,7,1,4,5,2;0;20676
Memetic;12;data/FIS8-1.txt;8;2,1,7,0,3,4,5,6;0;18639
Memetic;13;data/FIS8-1.txt;8;6,3,0,2,4,5,1,7;0;22181
Memetic;14;data/FIS8-1.txt;8;5,4,1,7,0,3,6,2;0;20676
Memetic;15;data/FIS8-1.txt;8;7,0,3,4,5,2,6,1;0;22293
Memetic;16;data/FIS8-1.txt;8;4,5,7,0,3,6,1,2;0;22563
Memetic;17;data/FIS8-1.txt;8;5,4,2,6,0,3,7,1;0;21540
Memetic;18;data/FIS8-1.txt;8;4,3,0,6,2,7,1,5;0;21317
Memetic;19;data/FIS8-1.txt;8;5,4,2,1,7,0,3,6;0;17845
Memetic;20;data/FIS8-1.txt;8;1,2,4,3,0,7,5,6;0;21466
Memetic;21;data/FIS8-1.txt;8;2,4,3,0,7,5,6,1;0;21466
Memetic;22;data/FIS8-1.txt;8;0,3,4,5,1,7,2,6;0;21317
Memetic;23;data/FIS8-1.txt;8;0,3,4,5,6,2,1,7;0;18639
Memetic;24;data/FIS8-1.txt;8;1,2,4,3,0,7,5,6;0;21466
Memetic;25;data/FIS8-1.txt;8;2,1,6,3,0,7,5,4;0;22563
Memetic;26;data/FIS8-1.txt;8;6,7,3,0,5,4,2,1;0;25023
Memetic;27;data/FIS8-1.txt;8;0,6,2,1,5,4,7,3;0;21885
Memetic;28;data/FIS8-1.txt;8;4,7,3,0,6,2,1,5;0;21885
Memetic;29;data/FIS8-1.txt;8;0,6,2,1,4,5,7,3;0;24191
Memetic;30;data/FIS8-1.txt;8;1,5,4,7,3,0,6,2;0;21885
Memetic;1;data/FIS8-2.txt;8;5,6,1,2,0,3,4,7;0;23032
Memetic;2;data/FIS8-2.txt;8;4,0,3,5,2,7,6,1;0;27232
Memetic;3;data/FIS8-2.txt;8;0,4,2,6,7,5,1,3;0;24536
Memetic;4;data/FIS8-2.txt;8;0,3,1,6,5,2,7,4;0;18321
Memetic;5;data/FIS8-2.txt;8;0,4,7,2,5,6,1,3;0;18321
Memetic;6;data/FIS8-2.txt;8;2,3,4,0,1,6,5,7;0;24877
Memetic;7;data/FIS8-2.txt;8;2,6,1,3,0,4,7,5;0;23877
Memetic;8;data/FIS8-2.txt;8;7,1,3,0,4,2,5,6;0;20204
Memetic;9;data/FIS8-2.txt;8;4,0,3,1,5,6,7,2;0;20100
Memetic;10;data/FIS8-2.txt;8;3,0,5,6,1,2,7,4;0;25010
Memetic;11;data/FIS8-2.txt;8;7,2,4,0,3,5,6,1;0;23936
Memetic;12;data/FIS8-2.txt;8;4,1,6,5,3,0,7,2;0;24957
Memetic;13;data/FIS8-2.txt;8;0,3,1,6,5,7,4,2;0;22252
Memetic;14;data/FIS8-2.txt;8;0,7,5,2,4,6,1,3;0;24402
Memetic;15;data/FIS8-2.txt;8;3,2,4,1,6,5,7,0;0;26733
Memetic;16;data/FIS8-2.txt;8;1,3,4,0,2,7,5,6;0;24347
Memetic;17;data/FIS8-2.txt;8;1,3,0,5,7,2,4,6;0;24256
Memetic;18;data/FIS8-2.txt;8;0,3,6,1,5,7,2,4;0;23542
Memetic;19;data/FIS8-2.txt;8;2,0,4,3,1,6,5,7;0;24347
Memetic;20;data/FIS8-2.txt;8;6,5,7,1,3,0,4,2;0;19566
Memetic;21;data/FIS8-2.txt;8;3,1,6,5,2,4,7,0;0;20212
Memetic;22;data/FIS8-2.txt;8;0,4,3,1,6,5,7,2;0;24347
Memetic;23;data/FIS8-2.txt;8;1,6,4,2,7,5,0,3;0;24256
Memetic;24;data/FIS8-2.txt;8;1,2,7,4,0,3,5,6;0;21556
Memetic;25;data/FIS8-2.txt;8;3,0,4,2,5,6,7,1;0;20204
Memetic;26;data/FIS8-2.txt;8;6,1,3,0,4,2,5,7;0;17726
Memetic;27;data/FIS8-2.txt;8;4,0,1,6,5,7,2,3;0;24877
Memetic;28;data/FIS8-2.txt;8;3,1,6,5,7,4,2,0;0;22252
Memetic;29;data/FIS8-2.txt;8;4,0,3,1,7,6,5,2;0;20204
Memetic;30;data/FIS8-2.txt;8;1,0,4,7,2,3,5,6;0;24748
Memetic;1;data/FIS8-3.txt;8;0,4,1,3,2,5,6,7;0;22729
Memetic;2;data/FIS8-3.txt;8;7,0,1,4,3,2,5,6;0;19017
Memetic;3;data/FIS8-3.txt;8;0,2,1,4,3,5,7,6;0;20074
Memetic;4;data/FIS8-3.txt;8;2,1,4,3,6,0,7,5;0;20744
Memetic;5;data/FIS8-3.txt;8;6,7,0,3,4,1,2,5;0;18138
Memetic;6;data/FIS8-3.txt;8;0,6,7,5,2,1,4,3;0;15018
Memetic;7;data/FIS8-3.txt;8;3,0,6,7,5,4,1,2;0;20772
Memetic;8;data/FIS8-3.txt;8;7,1,0,6,4,3,2,5;0;21697
Memetic;9;data/FIS8-3.txt;8;3,0,1,4,6,7,5,2;0;21453
Memetic;10;data/FIS8-3.txt;8;2,3,4,1,0,7,6,5;0;19017
Memetic;11;data/FIS8-3.txt;8;5,7,6,3,4,1,0,2;0;21065
Memetic;12;data/FIS8-3.txt;8;1,2,0,6,7,5,3,4;0;20074
Memetic;13;data/FIS8-3.txt;8;0,4,3,2,5,6,7,1;0;18327
Memetic;14;data/FIS8-3.txt;8;6,4,1,7,5,2,3,0;0;21252
Memetic;15;data/FIS8-3.txt;8;6,0,3,4,2,1,5,7;0;22160
Memetic;16;data/FIS8-3.txt;8;1,0,4,3,2,5,6,7;0;18327
Memetic;17;data/FIS8-3.txt;8;7,6,0,4,3,2,1,5;0;21300
Memetic;18;data/FIS8-3.txt;8;2,1,4,7,6,0,3,5;0;20973
Memetic;19;data/FIS8-3.txt;8;3,5,2,1,4,7,6,0;0;20973
Memetic;20;data/FIS8-3.txt;8;5,2,1,3,4,0,6,7;0;20304
Memetic;21;data/FIS8-3.txt;8;2,3,0,1,4,6,7,5;0;21453
Memetic;22;data/FIS8-3.txt;8;4,0,6,2,1,7,5,3;0;22389
Memetic;23;data/FIS8-3.txt;8;7,1,0,2,5,3,4,6;0;22918
Memetic;24;data/FIS8-3.txt;8;4,3,6,7,5,2,0,1;0;21065
Memetic;25;data/FIS8-3.txt;8;6,7,1,2,5,3,4,0;0;16111
Memetic;26;data/FIS8-3.txt;8;4,1,3,2,5,7,6,0;0;19609
Memetic;27;data/FIS8-3.txt;8;4,1,3,2,5,7,0,6;0;22763
Memetic;28;data/FIS8-3.txt;8;4,1,0,3,2,5,7,6;0;21453
Memetic;29;data/FIS8-3.txt;8;4,1,2,5,6,7,0,3;0;18138
Memetic;30;data/FIS8-3.txt;8;5,2,1,7,6,0,4,3;0;16111
Memetic;1;data/FIS8-4.txt;8;5,2,3,0,7,6,4,1;0;23001
Memetic;2;data/FIS8-4.txt;8;0,1,3,4,6,5,2,7;0;21439
Memetic;3;data/FIS8-4.txt;8;3,7,5,2,4,6,1,0;0;22053
Memetic;4;data/FIS8-4.txt;8;6,4,2,5,0,1,3,7;0;20733
Memetic;5;data/FIS8-4.txt;8;6,4,2,5,0,3,7,1;0;21535
Memetic;6;data/FIS8-4.txt;8;2,5,0,7,3,1,6,4;0;20947
Memetic;7;data/FIS8-4.txt;8;6,4,2,3,7,5,0,1;0;23080
Memetic;8;data/FIS8-4.txt;8;0,5,6,4,2,7,3,1;0;21383
Memetic;9;data/FIS8-4.txt;8;0,3,7,1,6,4,2,5;0;21535
Memetic;10;data/FIS8-4.txt;8;7,1,3,4,6,5,2,0;0;23294
Memetic;11;data/FIS8-4.txt;8;4,2,5,0,3,7,1,6;0;21535
Memetic;12;data/FIS8-4.txt;8;3,0,2,5,1,4,6,7;0;23588
Memetic;13;data/FIS8-4.txt;8;3,1,0,5,2,4,6,7;0;20733
Memetic;14;data/FIS8-4.txt;8;0,7,2,3,1,6,4,5;0;21617
Memetic;15;data/FIS8-4.txt;8;0,7,3,1,5,6,4,2;0;20972
Memetic;16;data/FIS8-4.txt;8;2,5,0,1,3,7,6,4;0;20733
Memetic;17;data/FIS8-4.txt;8;0,5,6,4,2,3,1,7;0;20124
Memetic;18;data/FIS8-4.txt;8;4,2,0,5,1,3,7,6;0;22339
Memetic;19;data/FIS8-4.txt;8;5,2,4,3,7,0,1,6;0;22031
Memetic;20;data/FIS8-4.txt;8;7,0,1,3,2,5,6,4;0;23320
Memetic;21;data/FIS8-4.txt;8;7,0,3,2,5,6,4,1;0;20891
Memetic;22;data/FIS8-4.txt;8;1,5,6,4,2,0,7,3;0;20972
Memetic;23;data/FIS8-4.txt;8;0,1,3,2,4,6,5,7;0;20010
Memetic;24;data/FIS8-4.txt;8;4,6,7,3,0,1,5,2;0;23439
Memetic;25;data/FIS8-4.txt;8;3,0,7,1,4,6,5,2;0;20891
Memetic;26;data/FIS8-4.txt;8;5,6,4,1,7,0,3,2;0;20891
Memetic;27;data/FIS8-4.txt;8;1,2,7,0,5,6,4,3;0;20881
Memetic;28;data/FIS8-4.txt;8;1,3,4,6,7,0,5,2;0;23462
Memetic;29;data/FIS8-4.txt;8;3,1,0,5,2,4,6,7;0;20733
Memetic;30;data/FIS8-4.txt;8;5,7,0,1,3,2,4,6;0;20010
Memetic;1;data/FIS9-0.txt;9;6,1,0,8,7,2,3,4,5;0;22863
Memetic;2;data/FIS9-0.txt;9;0,4,2,7,8,3,1,6,5;0;24365
Memetic;3;data/FIS9-0.txt;9;6,1,0,2,3,4,5,7,8;0;28358
Memetic;4;data/FIS9-0.txt;9;5,4,0,3,1,2,8,7,6;0;27582
Memetic;5;data/FIS9-0.txt;9;8,7,6,0,4,5,1,3,2;0;21699
Memetic;6;data/FIS9-0.txt;9;0,5,7,2,8,6,1,3,4;0;26947
Memetic;7;data/FIS9-0.txt;9;0,2,7,5,4,3,1,6,8;0;24087
Memetic;8;data/FIS9-0.txt;9;6,5,4,0,2,3,1,7,8;0;27683
Memetic;9;data/FIS9-0.txt;9;6,1,3,0,4,8,2,7,5;0;24633
Memetic;10;data/FIS9-0.txt;9;7,8,6,1,3,5,0,4,2;0;25607
Memetic;11;data/FIS9-0.txt;9;6,1,0,2,3,4,5,7,8;0;28358
Memetic;12;data/FIS9-0.txt;9;3,0,4,5,1,6,8,7,2;0;24553
Memetic;13;data/FIS9-0.txt;9;8,7,2,3,1,0,4,5,6;0;26062
Memetic;14;data/FIS9-0.txt;9;1,5,7,2,4,0,8,3,6;0;27123
Memetic;15;data/FIS9-0.txt;9;6,1,5,0,4,2,3,8,7;0;26576
Memetic;16;data/FIS9-0.txt;9;6,1,0,2,3,4,5,7,8;0;28358
Memetic;17;data/FIS9-0.txt;9;6,1,2,7,5,4,0,3,8;0;26172
Memetic;18;data/FIS9-0.txt;9;6,1,0,2,3,4,5,7,8;0;28358
Memetic;19;data/FIS9-0.txt;9;0,6,1,3,2,7,8,5,4;0;26007
Memetic;20;data/FIS9-0.txt;9;6,1,0,2,3,4,5,7,8;0;28358
Memetic;21;data/FIS9-0.txt;9;6,1,0,2,3,4,5,7,8;0;28358
Memetic;22;data/FIS9-0.txt;9;0,4,5,6,7,1,3,2,8;0;27079
Memetic;23;data/FIS9-0.txt;9;4,0,1,6,3,8,2,7,5;0;23187
Memetic;24;data/FIS9-0.txt;9;5,4,0,2,1,6,7,8,3;0;27735
Memetic;25;data/FIS9-0.txt;9;6,1,3,8,0,4,2,7,5;0;25680
Memetic;26;data/FIS9-0.txt;9;6,1,5,0,4,2,7,8,3;0;26582
Memetic;27;data/FIS9-0.txt;9;6,1,0,2,3,4,5,7,8;0;28358
Memetic;28;data/FIS9-0.txt;9;0,1,6,7,2,3,4,5,8;0;24798
Memetic;29;data/FIS9-0.txt;9;0,4,2,7,5,6,1,3,8;0;25680
Memetic;30;data/FIS9-0.txt;9;6,1,0,2,3,4,5,7,8;0;28358
Memetic;1;data/FIS9-1.txt;9;8,7,2,6,0,3,1,5,4;0;31596
Memetic;2;data/FIS9-1.txt;9;0,3,1,8,4,5,2,7,6;0;30826
Memetic;3;data/FIS9-1.txt;9;3,4,0,6,7,2,5,1,8;0;30235
Memetic;4;data/FIS9-1.txt;9;5,1,3,8,6,7,2,4,0;0;31755
Memetic;5;data/FIS9-1.txt;9;5,2,3,0,6,1,8,7,4;0;29436
Memetic;6;data/FIS9-1.txt;9;1,7,5,2,8,4,6,0,3;0;27944
Memetic;7;data/FIS9-1.txt;9;5,2,3,1,0,6,8,7,4;0;31029
Memetic;8;data/FIS9-1.txt;9;3,0,5,2,7,8,4,6,1;0;32530
Memetic;9;data/FIS9-1.txt;9;1,7,6,8,2,5,0,4,3;0;28001
Memetic;10;data/FIS9-1.txt;9;0,5,2,7,8,4,6,1,3;0;32530
Memetic;11;data/FIS9-1.txt;9;5,4,0,3,2,8,6,1,7;0;28929
Memetic;12;data/FIS9-1.txt;9;4,0,6,1,7,8,3,2,5;0;28749
Memetic;13;data/FIS9-1.txt;9;2,5,1,3,8,4,0,6,7;0;31203
Memetic;14;data/FIS9-1.txt;9;1,8,3,0,6,4,7,2,5;0;33323
Memetic;15;data/FIS9-1.txt;9;5,4,0,3,6,1,8,7,2;0;31472
Memetic;16;data/FIS9-1.txt;9;7,5,8,6,0,4,1,3,2;0;31406
Memetic;17;data/FIS9-1.txt;9;2,8,4,5,1,7,6,0,3;0;29786
Memetic;18;data/FIS9-1.txt;9;7,8,1,3,2,5,4,0,6;0;30668
Memetic;19;data/FIS9-1.txt;9;2,3,0,4,5,8,1,6,7;0;31550
Memetic;20;data/FIS9-1.txt;9;0,6,2,7,5,8,1,3,4;0;30554
Memetic;21;data/FIS9-1.txt;9;4,2,3,0,6,8,7,1,5;0;31057
Memetic;22;data/FIS9-1.txt;9;1,3,2,8,6,7,0,4,5;0;28408
Memetic;23;data/FIS9-1.txt;9;3,2,7,5,1,8,4,6,0;0;27468
Memetic;24;data/FIS9-1.txt;9;4,5,1,6,0,3,2,7,8;0;29828
Memetic;25;data/FIS9-1.txt;9;7,1,3,0,6,4,5,2,8;0;29818
Memetic;26;data/FIS9-1.txt;9;2,5,3,4,0,6,1,8,7;0;28662
Memetic;27;data/FIS9-1.txt;9;7,4,5,2,3,1,0,6,8;0;31029
Memetic;28;data/FIS9-1.txt;9;1,6,4,0,3,2,8,5,7;0;29415
Memetic;29;data/FIS9-1.txt;9;8,2,5,1,3,4,0,7,6;0;29685
Memetic;30;data/FIS9-1.txt;9;3,1,0,4,8,6,7,5,2;0;31171
Memetic;1;data/FIS9-2.txt;9;6,3,0,1,2,4,5,7,8;0;34913
Memetic;2;data/FIS9-2.txt;9;6,3,0,1,2,4,5,7,8;0;34913
Memetic;3;data/FIS9-2.txt;9;6,3,0,1,2,4,5,7,8;0;34913
Memetic;4;data/FIS9-2.txt;9;6,3,0,1,2,4,5,7,8;0;34913
Memetic;5;data/FIS9-2.txt;9;5,7,0,2,3,8,6,4,1;0;33011
Memetic;6;data/FIS9-2.txt;9;0,1,2,3,4,6,8,5,7;0;29485
Memetic;7;data/FIS9-2.txt;9;4,1,2,3,0,7,5,8,6;0;33400
Memetic;8;data/FIS9-2.txt;9;0,2,1,6,8,3,4,5,7;0;31959
Memetic;9;data/FIS9-2.txt;9;6,3,0,1,2,4,5,7,8;0;34913
Memetic;10;data/FIS9-2.txt;9;0,2,1,6,4,3,8,5,7;0;30419
Memetic;11;data/FIS9-2.txt;9;6,3,0,1,2,4,5,7,8;0;34913
Memetic;12;data/FIS9-2.txt;9;5,7,0,3,4,6,1,2,8;0;33596
Memetic;13;data/FIS9-2.txt;9;5,1,6,4,0,3,8,7,2;0;34742
Memetic;14;data/FIS9-2.txt;9;6,3,0,1,2,4,5,7,8;0;34913
Memetic;15;data/FIS9-2.txt;9;1,2,3,6,4,0,7,5,8;0;33694
Memetic;16;data/FIS9-2.txt;9;7,0,1,8,6,3,2,4,5;0;34671
Memetic;17;data/FIS9-2.txt;9;7,0,1,2,4,3,6,8,5;0;33367
Memetic;18;data/FIS9-2.txt;9;0,3,4,6,1,5,2,7,8;0;31542
Memetic;19;data/FIS9-2.txt;9;0,2,1,6,4,5,7,3,8;0;34162
Memetic;20;data/FIS9-2.txt;9;6,3,0,1,2,4,5,7,8;0;34913
Memetic;21;data/FIS9-2.txt;9;6,3,0,1,2,4,5,7,8;0;34913
Memetic;22;data/FIS9-2.txt;9;6,3,0,1,2,4,5,7,8;0;34913
Memetic;23;data/FIS9-2.txt;9;1,2,0,7,5,4,3,8,6;0;31959
Memetic;24;data/FIS9-2.txt;9;6,3,0,1,2,4,5,7,8;0;34913
Memetic;25;data/FIS9-2.txt;9;6,3,0,1,2,4,5,7,8;0;34913
Memetic;26;data/FIS9-2.txt;9;1,3,0,2,4,5,7,8,6;0;34059
Memetic;27;data/FIS9-2.txt;9;2,3,8,4,6,1,5,7,0;0;31422
Memetic;28;data/FIS9-2.txt;9;5,7,0,1,2,4,6,8,3;0;33165
Memetic;29;data/FIS9-2.txt;9;8,7,0,2,5,1,6,4,3;0;31787
Memetic;30;data/FIS9-2.txt;9;8,6,1,4,3,2,0,7,5;0;33735
Memetic;1;data/FIS9-3.txt;9;2,4,0,1,3,5,6,7,8;0;22739
Memetic;2;data/FIS9-3.txt;9;2,4,0,1,3,5,6,7,8;0;22739
Memetic;3;data/FIS9-3.txt;9;2,4,0,1,3,5,6,7,8;0;22739
Memetic;4;data/FIS9-3.txt;9;2,4,0,1,3,5,6,7,8;0;22739
Memetic;5;data/FIS9-3.txt;9;3,5,1,0,7,2,6,4,8;0;21520
Memetic;6;data/FIS9-3.txt;9;7,0,1,5,3,8,4,6,2;0;21520
Memetic;7;data/FIS9-3.txt;9;2,4,0,1,3,5,6,7,8;0;22739
Memetic;8;data/FIS9-3.txt;9;2,4,0,1,3,5,6,7,8;0;22739
Memetic;9;data/FIS9-3.txt;9;2,4,0,1,3,5,6,7,8;0;22739
Memetic;10;data/FIS9-3.txt;9;2,4,0,1,3,5,6,7,8;0;22739
Memetic;11;data/FIS9-3.txt;9;2,4,0,1,3,5,6,7,8;0;22739
Memetic;12;data/FIS9-3.txt;9;2,4,0,1,3,5,6,7,8;0;22739
Memetic;13;data/FIS9-3.txt;9;2,4,0,1,3,5,6,7,8;0;22739
Memetic;14;data/FIS9-3.txt;9;2,4,0,1,3,5,6,7,8;0;22739
Memetic;15;data/FIS9-3.txt;9;2,4,0,1,3,5,6,7,8;0;22739
Memetic;16;data/FIS9-3.txt;9;2,4,0,1,3,5,6,7,8;0;22739
Memetic;17;data/FIS9-3.txt;9;2,4,0,1,3,5,6,7,8;0;22739
Memetic;18;data/FIS9-3.txt;9;2,4,0,1,3,5,6,7,8;0;22739
Memetic;19;data/FIS9-3.txt;9;2,4,0,1,3,5,6,7,8;0;22739
Memetic;20;data/FIS9-3.txt;9;2,3,5,6,7,0,1,8,4;0;20746
Memetic;21;data/FIS9-3.txt;9;2,4,0,1,3,5,6,7,8;0;22739
Memetic;22;data/FIS9-3.txt;9;2,4,0,1,3,5,6,7,8;0;22739
Memetic;23;data/FIS9-3.txt;9;2,4,0,1,3,5,6,7,8;0;22739
Memetic;24;data/FIS9-3.txt;9;0,7,2,3,5,6,8,1,4;0;20932
Memetic;25;data/FIS9-3.txt;9;2,4,0,1,3,5,6,7,8;0;22739
Memetic;26;data/FIS9-3.txt;9;2,4,0,1,3,5,6,7,8;0;22739
Memetic;27;data/FIS9-3.txt;9;2,4,0,1,3,5,6,7,8;0;22739
Memetic;28;data/FIS9-3.txt;9;2,4,0,1,3,5,6,7,8;0;22739
Memetic;29;data/FIS9-3.txt;9;2,4,0,1,3,5,6,7,8;0;22739
Memetic;30;data/FIS9-3.txt;9;3,2,0,7,1,8,4,6,5;0;21011
Memetic;1;data/FIS9-4.txt;9;6,8,4,3,0,5,2,7,1;0;27197
Memetic;2;data/FIS9-4.txt;9;2,4,1,3,0,5,8,6,7;0;22879
Memetic;3;data/FIS9-4.txt;9;2,4,1,5,0,3,8,6,7;0;26417
Memetic;4;data/FIS9-4.txt;9;7,2,1,4,5,0,3,8,6;0;23083
Memetic;5;data/FIS9-4.txt;9;6,8,3,4,7,1,0,5,2;0;26646
Memetic;6;data/FIS9-4.txt;9;1,2,7,0,6,3,8,5,4;0;27398
Memetic;7;data/FIS9-4.txt;9;0,1,4,6,2,7,5,8,3;0;25418
Memetic;8;data/FIS9-4.txt;9;3,1,4,5,8,6,0,7,2;0;28495
Memetic;9;data/FIS9-4.txt;9;4,1,0,5,8,3,2,7,6;0;24625
Memetic;10;data/FIS9-4.txt;9;0,3,4,2,7,1,6,8,5;0;25954
Memetic;11;data/FIS9-4.txt;9;5,7,1,4,8,3,6,2,0;0;26433
Memetic;12;data/FIS9-4.txt;9;1,0,5,8,6,2,4,7,3;0;27597
Memetic;13;data/FIS9-4.txt;9;2,6,7,1,3,8,4,0,5;0;27550
Memetic;14;data/FIS9-4.txt;9;6,5,0,3,8,4,1,7,2;0;25478
Memetic;15;data/FIS9-4.txt;9;5,8,0,7,3,6,2,1,4;0;29916
Memetic;16;data/FIS9-4.txt;9;3,0,5,8,6,4,1,7,2;0;24332
Memetic;17;data/FIS9-4.txt;9;8,6,2,3,1,7,0,4,5;0;26923
Memetic;18;data/FIS9-4.txt;9;8,5,0,4,7,1,2,6,3;0;26896
Memetic;19;data/FIS9-4.txt;9;7,5,4,1,3,8,6,2,0;0;28158
Memetic;20;data/FIS9-4.txt;9;0,3,2,4,6,8,1,7,5;0;29450
Memetic;21;data/FIS9-4.txt;9;4,1,3,8,6,2,7,5,0;0;23969
Memetic;22;data/FIS9-4.txt;9;7,2,6,4,0,5,8,3,1;0;27045
Memetic;23;data/FIS9-4.txt;9;6,2,7,3,0,5,8,4,1;0;30243
Memetic;24;data/FIS9-4.txt;9;0,5,2,7,3,6,8,4,1;0;29864
Memetic;25;data/FIS9-4.txt;9;0,3,1,4,5,8,6,2,7;0;22981
Memetic;26;data/FIS9-4.txt;9;3,0,7,2,6,1,4,5,8;0;25097
Memetic;27;data/FIS9-4.txt;9;0,5,2,6,3,8,4,1,7;0;23479
Memetic;28;data/FIS9-4.txt;9;7,5,0,3,1,4,8,6,2;0;26705
Memetic;29;data/FIS9-4.txt;9;8,4,1,0,5,2,6,3,7;0;28719
Memetic;30;data/FIS9-4.txt;9;0,1,4,6,8,3,7,2,5;0;26873
Memetic;1;data/FIS10-0.txt;10;5,6,7,1,4,2,9,8,3,0;0;34510
Memetic;2;data/FIS10-0.txt;10;1,8,0,6,2,4,5,9,3,7;0;32104
Memetic;3;data/FIS10-0.txt;10;0,4,2,8,6,7,5,1,9,3;0;29258
Memetic;4;data/FIS10-0.txt;10;0,2,4,6,8,5,9,1,7,3;0;30532
Memetic;5;data/FIS10-0.txt;10;7,1,4,2,0,9,5,8,3,6;0;34568
Memetic;6;data/FIS10-0.txt;10;2,4,6,0,5,7,1,3,8,9;0;32647
Memetic;7;data/FIS10-0.txt;10;0,6,2,4,5,7,8,3,9,1;0;28304
Memetic;8;data/FIS10-0.txt;10;0,7,2,1,4,6,8,3,9,5;0;34260
Memetic;9;data/FIS10-0.txt;10;7,5,0,1,9,4,3,2,8,6;0;31662
Memetic;10;data/FIS10-0.txt;10;1,9,5,0,3,2,4,8,6,7;0;33534
Memetic;11;data/FIS10-0.txt;10;9,1,5,3,4,2,8,6,7,0;0;32666
Memetic;12;data/FIS10-0.txt;10;9,0,3,4,2,1,7,6,8,5;0;32210
Memetic;13;data/FIS10-0.txt;10;1,0,3,8,6,7,5,9,2,4;0;24017
Memetic;14;data/FIS10-0.txt;10;8,0,5,1,9,3,2,4,7,6;0;32024
Memetic;15;data/FIS10-0.txt;10;3,0,9,5,7,1,4,2,6,8;0;30184
Memetic;16;data/FIS10-0.txt;10;0,7,3,8,6,2,4,5,9,1;0;26313
Memetic;17;data/FIS10-0.txt;10;3,9,1,6,2,4,8,7,5,0;0;34573
Memetic;18;data/FIS10-0.txt;10;9,1,0,8,6,7,3,2,4,5;0;33452
Memetic;19;data/FIS10-0.txt;10;6,8,1,0,3,9,5,4,2,7;0;30319
Memetic;20;data/FIS10-0.txt;10;8,0,9,5,3,4,6,7,1,2;0;34051
Memetic;21;data/FIS10-0.txt;10;5,4,1,0,3,9,2,6,8,7;0;28085
Memetic;22;data/FIS10-0.txt;10;4,3,8,6,7,1,5,0,9,2;0;25450
Memetic;23;data/FIS10-0.txt;10;9,8,2,4,6,0,1,7,3,5;0;33569
Memetic;24;data/FIS10-0.txt;10;5,0,9,4,1,7,6,8,2,3;0;31928
Memetic;25;data/FIS10-0.txt;10;8,6,2,4,5,7,0,9,1,3;0;30085
Memetic;26;data/FIS10-0.txt;10;2,6,9,1,0,3,8,7,5,4;0;29504
Memetic;27;data/FIS10-0.txt;10;5,9,1,0,7,6,2,4,3,8;0;28470
Memetic;28;data/FIS10-0.txt;10;5,0,7,6,8,2,4,1,9,3;0;27512
Memetic;29;data/FIS10-0.txt;10;4,6,2,9,5,0,8,3,7,1;0;33726
Memetic;30;data/FIS10-0.txt;10;3,5,4,9,2,8,6,7,1,0;0;33497
Memetic;1;data/FIS10-1.txt;10;6,4,3,2,8,1,7,5,0,9;0;34790
Memetic;2;data/FIS10-1.txt;10;8,7,1,9,0,4,2,6,5,3;0;31628
Memetic;3;data/FIS10-1.txt;10;6,1,0,2,5,3,8,4,9,7;0;29792
Memetic;4;data/FIS10-1.txt;10;8,6,3,4,7,1,9,5,2,0;0;35188
Memetic;5;data/FIS10-1.txt;10;4,6,8,3,5,2,0,7,1,9;0;33744
Memetic;6;data/FIS10-1.txt;10;6,4,0,9,1,7,2,5,3,8;0;28976
Memetic;7;data/FIS10-1.txt;10;0,1,8,3,5,2,4,6,7,9;0;30316
Memetic;8;data/FIS10-1.txt;10;3,0,7,2,8,1,5,4,9,6;0;34331
Memetic;9;data/FIS10-1.txt;10;2,0,4,5,3,8,6,9,1,7;0;31007
Memetic;10;data/FIS10-1.txt;10;0,2,5,3,8,6,9,4,1,7;0;28666
Memetic;11;data/FIS10-1.txt;10;3,8,6,1,7,2,0,4,9,5;0;32249
Memetic;12;data/FIS10-1.txt;10;0,1,7,2,4,3,5,8,6,9;0;33813
Memetic;13;data/FIS10-1.txt;10;2,5,3,4,0,9,6,8,1,7;0;29885
Memetic;14;data/FIS10-1.txt;10;1,7,8,6,4,0,3,2,5,9;0;29195
Memetic;15;data/FIS10-1.txt;10;4,0,9,5,7,1,6,2,3,8;0;35167
Memetic;16;data/FIS10-1.txt;10;2,4,6,8,0,9,7,1,3,5;0;33869
Memetic;17;data/FIS10-1.txt;10;4,8,0,2,1,7,5,3,6,9;0;31980
Memetic;18;data/FIS10-1.txt;10;2,3,0,4,9,7,1,8,6,5;0;31627
Memetic;19;data/FIS10-1.txt;10;6,5,2,4,0,3,1,7,8,9;0;34703
Memetic;20;data/FIS10-1.txt;10;9,0,3,8,6,2,5,7,1,4;0;33610
Memetic;21;data/FIS10-1.txt;10;1,8,6,2,4,0,9,3,5,7;0;31238
Memetic;22;data/FIS10-1.txt;10;6,2,3,0,7,5,1,8,4,9;0;30357
Memetic;23;data/FIS10-1.txt;10;1,2,5,0,4,9,6,8,3,7;0;30334
Memetic;24;data/FIS10-1.txt;10;3,5,7,9,4,0,2,1,6,8;0;37247
Memetic;25;data/FIS10-1.txt;10;0,8,3,4,9,6,1,2,5,7;0;35956
Memetic;26;data/FIS10-1.txt;10;0,7,1,2,5,4,9,6,8,3;0;26975
Memetic;27;data/FIS10-1.txt;10;6,3,2,5,7,0,1,8,4,9;0;30779
Memetic;28;data/FIS10-1.txt;10;4,9,6,2,5,0,3,8,1,7;0;31915
Memetic;29;data/FIS10-1.txt;10;9,2,4,0,3,5,7,1,6,8;0;34796
Memetic;30;data/FIS10-1.txt;10;6,4,0,1,7,2,5,3,8,9;0;31602
Memetic;1;data/FIS10-2.txt;10;2,3,0,5,1,4,7,6,8,9;0;35787
Memetic;2;data/FIS10-2.txt;10;1,3,0,4,8,9,2,6,7,5;0;28176
Memetic;3;data/FIS10-2.txt;10;1,3,2,4,8,9,7,5,0,6;0;33231
Memetic;4;data/FIS10-2.txt;10;8,4,6,7,0,1,5,2,3,9;0;37504
Memetic;5;data/FIS10-2.txt;10;1,3,0,6,5,7,4,8,9,2;0;30336
Memetic;6;data/FIS10-2.txt;10;1,6,5,7,9,2,8,4,3,0;0;32145
Memetic;7;data/FIS10-2.txt;10;4,0,7,8,3,9,2,1,5,6;0;34732
Memetic;8;data/FIS10-2.txt;10;1,5,0,6,7,4,3,9,2,8;0;36577
Memetic;9;data/FIS10-2.txt;10;5,1,0,4,2,3,8,6,9,7;0;34373
Memetic;10;data/FIS10-2.txt;10;4,8,9,5,6,2,3,1,0,7;0;30932
Memetic;11;data/FIS10-2.txt;10;7,5,1,3,9,2,0,6,8,4;0;30292
Memetic;12;data/FIS10-2.txt;10;5,9,2,3,0,1,8,7,4,6;0;35969
Memetic;13;data/FIS10-2.txt;10;0,5,1,6,2,4,8,7,9,3;0;33436
Memetic;14;data/FIS10-2.txt;10;3,6,2,9,4,0,1,5,7,8;0;35536
Memetic;15;data/FIS10-2.txt;10;4,0,3,2,9,7,8,5,1,6;0;32448
Memetic;16;data/FIS10-2.txt;10;6,0,1,2,9,3,4,8,7,5;0;31619
Memetic;17;data/FIS10-2.txt;10;6,0,1,3,9,2,4,8,7,5;0;30553
Memetic;18;data/FIS10-2.txt;10;8,6,7,4,2,5,1,0,3,9;0;37184
Memetic;19;data/FIS10-2.txt;10;1,8,4,7,2,6,9,3,0,5;0;32402
Memetic;20;data/FIS10-2.txt;10;3,2,6,4,0,1,5,9,7,8;0;30544
Memetic;21;data/FIS10-2.txt;10;4,0,2,9,3,1,5,7,8,6;0;30129
Memetic;22;data/FIS10-2.txt;10;6,4,5,1,0,3,8,9,7,2;0;34368
Memetic;23;data/FIS10-2.txt;10;9,3,1,0,6,4,8,7,5,2;0;32185
Memetic;24;data/FIS10-2.txt;10;2,3,8,6,7,5,1,0,4,9;0;32292
Memetic;25;data/FIS10-2.txt;10;0,3,2,7,4,8,6,9,5,1;0;29674
Memetic;26;data/FIS10-2.txt;10;0,1,2,6,9,3,5,7,8,4;0;30933
Memetic;27;data/FIS10-2.txt;10;5,1,0,2,6,3,9,8,4,7;0;35543
Memetic;28;data/FIS10-2.txt;10;4,0,1,5,2,9,3,7,8,6;0;35714
Memetic;29;data/FIS10-2.txt;10;7,9,8,5,1,0,3,2,6,4;0;30098
Memetic;30;data/FIS10-2.txt;10;0,1,3,2,5,7,6,9,8,4;0;31192
Memetic;1;data/FIS10-3.txt;10;3,9,4,7,1,5,6,8,0,2;0;33933
Memetic;2;data/FIS10-3.txt;10;3,5,9,6,1,7,8,0,2,4;0;33101
Memetic;3;data/FIS10-3.txt;10;4,8,0,7,2,1,5,9,3,6;0;28415
Memetic;4;data/FIS10-3.txt;10;0,1,6,3,2,4,7,9,5,8;0;35220
Memetic;5;data/FIS10-3.txt;10;8,3,9,1,0,5,2,7,4,6;0;34513
Memetic;6;data/FIS10-3.txt;10;1,0,9,3,6,8,7,2,4,5;0;33711
Memetic;7;data/FIS10-3.txt;10;2,0,1,5,3,9,6,8,4,7;0;30161
Memetic;8;data/FIS10-3.txt;10;9,7,8,0,6,3,4,2,1,5;0;30711
Memetic;9;data/FIS10-3.txt;10;1,0,4,3,6,8,7,9,2,5;0;29893
Memetic;10;data/FIS10-3.txt;10;2,1,0,8,6,7,3,4,5,9;0;30237
Memetic;11;data/FIS10-3.txt;10;2,4,6,1,7,3,9,5,8,0;0;29544
Memetic;12;data/FIS10-3.txt;10;0,1,5,4,7,2,3,9,8,6;0;32189
Memetic;13;data/FIS10-3.txt;10;4,5,0,1,7,2,6,8,9,3;0;28707
Memetic;14;data/FIS10-3.txt;10;6,0,8,4,9,3,5,1,7,2;0;29854
Memetic;15;data/FIS10-3.txt;10;0,7,2,1,5,9,4,3,6,8;0;27674
Memetic;16;data/FIS10-3.txt;10;3,9,8,7,1,5,0,2,4,6;0;28411
Memetic;17;data/FIS10-3.txt;10;3,2,7,1,5,0,8,6,4,9;0;31002
Memetic;18;data/FIS10-3.txt;10;7,4,6,3,8,0,1,2,5,9;0;30961
Memetic;19;data/FIS10-3.txt;10;0,1,2,3,4,7,6,9,5,8;0;31143
Memetic;20;data/FIS10-3.txt;10;7,1,5,2,9,8,0,4,3,6;0;31357
Memetic;21;data/FIS10-3.txt;10;9,5,0,1,7,2,3,6,4,8;0;29916
Memetic;22;data/FIS10-3.txt;10;2,1,0,7,4,3,6,8,5,9;0;31477
Memetic;23;data/FIS10-3.txt;10;3,4,8,5,9,0,1,2,7,6;0;30860
Memetic;24;data/FIS10-3.txt;10;8,5,9,2,3,6,4,7,1,0;0;28280
Memetic;25;data/FIS10-3.txt;10;1,0,2,9,3,7,6,8,4,5;0;27498
Memetic;26;data/FIS10-3.txt;10;6,3,9,5,1,0,8,2,4,7;0;32110
Memetic;27;data/FIS10-3.txt;10;0,1,4,5,9,3,8,6,7,2;0;28076
Memetic;28;data/FIS10-3.txt;10;0,2,3,4,5,1,7,9,6,8;0;31245
Memetic;29;data/FIS10-3.txt;10;7,4,2,0,1,9,5,3,6,8;0;29239
Memetic;30;data/FIS10-3.txt;10;8,4,3,5,2,7,6,9,1,0;0;35485
Memetic;1;data/FIS10-4.txt;10;7,1,3,5,6,8,2,0,9,4;0;24513
Memetic;2;data/FIS10-4.txt;10;9,8,0,4,6,7,5,3,1,2;0;21956
Memetic;3;data/FIS10-4.txt;10;1,7,0,6,5,3,8,4,9,2;0;21624
Memetic;4;data/FIS10-4.txt;10;7,0,4,1,2,9,6,5,3,8;0;21605
Memetic;5;data/FIS10-4.txt;10;6,9,2,1,5,0,7,4,8,3;0;22750
Memetic;6;data/FIS10-4.txt;10;0,7,3,8,4,6,5,1,9,2;0;21421
Memetic;7;data/FIS10-4.txt;10;7,1,2,5,3,0,4,8,6,9;0;23955
Memetic;8;data/FIS10-4.txt;10;7,0,5,4,6,9,1,2,8,3;0;18292
Memetic;9;data/FIS10-4.txt;10;4,1,7,5,6,9,2,8,3,0;0;24334
Memetic;10;data/FIS10-4.txt;10;8,6,0,7,4,5,2,9,1,3;0;23552
Memetic;11;data/FIS10-4.txt;10;8,2,9,5,6,0,4,7,1,3;0;24297
Memetic;12;data/FIS10-4.txt;10;1,2,3,5,9,6,8,0,4,7;0;23976
Memetic;13;data/FIS10-4.txt;10;4,0,5,7,6,8,3,1,2,9;0;22719
Memetic;14;data/FIS10-4.txt;10;2,9,8,4,0,6,3,7,1,5;0;24064
Memetic;15;data/FIS10-4.txt;10;9,1,2,8,0,3,5,4,7,6;0;21373
Memetic;16;data/FIS10-4.txt;10;9,1,2,5,7,0,4,6,3,8;0;22680
Memetic;17;data/FIS10-4.txt;10;0,3,5,4,9,6,7,1,2,8;0;21741
Memetic;18;data/FIS10-4.txt;10;4,0,5,3,8,2,1,7,6,9;0;24827
Memetic;19;data/FIS10-4.txt;10;9,4,8,3,0,5,6,7,1,2;0;21222
Memetic;20;data/FIS10-4.txt;10;5,3,0,4,8,2,1,9,6,7;0;17962
Memetic;21;data/FIS10-4.txt;10;9,1,2,8,3,7,6,5,0,4;0;24744
Memetic;22;data/FIS10-4.txt;10;1,2,5,6,0,3,8,9,4,7;0;19673
Memetic;23;data/FIS10-4.txt;10;9,6,5,1,2,4,0,7,3,8;0;24111
Memetic;24;data/FIS10-4.txt;10;0,8,4,7,1,2,9,6,5,3;0;17690
Memetic;25;data/FIS10-4.txt;10;2,0,7,1,3,5,4,6,9,8;0;26262
Memetic;26;data/FIS10-4.txt;10;0,7,3,5,1,2,8,6,9,4;0;24762
Memetic;27;data/FIS10-4.txt;10;4,5,7,1,2,0,6,3,8,9;0;24555
Memetic;28;data/FIS10-4.txt;10;6,4,2,0,7,3,8,9,1,5;0;21181
Memetic;29;data/FIS10-4.txt;10;2,1,5,3,0,6,9,4,7,8;0;24853
Memetic;30;data/FIS10-4.txt;10;7,5,1,2,9,4,8,3,6,0;0;20233
Memetic;1;data/FIS11-0.txt;11;2,8,0,9,4,1,3,7,6,5,10;0;36702
Memetic;2;data/FIS11-0.txt;11;8,0,5,6,2,10,7,4,9,1,3;0;40333
Memetic;3;data/FIS11-0.txt;11;5,9,0,6,1,2,7,10,8,3,4;0;33795
Memetic;4;data/FIS11-0.txt;11;6,9,5,1,2,0,7,10,8,3,4;0;38278
Memetic;5;data/FIS11-0.txt;11;5,1,2,0,4,3,7,10,6,8,9;0;33838
Memetic;6;data/FIS11-0.txt;11;10,7,6,3,4,9,1,5,2,0,8;0;35166
Memetic;7;data/FIS11-0.txt;11;4,0,2,5,3,9,1,6,8,10,7;0;26894
Memetic;8;data/FIS11-0.txt;11;7,10,8,3,4,0,1,6,2,5,9;0;38333
Memetic;9;data/FIS11-0.txt;11;4,0,2,6,8,1,10,9,5,7,3;0;37301
Memetic;10;data/FIS11-0.txt;11;9,3,4,5,7,0,8,1,10,6,2;0;34820
Memetic;11;data/FIS11-0.txt;11;5,0,6,1,4,7,10,2,8,3,9;0;38129
Memetic;12;data/FIS11-0.txt;11;2,0,9,1,6,5,4,3,8,7,10;0;34388
Memetic;13;data/FIS11-0.txt;11;10,4,8,0,7,6,1,9,3,2,5;0;39280
Memetic;14;data/FIS11-0.txt;11;8,1,2,0,9,5,10,7,3,4,6;0;37106
Memetic;15;data/FIS11-0.txt;11;0,2,5,6,1,8,3,4,7,10,9;0;29750
Memetic;16;data/FIS11-0.txt;11;1,7,5,10,6,2,0,8,3,4,9;0;36070
Memetic;17;data/FIS11-0.txt;11;2,1,9,4,3,7,10,8,0,6,5;0;27766
Memetic;18;data/FIS11-0.txt;11;5,1,2,4,3,9,8,0,6,10,7;0;38512
Memetic;19;data/FIS11-0.txt;11;7,3,4,2,0,8,1,10,5,6,9;0;37191
Memetic;20;data/FIS11-0.txt;11;7,4,0,2,10,3,8,6,1,9,5;0;34209
Memetic;21;data/FIS11-0.txt;11;9,2,0,7,5,6,10,8,3,4,1;0;34717
Memetic;22;data/FIS11-0.txt;11;10,8,6,2,1,7,0,9,3,4,5;0;35909
Memetic;23;data/FIS11-0.txt;11;2,9,3,8,10,1,6,5,7,4,0;0;29849
Memetic;24;data/FIS11-0.txt;11;8,2,0,5,6,4,3,7,10,9,1;0;38736
Memetic;25;data/FIS11-0.txt;11;9,4,1,5,6,7,3,8,10,2,0;0;36782
Memetic;26;data/FIS11-0.txt;11;0,6,1,9,4,3,8,2,10,5,7;0;31316
Memetic;27;data/FIS11-0.txt;11;2,1,0,9,5,7,3,4,6,8,10;0;34180
Memetic;28;data/FIS11-0.txt;11;6,0,2,1,5,4,3,7,9,10,8;0;35811
Memetic;29;data/FIS11-0.txt;11;10,8,5,1,0,9,4,3,7,6,2;0;39109
Memetic;30;data/FIS11-0.txt;11;1,9,0,4,3,7,10,8,5,2,6;0;34914
Memetic;1;data/FIS11-1.txt;11;4,5,3,7,6,10,0,2,8,1,9;0;41670
Memetic;2;data/FIS11-1.txt;11;8,1,5,0,2,4,9,10,3,7,6;0;37891
Memetic;3;data/FIS11-1.txt;11;5,8,2,3,9,6,7,10,0,4,1;0;37606
Memetic;4;data/FIS11-1.txt;11;1,5,3,8,7,2,4,9,6,10,0;0;35282
Memetic;5;data/FIS11-1.txt;11;8,10,4,7,0,5,3,9,6,2,1;0;36616
Memetic;6;data/FIS11-1.txt;11;0,3,2,4,8,9,6,7,10,5,1;0;35716
Memetic;7;data/FIS11-1.txt;11;9,2,3,1,0,10,5,4,8,6,7;0;39830
Memetic;8;data/FIS11-1.txt;11;0,10,7,6,4,1,5,3,9,2,8;0;39476
Memetic;9;data/FIS11-1.txt;11;3,5,1,2,9,8,4,7,6,0,10;0;36656
Memetic;10;data/FIS11-1.txt;11;2,6,8,1,5,4,7,0,10,9,3;0;34178
Memetic;11;data/FIS11-1.txt;11;7,6,1,8,4,2,9,3,10,5,0;0;42151
Memetic;12;data/FIS11-1.txt;11;2,9,3,10,6,0,7,4,5,1,8;0;39254
Memetic;13;data/FIS11-1.txt;11;6,9,1,8,0,5,4,3,2,7,10;0;42540
Memetic;14;data/FIS11-1.txt;11;0,1,9,2,4,7,8,6,10,3,5;0;43026
Memetic;15;data/FIS11-1.txt;11;3,9,10,0,5,1,8,7,6,4,2;0;37752
Memetic;16;data/FIS11-1.txt;11;5,3,9,2,0,10,1,8,7,6,4;0;38319
Memetic;17;data/FIS11-1.txt;11;6,7,8,4,5,3,10,9,1,2,0;0;38275
Memetic;18;data/FIS11-1.txt;11;9,3,5,1,4,2,8,0,10,7,6;0;34592
Memetic;19;data/FIS11-1.txt;11;3,7,2,4,5,10,0,1,8,6,9;0;35112
Memetic;20;data/FIS11-1.txt;11;1,0,2,7,4,3,9,10,5,6,8;0;39035
Memetic;21;data/FIS11-1.txt;11;5,4,9,6,10,8,3,2,7,0,1;0;36540
Memetic;22;data/FIS11-1.txt;11;5,10,8,1,2,0,4,7,6,9,3;0;37778
Memetic;23;data/FIS11-1.txt;11;1,0,2,4,3,7,6,8,9,10,5;0;36778
Memetic;24;data/FIS11-1.txt;11;1,8,3,9,0,10,6,7,2,4,5;0;42870
Memetic;25;data/FIS11-1.txt;11;10,8,1,5,3,2,6,9,4,7,0;0;36468
Memetic;26;data/FIS11-1.txt;11;1,2,0,10,5,4,7,8,6,9,3;0;38624
Memetic;27;data/FIS11-1.txt;11;8,1,6,10,9,3,5,0,7,4,2;0;36216
Memetic;28;data/FIS11-1.txt;11;7,2,0,10,6,9,3,8,1,5,4;0;34924
Memetic;29;data/FIS11-1.txt;11;8,4,1,10,0,5,3,9,2,6,7;0;36348
Memetic;30;data/FIS11-1.txt;11;1,5,3,6,8,9,10,7,0,2,4;0;39074
Memetic;1;data/FIS11-2.txt;11;6,8,0,10,4,1,5,2,3,7,9;0;36315
Memetic;2;data/FIS11-2.txt;11;4,7,3,2,5,10,0,8,9,1,6;0;34358
Memetic;3;data/FIS11-2.txt;11;1,0,10,5,6,4,8,7,3,2,9;0;35868
Memetic;4;data/FIS11-2.txt;11;10,0,9,1,4,3,7,8,6,2,5;0;37579
Memetic;5;data/FIS11-2.txt;11;6,0,10,4,8,2,3,7,9,1,5;0;34275
Memetic;6;data/FIS11-2.txt;11;6,1,9,3,7,8,2,4,5,10,0;0;37649
Memetic;7;data/FIS11-2.txt;11;4,6,3,9,0,10,1,5,2,7,8;0;37334
Memetic;8;data/FIS11-2.txt;11;2,8,4,6,7,5,3,1,9,10,0;0;37850
Memetic;9;data/FIS11-2.txt;11;8,1,3,9,2,5,0,6,4,10,7;0;37701
Memetic;10;data/FIS11-2.txt;11;0,8,2,5,9,6,3,1,4,7,10;0;37488
Memetic;11;data/FIS11-2.txt;11;4,1,3,0,10,9,2,5,8,7,6;0;35152
Memetic;12;data/FIS11-2.txt;11;4,7,1,8,2,3,5,9,6,0,10;0;33104
Memetic;13;data/FIS11-2.txt;11;8,2,1,5,9,6,0,10,4,3,7;0;34559
Memetic;14;data/FIS11-2.txt;11;2,8,1,4,6,3,9,7,10,0,5;0;37725
Memetic;15;data/FIS11-2.txt;11;10,9,7,8,4,6,0,5,1,3,2;0;32319
Memetic;16;data/FIS11-2.txt;11;3,1,5,4,8,2,10,0,6,7,9;0;34940
Memetic;17;data/FIS11-2.txt;11;9,6,1,4,7,8,2,10,0,3,5;0;32836
Memetic;18;data/FIS11-2.txt;11;2,8,7,3,4,6,0,10,9,5,1;0;33595
Memetic;19;data/FIS11-2.txt;11;1,3,7,9,0,5,2,8,10,6,4;0;34575
Memetic;20;data/FIS11-2.txt;11;3,7,8,1,5,2,9,6,0,10,4;0;32835
Memetic;21;data/FIS11-2.txt;11;0,7,1,5,3,2,4,8,10,9,6;0;35509
Memetic;22;data/FIS11-2.txt;11;2,3,9,8,7,10,0,6,5,1,4;0;37297
Memetic;23;data/FIS11-2.txt;11;9,0,6,4,2,3,7,8,1,5,10;0;32104
Memetic;24;data/FIS11-2.txt;11;1,10,6,0,3,2,4,8,7,9,5;0;33923
Memetic;25;data/FIS11-2.txt;11;1,3,7,4,2,10,0,5,9,6,8;0;34308
Memetic;26;data/FIS11-2.txt;11;8,1,5,2,4,3,0,9,6,10,7;0;33259
Memetic;27;data/FIS11-2.txt;11;9,3,5,8,7,10,0,6,4,2,1;0;33725
Memetic;28;data/FIS11-2.txt;11;0,9,3,2,4,8,1,5,10,7,6;0;34245
Memetic;29;data/FIS11-2.txt;11;6,10,9,7,8,2,3,4,1,5,0;0;35032
Memetic;30;data/FIS11-2.txt;11;0,1,3,5,9,6,4,7,8,2,10;0;31565
Memetic;1;data/FIS11-3.txt;11;10,0,7,6,8,1,5,9,4,3,2;0;33303
Memetic;2;data/FIS11-3.txt;11;5,9,4,0,7,10,8,1,6,3,2;0;33917
Memetic;3;data/FIS11-3.txt;11;9,4,0,1,2,3,5,6,7,8,10;0;40028
Memetic;4;data/FIS11-3.txt;11;5,8,1,4,0,10,6,7,9,2,3;0;33173
Memetic;5;data/FIS11-3.txt;11;4,9,7,1,2,3,10,0,5,6,8;0;36787
Memetic;6;data/FIS11-3.txt;11;2,1,8,10,5,0,4,9,7,6,3;0;32278
Memetic;7;data/FIS11-3.txt;11;2,1,8,0,3,10,4,9,6,7,5;0;36946
Memetic;8;data/FIS11-3.txt;11;10,2,3,6,9,7,1,8,5,0,4;0;37157
Memetic;9;data/FIS11-3.txt;11;1,8,5,7,9,4,3,6,10,0,2;0;32619
Memetic;10;data/FIS11-3.txt;11;9,6,2,3,5,8,0,10,7,1,4;0;34416
Memetic;11;data/FIS11-3.txt;11;3,8,5,1,7,10,0,4,9,6,2;0;35598
Memetic;12;data/FIS11-3.txt;11;7,8,1,2,10,6,0,9,4,3,5;0;33286
Memetic;13;data/FIS11-3.txt;11;5,2,3,6,0,9,1,10,7,8,4;0;39441
Memetic;14;data/FIS11-3.txt;11;0,3,4,10,2,8,1,6,7,5,9;0;37261
Memetic;15;data/FIS11-3.txt;11;4,1,8,0,9,7,5,2,3,10,6;0;30687
Memetic;16;data/FIS11-3.txt;11;0,6,1,2,3,4,8,7,5,9,10;0;35940
Memetic;17;data/FIS11-3.txt;11;0,10,6,3,2,1,8,5,9,7,4;0;37610
Memetic;18;data/FIS11-3.txt;11;3,2,9,5,0,4,6,7,1,8,10;0;35260
Memetic;19;data/FIS11-3.txt;11;0,4,6,3,10,2,1,8,5,7,9;0;32419
Memetic;20;data/FIS11-3.txt;11;9,5,3,6,7,10,2,8,1,4,0;0;33894
Memetic;21;data/FIS11-3.txt;11;9,0,10,8,7,5,2,1,3,4,6;0;31649
Memetic;22;data/FIS11-3.txt;11;1,2,3,10,6,5,9,4,0,7,8;0;34296
Memetic;23;data/FIS11-3.txt;11;5,1,0,6,7,8,2,10,3,4,9;0;36807
Memetic;24;data/FIS11-3.txt;11;5,3,4,9,6,2,1,0,10,7,8;0;31336
Memetic;25;data/FIS11-3.txt;11;9,10,2,3,5,8,1,6,7,0,4;0;34656
Memetic;26;data/FIS11-3.txt;11;7,8,6,1,2,10,3,5,0,4,9;0;34880
Memetic;27;data/FIS11-3.txt;11;9,0,1,5,8,4,7,10,3,2,6;0;38453
Memetic;28;data/FIS11-3.txt;11;6,7,5,2,3,4,9,8,0,10,1;0;35276
Memetic;29;data/FIS11-3.txt;11;4,0,10,2,3,6,8,1,7,5,9;0;32122
Memetic;30;data/FIS11-3.txt;11;8,1,2,10,6,4,3,5,7,9,0;0;33408
Memetic;1;data/FIS11-4.txt;11;7,5,3,0,4,8,2,10,6,1,9;0;26463
Memetic;2;data/FIS11-4.txt;11;3,0,9,1,2,10,7,8,6,4,5;0;33237
Memetic;3;data/FIS11-4.txt;11;1,6,10,5,3,8,4,0,9,7,2;0;33848
Memetic;4;data/FIS11-4.txt;11;7,9,8,10,2,5,3,1,0,4,6;0;36434
Memetic;5;data/FIS11-4.txt;11;0,9,8,3,5,1,6,10,2,7,4;0;32799
Memetic;6;data/FIS11-4.txt;11;4,0,1,2,3,5,6,9,8,7,10;0;32395
Memetic;7;data/FIS11-4.txt;11;3,0,4,2,10,8,6,9,1,7,5;0;32875
Memetic;8;data/FIS11-4.txt;11;0,3,8,10,5,2,7,9,6,1,4;0;36601
Memetic;9;data/FIS11-4.txt;11;5,1,4,0,2,3,10,6,8,9,7;0;36097
Memetic;10;data/FIS11-4.txt;11;4,6,5,1,9,10,7,8,2,3,0;0;27868
Memetic;11;data/FIS11-4.txt;11;5,3,8,4,2,7,6,10,1,0,9;0;33626
Memetic;12;data/FIS11-4.txt;11;3,5,7,4,0,1,9,10,6,8,2;0;36366
Memetic;13;data/FIS11-4.txt;11;2,7,4,1,5,0,3,8,9,6,10;0;36254
Memetic;14;data/FIS11-4.txt;11;7,5,9,1,0,4,6,8,3,10,2;0;31286
Memetic;15;data/FIS11-4.txt;11;2,0,4,8,9,6,5,3,10,1,7;0;38838
Memetic;16;data/FIS11-4.txt;11;1,9,8,3,0,6,4,2,10,7,5;0;33749
Memetic;17;data/FIS11-4.txt;11;4,7,5,3,2,10,6,0,1,9,8;0;35970
Memetic;18;data/FIS11-4.txt;11;3,2,4,0,6,9,1,5,7,10,8;0;32073
Memetic;19;data/FIS11-4.txt;11;4,8,7,5,3,0,9,6,10,2,1;0;28277
Memetic;20;data/FIS11-4.txt;11;1,4,0,2,3,8,10,5,7,6,9;0;30077
Memetic;21;data/FIS11-4.txt;11;5,9,0,1,2,3,4,6,7,8,10;0;39241
Memetic;22;data/FIS11-4.txt;11;0,2,5,9,1,3,8,7,10,6,4;0;30434
Memetic;23;data/FIS11-4.txt;11;5,8,3,1,2,7,9,0,4,6,10;0;33040
Memetic;24;data/FIS11-4.txt;11;1,2,7,5,3,8,9,0,4,10,6;0;36407
Memetic;25;data/FIS11-4.txt;11;0,3,5,7,6,9,10,2,4,1,8;0;34313
Memetic;26;data/FIS11-4.txt;11;8,3,0,6,10,5,9,1,7,2,4;0;35802
Memetic;27;data/FIS11-4.txt;11;10,1,5,3,8,7,6,4,0,9,2;0;33719
Memetic;28;data/FIS11-4.txt;11;7,1,10,2,4,0,3,8,6,9,5;0;35811
Memetic;29;data/FIS11-4.txt;11;8,7,10,1,2,9,5,3,0,4,6;0;36278
Memetic;30;data/FIS11-4.txt;11;1,9,7,10,2,5,3,0,4,8,6;0;33095
Memetic;1;data/FIS12-0.txt;12;0,3,6,2,11,9,1,5,7,10,8,4;0;39649
Memetic;2;data/FIS12-0.txt;12;6,1,0,2,3,4,5,7,8,9,10,11;0;45017
Memetic;3;data/FIS12-0.txt;12;1,7,5,3,10,4,0,8,11,6,2,9;0;42344
Memetic;4;data/FIS12-0.txt;12;1,9,11,2,8,4,5,0,6,3,10,7;0;41947
Memetic;5;data/FIS12-0.txt;12;0,2,4,1,8,5,11,6,3,10,7,9;0;44633
Memetic;6;data/FIS12-0.txt;12;10,6,1,0,2,8,4,3,9,11,7,5;0;42565
Memetic;7;data/FIS12-0.txt;12;2,0,4,9,5,10,3,7,1,8,6,11;0;35013
Memetic;8;data/FIS12-0.txt;12;9,1,7,4,6,3,10,2,0,8,5,11;0;41356
Memetic;9;data/FIS12-0.txt;12;7,10,5,1,6,3,8,2,0,4,9,11;0;36880
Memetic;10;data/FIS12-0.txt;12;0,8,10,2,4,1,7,3,9,11,6,5;0;42388
Memetic;11;data/FIS12-0.txt;12;7,6,4,3,10,11,9,1,0,2,8,5;0;41533
Memetic;12;data/FIS12-0.txt;12;0,8,2,6,5,7,11,1,9,10,3,4;0;41964
Memetic;13;data/FIS12-0.txt;12;0,2,4,1,8,10,3,6,5,11,7,9;0;43602
Memetic;14;data/FIS12-0.txt;12;1,9,3,10,5,0,11,6,2,8,4,7;0;37241
Memetic;15;data/FIS12-0.txt;12;6,1,0,2,3,4,5,7,8,9,10,11;0;45017
Memetic;16;data/FIS12-0.txt;12;2,8,3,10,6,1,9,7,11,5,4,0;0;37547
Memetic;17;data/FIS12-0.txt;12;9,0,4,1,6,5,7,3,10,2,8,11;0;41661
Memetic;18;data/FIS12-0.txt;12;3,4,0,2,5,10,7,9,1,6,11,8;0;40704
Memetic;19;data/FIS12-0.txt;12;1,3,5,2,0,4,6,11,8,10,7,9;0;41821
Memetic;20;data/FIS12-0.txt;12;9,1,4,0,2,11,5,10,6,8,3,7;0;43349
Memetic;21;data/FIS12-0.txt;12;0,1,9,2,10,11,8,3,7,5,6,4;0;43855
Memetic;22;data/FIS12-0.txt;12;4,1,2,5,7,8,9,11,6,10,3,0;0;41892
Memetic;23;data/FIS12-0.txt;12;8,0,2,3,1,6,11,5,10,7,9,4;0;43004
Memetic;24;data/FIS12-0.txt;12;7,5,2,8,4,9,11,1,0,6,3,10;0;44115
Memetic;25;data/FIS12-0.txt;12;8,7,6,2,3,4,5,0,10,1,11,9;0;43948
Memetic;26;data/FIS12-0.txt;12;6,10,1,7,4,5,0,8,2,3,9,11;0;42097
Memetic;27;data/FIS12-0.txt;12;0,2,6,1,8,3,7,10,11,5,9,4;0;43067
Memetic;28;data/FIS12-0.txt;12;8,0,2,5,7,1,10,3,4,6,11,9;0;42299
Memetic;29;data/FIS12-0.txt;12;0,2,6,5,11,8,10,1,7,9,3,4;0;43099
Memetic;30;data/FIS12-0.txt;12;9,7,11,0,4,10,3,6,2,8,5,1;0;39321
Memetic;1;data/FIS12-1.txt;12;9,0,1,2,3,4,5,6,7,8,10,11;0;43148
Memetic;2;data/FIS12-1.txt;12;1,10,2,3,8,7,6,11,9,5,4,0;0;35779
Memetic;3;data/FIS12-1.txt;12;3,7,8,0,1,4,6,11,5,9,2,10;0;41414
Memetic;4;data/FIS12-1.txt;12;9,2,1,0,10,8,7,3,11,6,4,5;0;36792
Memetic;5;data/FIS12-1.txt;12;2,10,4,6,5,7,8,3,0,1,11,9;0;36106
Memetic;6;data/FIS12-1.txt;12;0,1,3,8,7,6,2,5,11,9,4,10;0;40770
Memetic;7;data/FIS12-1.txt;12;9,3,8,5,11,6,7,0,1,2,10,4;0;38311
Memetic;8;data/FIS12-1.txt;12;3,0,1,6,5,9,8,7,2,10,4,11;0;39173
Memetic;9;data/FIS12-1.txt;12;5,6,4,3,8,10,7,2,1,0,9,11;0;38629
Memetic;10;data/FIS12-1.txt;12;0,1,5,6,11,7,9,4,10,2,8,3;0;39915
Memetic;11;data/FIS12-1.txt;12;5,10,6,11,3,0,1,2,7,8,9,4;0;37156
Memetic;12;data/FIS12-1.txt;12;0,1,9,11,5,4,10,6,2,3,7,8;0;41916
Memetic;13;data/FIS12-1.txt;12;5,6,4,8,2,10,7,1,0,3,9,11;0;41168
Memetic;14;data/FIS12-1.txt;12;0,1,6,11,9,4,10,7,5,2,3,8;0;41864
Memetic;15;data/FIS12-1.txt;12;9,0,1,2,3,4,5,6,7,8,10,11;0;43148
Memetic;16;data/FIS12-1.txt;12;7,5,6,4,1,10,8,2,3,11,9,0;0;38446
Memetic;17;data/FIS12-1.txt;12;9,0,1,2,3,4,5,6,7,8,10,11;0;43148
Memetic;18;data/FIS12-1.txt;12;9,0,1,2,3,4,5,6,7,8,10,11;0;43148
Memetic;19;data/FIS12-1.txt;12;6,10,4,7,3,8,0,1,2,5,9,11;0;39186
Memetic;20;data/FIS12-1.txt;12;11,6,2,5,8,3,7,10,0,1,4,9;0;42608
Memetic;21;data/FIS12-1.txt;12;9,0,1,3,11,8,7,5,2,10,4,6;0;41299
Memetic;22;data/FIS12-1.txt;12;6,4,1,0,9,5,3,7,2,10,8,11;0;37696
Memetic;23;data/FIS12-1.txt;12;2,7,9,4,6,5,11,3,0,1,10,8;0;38994
Memetic;24;data/FIS12-1.txt;12;9,0,1,2,3,4,5,6,7,8,10,11;0;43148
Memetic;25;data/FIS12-1.txt;12;11,4,0,1,2,10,7,6,3,8,5,9;0;42276
Memetic;26;data/FIS12-1.txt;12;9,5,2,3,0,4,10,8,7,1,6,11;0;40584
Memetic;27;data/FIS12-1.txt;12;9,0,1,2,3,4,5,6,7,8,10,11;0;43148
Memetic;28;data/FIS12-1.txt;12;8,7,6,4,5,2,10,9,1,0,3,11;0;36816
Memetic;29;data/FIS12-1.txt;12;9,0,1,2,3,4,5,6,7,8,10,11;0;43148
Memetic;30;data/FIS12-1.txt;12;10,7,2,6,0,1,4,9,5,8,3,11;0;41282
Memetic;1;data/FIS12-2.txt;12;7,1,10,8,5,6,4,9,0,2,11,3;0;50786
Memetic;2;data/FIS12-2.txt;12;7,9,5,3,0,2,10,8,4,6,11,1;0;45947
Memetic;3;data/FIS12-2.txt;12;0,9,1,3,5,8,7,2,4,6,11,10;0;45409
Memetic;4;data/FIS12-2.txt;12;1,9,7,10,4,0,6,8,2,3,5,11;0;46634
Memetic;5;data/FIS12-2.txt;12;7,0,9,2,3,5,4,6,11,1,8,10;0;39349
Memetic;6;data/FIS12-2.txt;12;6,2,3,0,9,1,11,4,5,7,10,8;0;47060
Memetic;7;data/FIS12-2.txt;12;8,0,2,4,6,3,11,1,9,7,10,5;0;46563
Memetic;8;data/FIS12-2.txt;12;3,0,6,2,8,4,10,11,1,9,5,7;0;49573
Memetic;9;data/FIS12-2.txt;12;0,2,8,4,6,5,1,3,11,10,7,9;0;48018
Memetic;10;data/FIS12-2.txt;12;3,6,2,8,5,0,9,10,7,1,11,4;0;44414
Memetic;11;data/FIS12-2.txt;12;5,0,2,8,7,10,3,4,6,11,1,9;0;42897
Memetic;12;data/FIS12-2.txt;12;8,5,3,2,0,9,7,10,1,4,11,6;0;37986
Memetic;13;data/FIS12-2.txt;12;0,4,3,5,6,2,8,7,10,9,1,11;0;47439
Memetic;14;data/FIS12-2.txt;12;0,8,2,3,5,7,1,9,10,4,11,6;0;36524
Memetic;15;data/FIS12-2.txt;12;10,7,4,11,1,5,8,3,6,0,9,2;0;42367
Memetic;16;data/FIS12-2.txt;12;6,1,7,4,11,5,9,10,0,3,2,8;0;45020
Memetic;17;data/FIS12-2.txt;12;6,0,9,7,1,4,10,11,2,3,8,5;0;45559
Memetic;18;data/FIS12-2.txt;12;9,2,6,1,4,7,10,8,11,5,3,0;0;46658
Memetic;19;data/FIS12-2.txt;12;0,8,7,4,11,1,9,3,2,10,5,6;0;44959
Memetic;20;data/FIS12-2.txt;12;1,8,0,5,9,4,7,11,3,6,2,10;0;50912
Memetic;21;data/FIS12-2.txt;12;3,8,5,0,6,2,10,1,9,7,11,4;0;47916
Memetic;22;data/FIS12-2.txt;12;0,2,3,5,9,10,4,1,11,7,6,8;0;46582
Memetic;23;data/FIS12-2.txt;12;0,3,5,7,4,9,11,1,6,2,10,8;0;44946
Memetic;24;data/FIS12-2.txt;12;7,0,9,8,10,5,3,2,4,6,11,1;0;41918
Memetic;25;data/FIS12-2.txt;12;5,0,3,2,10,1,7,11,4,6,8,9;0;50917
Memetic;26;data/FIS12-2.txt;12;3,5,8,0,2,1,7,10,9,6,11,4;0;42075
Memetic;27;data/FIS12-2.txt;12;1,11,2,9,0,6,5,3,7,4,10,8;0;49145
Memetic;28;data/FIS12-2.txt;12;0,2,8,5,3,4,6,1,9,7,10,11;0;45731
Memetic;29;data/FIS12-2.txt;12;10,0,9,5,6,1,3,2,8,11,4,7;0;41890
Memetic;30;data/FIS12-2.txt;12;11,4,1,7,5,3,0,8,2,6,9,10;0;44065
Memetic;1;data/FIS12-3.txt;12;10,0,11,4,2,7,1,3,6,5,8,9;0;34899
Memetic;2;data/FIS12-3.txt;12;9,10,4,2,3,6,5,7,1,8,0,11;0;33620
Memetic;3;data/FIS12-3.txt;12;10,7,8,3,1,4,9,11,2,0,5,6;0;33057
Memetic;4;data/FIS12-3.txt;12;2,3,1,4,10,6,9,5,0,11,8,7;0;37161
Memetic;5;data/FIS12-3.txt;12;6,11,2,1,3,4,7,9,5,8,10,0;0;35925
Memetic;6;data/FIS12-3.txt;12;0,1,7,3,8,5,9,10,6,11,4,2;0;34108
Memetic;7;data/FIS12-3.txt;12;0,11,2,9,10,6,3,1,5,7,4,8;0;35742
Memetic;8;data/FIS12-3.txt;12;0,8,2,5,1,7,3,6,11,4,9,10;0;34559
Memetic;9;data/FIS12-3.txt;12;10,1,3,2,11,6,8,5,9,7,4,0;0;36988
Memetic;10;data/FIS12-3.txt;12;8,5,1,6,4,7,2,11,3,9,10,0;0;35888
Memetic;11;data/FIS12-3.txt;12;9,10,11,8,3,1,6,0,2,4,7,5;0;32266
Memetic;12;data/FIS12-3.txt;12;0,2,1,3,5,9,8,11,6,7,4,10;0;37456
Memetic;13;data/FIS12-3.txt;12;3,1,2,0,11,10,7,4,6,5,9,8;0;34606
Memetic;14;data/FIS12-3.txt;12;10,0,8,6,11,4,7,5,3,1,2,9;0;36722
Memetic;15;data/FIS12-3.txt;12;2,1,3,5,6,10,9,8,0,7,4,11;0;37400
Memetic;16;data/FIS12-3.txt;12;8,10,0,4,9,6,3,1,5,7,2,11;0;37741
Memetic;17;data/FIS12-3.txt;12;1,2,0,8,4,11,3,6,5,9,10,7;0;33878
Memetic;18;data/FIS12-3.txt;12;2,9,10,1,5,7,4,3,6,0,8,11;0;36122
Memetic;19;data/FIS12-3.txt;12;6,7,1,10,3,4,2,11,9,5,8,0;0;36139
Memetic;20;data/FIS12-3.txt;12;10,6,2,7,5,8,3,4,1,0,11,9;0;37585
Memetic;21;data/FIS12-3.txt;12;0,8,7,4,3,9,2,11,6,10,1,5;0;41549
Memetic;22;data/FIS12-3.txt;12;10,0,1,4,3,2,11,5,6,7,8,9;0;39026
Memetic;23;data/FIS12-3.txt;12;0,10,9,4,7,2,3,5,8,1,11,6;0;37991
Memetic;24;data/FIS12-3.txt;12;7,1,4,3,5,9,10,0,2,11,8,6;0;36815
Memetic;25;data/FIS12-3.txt;12;5,1,2,3,4,7,10,6,8,0,11,9;0;31933
Memetic;26;data/FIS12-3.txt;12;0,8,11,2,3,1,7,5,9,6,4,10;0;27219
Memetic;27;data/FIS12-3.txt;12;8,1,2,4,11,6,3,0,5,9,10,7;0;31514
Memetic;28;data/FIS12-3.txt;12;3,9,10,6,4,7,1,5,0,11,8,2;0;35042
Memetic;29;data/FIS12-3.txt;12;5,1,7,10,0,8,3,4,6,2,11,9;0;32716
Memetic;30;data/FIS12-3.txt;12;7,1,3,2,11,6,5,4,8,0,10,9;0;35447
Memetic;1;data/FIS12-4.txt;12;0,11,1,2,3,4,5,6,7,8,9,10;0;35675
Memetic;2;data/FIS12-4.txt;12;0,11,1,2,3,4,5,6,7,8,9,10;0;35675
Memetic;3;data/FIS12-4.txt;12;0,11,1,2,3,4,5,6,7,8,9,10;0;35675
Memetic;4;data/FIS12-4.txt;12;0,11,1,2,3,4,5,6,7,8,9,10;0;35675
Memetic;5;data/FIS12-4.txt;12;0,11,1,2,3,4,5,6,7,8,9,10;0;35675
Memetic;6;data/FIS12-4.txt;12;0,11,1,2,3,4,5,6,7,8,9,10;0;35675
Memetic;7;data/FIS12-4.txt;12;0,11,1,2,3,4,5,6,7,8,9,10;0;35675
Memetic;8;data/FIS12-4.txt;12;0,11,1,2,3,4,5,6,7,8,9,10;0;35675
Memetic;9;data/FIS12-4.txt;12;0,11,1,2,3,4,5,6,7,8,9,10;0;35675
Memetic;10;data/FIS12-4.txt;12;0,11,1,2,3,4,5,6,7,8,9,10;0;35675
Memetic;11;data/FIS12-4.txt;12;0,11,1,2,3,4,5,6,7,8,9,10;0;35675
Memetic;12;data/FIS12-4.txt;12;0,11,1,2,3,4,5,6,7,8,9,10;0;35675
Memetic;13;data/FIS12-4.txt;12;0,11,1,2,3,4,5,6,7,8,9,10;0;35675
Memetic;14;data/FIS12-4.txt;12;0,11,1,2,3,4,5,6,7,8,9,10;0;35675
Memetic;15;data/FIS12-4.txt;12;0,11,1,2,3,4,5,6,7,8,9,10;0;35675
Memetic;16;data/FIS12-4.txt;12;0,11,1,2,3,4,5,6,7,8,9,10;0;35675
Memetic;17;data/FIS12-4.txt;12;0,11,1,2,3,4,5,6,7,8,9,10;0;35675
Memetic;18;data/FIS12-4.txt;12;0,11,1,2,3,4,5,6,7,8,9,10;0;35675
Memetic;19;data/FIS12-4.txt;12;4,10,7,1,2,8,6,9,3,0,11,5;0;34614
Memetic;20;data/FIS12-4.txt;12;0,11,1,2,3,4,5,6,7,8,9,10;0;35675
Memetic;21;data/FIS12-4.txt;12;0,11,1,2,3,4,5,6,7,8,9,10;0;35675
Memetic;22;data/FIS12-4.txt;12;0,11,1,2,3,4,5,6,7,8,9,10;0;35675
Memetic;23;data/FIS12-4.txt;12;0,11,1,2,3,4,5,6,7,8,9,10;0;35675
Memetic;24;data/FIS12-4.txt;12;0,11,1,2,3,4,5,6,7,8,9,10;0;35675
Memetic;25;data/FIS12-4.txt;12;0,4,10,7,1,3,9,5,11,6,8,2;0;27136
Memetic;26;data/FIS12-4.txt;12;0,11,1,2,3,4,5,6,7,8,9,10;0;35675
Memetic;27;data/FIS12-4.txt;12;0,11,1,2,3,4,5,6,7,8,9,10;0;35675
Memetic;28;data/FIS12-4.txt;12;0,11,1,2,3,4,5,6,7,8,9,10;0;35675
Memetic;29;data/FIS12-4.txt;12;0,11,1,2,3,4,5,6,7,8,9,10;0;35675
Memetic;30;data/FIS12-4.txt;12;0,11,1,2,3,4,5,6,7,8,9,10;0;35675
Memetic;1;data/FIS13-0.txt;13;0,10,3,12,4,7,5,8,2,9,1,6,11;0;46683
Memetic;2;data/FIS13-0.txt;13;3,5,6,1,10,0,7,11,9,4,12,8,2;0;47505
Memetic;3;data/FIS13-0.txt;13;4,1,0,2,3,5,6,7,8,9,10,11,12;0;50523
Memetic;4;data/FIS13-0.txt;13;11,7,5,4,6,9,1,0,10,3,8,2,12;0;44020
Memetic;5;data/FIS13-0.txt;13;0,2,9,4,11,8,5,10,7,12,1,6,3;0;45733
Memetic;6;data/FIS13-0.txt;13;0,11,1,10,3,4,8,5,6,2,12,7,9;0;47783
Memetic;7;data/FIS13-0.txt;13;4,1,0,2,3,5,6,7,8,9,10,11,12;0;50523
Memetic;8;data/FIS13-0.txt;13;0,3,10,4,2,5,9,1,6,7,11,12,8;0;44330
Memetic;9;data/FIS13-0.txt;13;5,8,11,12,4,2,3,10,0,9,7,1,6;0;37224
Memetic;10;data/FIS13-0.txt;13;9,1,5,3,0,4,12,8,10,11,7,6,2;0;45872
Memetic;11;data/FIS13-0.txt;13;3,8,2,9,1,6,5,4,0,12,11,7,10;0;41022
Memetic;12;data/FIS13-0.txt;13;3,10,0,5,11,7,1,2,6,4,12,8,9;0;48371
Memetic;13;data/FIS13-0.txt;13;9,1,0,12,11,3,10,2,5,7,6,4,8;0;44176
Memetic;14;data/FIS13-0.txt;13;0,12,8,11,4,2,3,10,9,7,5,6,1;0;40914
Memetic;15;data/FIS13-0.txt;13;1,0,10,7,6,5,3,2,9,8,12,4,11;0;49071
Memetic;16;data/FIS13-0.txt;13;6,1,9,2,7,10,5,3,12,8,4,0,11;0;47092
Memetic;17;data/FIS13-0.txt;13;2,9,3,7,1,4,8,0,10,5,6,11,12;0;46666
Memetic;18;data/FIS13-0.txt;13;3,0,4,6,1,2,9,10,7,12,8,5,11;0;48386
Memetic;19;data/FIS13-0.txt;13;9,2,7,12,11,8,0,3,5,4,1,6,10;0;46590
Memetic;20;data/FIS13-0.txt;13;2,12,8,11,4,7,1,0,3,6,5,9,10;0;49969
Memetic;21;data/FIS13-0.txt;13;8,12,2,6,9,1,0,4,5,7,10,3,11;0;42151
Memetic;22;data/FIS13-0.txt;13;7,11,9,0,2,8,4,3,12,10,1,6,5;0;46357
Memetic;23;data/FIS13-0.txt;13;8,4,0,2,3,11,9,10,5,7,6,1,12;0;42120
Memetic;24;data/FIS13-0.txt;13;2,7,11,9,6,1,12,3,10,4,5,0,8;0;45192
Memetic;25;data/FIS13-0.txt;13;0,3,9,2,7,5,6,11,12,4,10,1,8;0;44831
Memetic;26;data/FIS13-0.txt;13;0,1,7,4,6,5,8,2,12,9,11,3,10;0;43189
Memetic;27;data/FIS13-0.txt;13;6,1,2,9,0,4,8,5,10,3,7,12,11;0;38940
Memetic;28;data/FIS13-0.txt;13;7,9,2,0,3,5,8,11,12,4,10,1,6;0;34326
Memetic;29;data/FIS13-0.txt;13;6,1,0,2,3,10,9,5,8,4,12,11,7;0;26259
Memetic;30;data/FIS13-0.txt;13;1,6,11,12,3,10,5,0,2,9,8,4,7;0;41545
Memetic;1;data/FIS13-1.txt;13;11,5,3,6,7,1,0,2,9,4,8,10,12;0;46526
Memetic;2;data/FIS13-1.txt;13;5,10,0,12,2,1,7,6,4,11,8,9,3;0;46163
Memetic;3;data/FIS13-1.txt;13;12,0,2,4,8,3,6,7,11,9,10,5,1;0;47962
Memetic;4;data/FIS13-1.txt;13;0,2,5,11,6,3,8,12,4,7,1,9,10;0;46868
Memetic;5;data/FIS13-1.txt;13;9,2,1,11,4,5,0,12,3,6,7,10,8;0;45742
Memetic;6;data/FIS13-1.txt;13;0,3,9,2,4,11,10,8,5,7,1,6,12;0;51595
Memetic;7;data/FIS13-1.txt;13;9,1,0,4,10,5,2,11,8,6,7,12,3;0;50056
Memetic;8;data/FIS13-1.txt;13;4,0,2,6,8,5,1,9,3,7,11,12,10;0;51949
Memetic;9;data/FIS13-1.txt;13;1,9,10,7,5,6,2,0,12,3,8,11,4;0;40038
Memetic;10;data/FIS13-1.txt;13;0,2,3,4,12,5,9,10,7,1,6,8,11;0;45475
Memetic;11;data/FIS13-1.txt;13;0,5,2,9,10,7,3,1,11,4,6,8,12;0;44034
Memetic;12;data/FIS13-1.txt;13;10,7,5,1,3,9,2,0,8,11,4,12,6;0;45329
Memetic;13;data/FIS13-1.txt;13;9,8,0,2,5,12,3,11,4,10,7,6,1;0;50576
Memetic;14;data/FIS13-1.txt;13;4,11,1,2,0,7,10,9,6,5,8,12,3;0;49850
Memetic;15;data/FIS13-1.txt;13;4,9,3,0,2,1,6,5,8,10,7,11,12;0;46243
Memetic;16;data/FIS13-1.txt;13;0,2,1,7,10,8,9,6,11,3,5,4,12;0;48527
Memetic;17;data/FIS13-1.txt;13;2,9,3,0,7,1,12,5,10,4,6,11,8;0;52075
Memetic;18;data/FIS13-1.txt;13;2,3,9,10,7,1,5,11,12,8,6,0,4;0;37139
Memetic;19;data/FIS13-1.txt;13;3,1,7,11,4,0,10,5,12,6,8,9,2;0;48834
Memetic;20;data/FIS13-1.txt;13;7,3,8,6,1,9,2,0,11,4,10,5,12;0;48708
Memetic;21;data/FIS13-1.txt;13;11,2,5,1,4,0,12,3,6,7,8,10,9;0;42674
Memetic;22;data/FIS13-1.txt;13;8,3,0,2,9,6,5,1,7,10,12,4,11;0;40316
Memetic;23;data/FIS13-1.txt;13;0,1,5,3,12,4,6,2,8,11,9,10,7;0;48539
Memetic;24;data/FIS13-1.txt;13;10,8,6,12,3,9,1,5,11,7,0,2,4;0;45007
Memetic;25;data/FIS13-1.txt;13;6,9,2,7,10,8,0,3,4,12,5,1,11;0;48928
Memetic;26;data/FIS13-1.txt;13;8,0,6,12,4,11,9,3,5,2,1,7,10;0;49385
Memetic;27;data/FIS13-1.txt;13;5,6,1,12,3,7,0,11,8,9,2,4,10;0;48865
Memetic;28;data/FIS13-1.txt;13;4,0,3,12,5,2,11,6,9,1,7,8,10;0;47651
Memetic;29;data/FIS13-1.txt;13;0,11,5,2,4,12,6,3,8,7,1,9,10;0;50687
Memetic;30;data/FIS13-1.txt;13;2,0,4,1,9,6,10,8,11,5,7,12,3;0;50023
Memetic;1;data/FIS13-2.txt;13;9,2,6,8,3,4,12,1,0,11,5,10,7;0;46474
Memetic;2;data/FIS13-2.txt;13;8,6,0,1,2,3,4,5,7,9,10,11,12;0;49787
Memetic;3;data/FIS13-2.txt;13;11,12,5,3,4,10,1,0,7,6,8,9,2;0;48581
Memetic;4;data/FIS13-2.txt;13;0,6,3,4,10,11,8,12,5,7,2,9,1;0;49769
Memetic;5;data/FIS13-2.txt;13;5,11,4,7,2,1,0,6,10,9,3,8,12;0;45571
Memetic;6;data/FIS13-2.txt;13;3,5,0,1,9,7,6,8,2,10,12,11,4;0;43769
Memetic;7;data/FIS13-2.txt;13;1,2,9,12,5,3,7,11,4,8,10,6,0;0;44160
Memetic;8;data/FIS13-2.txt;13;7,5,10,6,1,12,2,3,4,8,9,11,0;0;45975
Memetic;9;data/FIS13-2.txt;13;7,10,6,9,2,0,1,4,3,12,8,5,11;0;46877
Memetic;10;data/FIS13-2.txt;13;6,0,1,7,2,9,10,11,4,3,8,12,5;0;45292
Memetic;11;data/FIS13-2.txt;13;5,12,7,1,6,0,3,10,2,4,8,9,11;0;43317
Memetic;12;data/FIS13-2.txt;13;11,4,2,0,6,8,3,10,12,5,7,9,1;0;48852
Memetic;13;data/FIS13-2.txt;13;8,6,0,1,2,3,4,5,7,9,10,11,12;0;49787
Memetic;14;data/FIS13-2.txt;13;0,1,4,6,2,7,5,10,3,8,9,12,11;0;48495
Memetic;15;data/FIS13-2.txt;13;0,1,3,4,8,9,7,5,11,10,6,2,12;0;47501
Memetic;16;data/FIS13-2.txt;13;8,6,0,1,2,3,4,5,7,9,10,11,12;0;49787
Memetic;17;data/FIS13-2.txt;13;8,6,12,3,4,2,11,0,7,5,1,10,9;0;47169
Memetic;18;data/FIS13-2.txt;13;0,1,2,9,8,6,12,3,4,11,7,10,5;0;39626
Memetic;19;data/FIS13-2.txt;13;7,0,1,5,11,4,3,2,6,8,12,10,9;0;46212
Memetic;20;data/FIS13-2.txt;13;8,4,3,0,1,2,9,6,5,10,7,11,12;0;40598
Memetic;21;data/FIS13-2.txt;13;3,5,8,4,7,2,1,0,6,9,10,12,11;0;48332
Memetic;22;data/FIS13-2.txt;13;5,11,2,4,8,12,9,0,1,7,10,6,3;0;45082
Memetic;23;data/FIS13-2.txt;13;2,1,3,0,5,4,11,12,8,6,10,9,7;0;41134
Memetic;24;data/FIS13-2.txt;13;8,6,0,4,11,5,2,3,7,1,12,10,9;0;49247
Memetic;25;data/FIS13-2.txt;13;8,6,0,1,2,3,4,5,7,9,10,11,12;0;49787
Memetic;26;data/FIS13-2.txt;13;6,3,0,1,7,8,9,12,10,5,11,4,2;0;49012
Memetic;27;data/FIS13-2.txt;13;8,6,0,1,2,3,4,5,7,9,10,11,12;0;49787
Memetic;28;data/FIS13-2.txt;13;3,0,2,5,12,11,1,9,10,6,8,4,7;0;45496
Memetic;29;data/FIS13-2.txt;13;1,3,4,8,6,10,12,2,11,0,5,9,7;0;48323
Memetic;30;data/FIS13-2.txt;13;1,0,3,8,10,6,9,11,4,2,12,5,7;0;47421
Memetic;1;data/FIS13-3.txt;13;0,8,5,1,12,6,9,10,4,3,2,7,11;0;35096
Memetic;2;data/FIS13-3.txt;13;12,1,4,9,0,3,6,2,7,11,10,8,5;0;34208
Memetic;3;data/FIS13-3.txt;13;9,0,1,12,5,6,3,2,4,8,10,11,7;0;39000
Memetic;4;data/FIS13-3.txt;13;3,0,12,1,7,8,10,5,6,4,9,2,11;0;44824
Memetic;5;data/FIS13-3.txt;13;12,1,2,5,3,6,11,7,9,4,10,0,8;0;34128
Memetic;6;data/FIS13-3.txt;13;8,1,0,4,10,11,7,2,6,12,3,9,5;0;42031
Memetic;7;data/FIS13-3.txt;13;11,6,0,1,12,10,5,8,4,3,2,7,9;0;43382
Memetic;8;data/FIS13-3.txt;13;12,1,6,8,0,7,4,9,11,5,2,3,10;0;39008
Memetic;9;data/FIS13-3.txt;13;3,10,2,11,5,0,7,8,9,4,1,12,6;0;38745
Memetic;10;data/FIS13-3.txt;13;7,11,12,1,4,10,3,8,0,9,5,6,2;0;30162
Memetic;11;data/FIS13-3.txt;13;3,12,1,5,9,7,2,0,8,11,6,4,10;0;36358
Memetic;12;data/FIS13-3.txt;13;0,8,3,5,12,6,2,1,10,4,9,11,7;0;37652
Memetic;13;data/FIS13-3.txt;13;1,2,3,6,8,11,7,9,5,0,12,4,10;0;37228
Memetic;14;data/FIS13-3.txt;13;12,11,6,3,2,7,4,0,10,8,9,5,1;0;40183
Memetic;15;data/FIS13-3.txt;13;0,4,8,9,7,11,6,12,5,2,1,10,3;0;43540
Memetic;16;data/FIS13-3.txt;13;10,1,0,9,4,8,11,7,2,3,6,5,12;0;30748
Memetic;17;data/FIS13-3.txt;13;8,5,12,6,3,1,2,9,4,7,0,10,11;0;40324
Memetic;18;data/FIS13-3.txt;13;10,11,2,3,6,5,9,4,1,7,8,0,12;0;42714
Memetic;19;data/FIS13-3.txt;13;9,11,6,7,0,8,3,5,2,12,10,1,4;0;43117
Memetic;20;data/FIS13-3.txt;13;11,10,0,8,5,12,6,3,1,9,4,7,2;0;31729
Memetic;21;data/FIS13-3.txt;13;6,11,2,1,12,4,3,0,8,7,5,10,9;0;37271
Memetic;22;data/FIS13-3.txt;13;3,0,8,4,6,5,10,11,7,2,9,12,1;0;38525
Memetic;23;data/FIS13-3.txt;13;0,3,6,4,12,11,10,1,2,7,9,5,8;0;40072
Memetic;24;data/FIS13-3.txt;13;2,3,5,11,9,6,7,8,0,10,4,1,12;0;39955
Memetic;25;data/FIS13-3.txt;13;2,3,4,10,12,1,6,11,9,5,0,7,8;0;39179
Memetic;26;data/FIS13-3.txt;13;6,4,8,0,9,2,3,10,7,11,1,12,5;0;43420
Memetic;27;data/FIS13-3.txt;13;5,1,3,0,7,11,8,10,12,6,2,9,4;0;35931
Memetic;28;data/FIS13-3.txt;13;6,1,4,9,5,7,2,3,0,10,12,8,11;0;30750
Memetic;29;data/FIS13-3.txt;13;0,7,2,6,11,9,12,1,8,10,4,5,3;0;37858
Memetic;30;data/FIS13-3.txt;13;4,12,1,6,5,10,8,0,9,11,3,2,7;0;39945
Memetic;1;data/FIS13-4.txt;13;9,3,0,1,2,4,5,6,7,8,10,11,12;0;43931
Memetic;2;data/FIS13-4.txt;13;4,0,1,10,8,2,12,11,5,6,7,3,9;0;43372
Memetic;3;data/FIS13-4.txt;13;8,10,2,3,0,1,4,6,11,9,5,7,12;0;41089
Memetic;4;data/FIS13-4.txt;13;6,2,0,3,1,9,11,8,10,5,12,7,4;0;41033
Memetic;5;data/FIS13-4.txt;13;0,4,6,2,3,7,5,9,11,12,10,8,1;0;41487
Memetic;6;data/FIS13-4.txt;13;0,1,4,8,5,9,10,11,7,2,12,6,3;0;39238
Memetic;7;data/FIS13-4.txt;13;11,10,8,1,3,0,5,6,4,9,7,2,12;0;41463
Memetic;8;data/FIS13-4.txt;13;9,3,0,1,2,4,5,6,7,8,10,11,12;0;43931
Memetic;9;data/FIS13-4.txt;13;11,9,5,3,1,4,10,7,6,2,8,0,12;0;39935
Memetic;10;data/FIS13-4.txt;13;1,4,0,3,6,7,12,2,8,5,11,10,9;0;41144
Memetic;11;data/FIS13-4.txt;13;2,4,1,8,5,9,11,0,10,12,7,3,6;0;31133
Memetic;12;data/FIS13-4.txt;13;9,3,0,1,2,4,5,6,7,8,10,11,12;0;43931
Memetic;13;data/FIS13-4.txt;13;4,2,3,9,0,6,8,5,11,12,7,10,1;0;38773
Memetic;14;data/FIS13-4.txt;13;4,1,0,3,5,9,12,2,8,10,6,11,7;0;37760
Memetic;15;data/FIS13-4.txt;13;10,9,5,3,4,1,6,7,12,11,0,2,8;0;40225
Memetic;16;data/FIS13-4.txt;13;7,5,9,11,3,8,2,4,6,12,0,1,10;0;36562
Memetic;17;data/FIS13-4.txt;13;4,0,7,12,11,5,1,9,3,2,6,8,10;0;41625
Memetic;18;data/FIS13-4.txt;13;9,3,0,1,2,4,5,6,7,8,10,11,12;0;43931
Memetic;19;data/FIS13-4.txt;13;9,3,0,1,2,4,5,6,7,8,10,11,12;0;43931
Memetic;20;data/FIS13-4.txt;13;1,4,7,8,6,2,12,0,10,5,3,11,9;0;41860
Memetic;21;data/FIS13-4.txt;13;10,1,3,7,11,0,9,8,6,2,4,12,5;0;40980
Memetic;22;data/FIS13-4.txt;13;9,0,1,7,2,8,6,3,12,11,5,10,4;0;37458
Memetic;23;data/FIS13-4.txt;13;7,4,1,3,0,2,9,5,11,6,8,10,12;0;39806
Memetic;24;data/FIS13-4.txt;13;9,3,0,1,2,4,5,6,7,8,10,11,12;0;43931
Memetic;25;data/FIS13-4.txt;13;0,6,9,7,10,1,4,3,11,5,8,2,12;0;40901
Memetic;26;data/FIS13-4.txt;13;3,1,10,2,4,7,9,11,8,6,5,12,0;0;43701
Memetic;27;data/FIS13-4.txt;13;0,12,3,6,4,1,9,5,2,8,10,11,7;0;39669
Memetic;28;data/FIS13-4.txt;13;7,4,1,3,2,8,10,0,11,9,6,5,12;0;41192
Memetic;29;data/FIS13-4.txt;13;0,2,12,7,4,6,8,3,9,11,5,10,1;0;42028
Memetic;30;data/FIS13-4.txt;13;8,5,9,1,3,4,2,6,11,12,7,10,0;0;43821
Memetic;1;data/FIS14-0.txt;14;13,1,3,4,5,6,8,9,2,12,11,0,7,10;0;45679
Memetic;2;data/FIS14-0.txt;14;6,9,7,8,5,1,2,3,13,10,11,12,4,0;0;44768
Memetic;3;data/FIS14-0.txt;14;13,1,2,10,0,11,9,6,8,4,12,5,3,7;0;48687
Memetic;4;data/FIS14-0.txt;14;10,1,0,4,6,8,5,11,9,7,2,12,3,13;0;42044
Memetic;5;data/FIS14-0.txt;14;12,9,0,11,5,2,10,13,1,8,6,7,3,4;0;50097
Memetic;6;data/FIS14-0.txt;14;5,1,0,3,7,9,6,2,10,13,11,8,4,12;0;46640
Memetic;7;data/FIS14-0.txt;14;10,9,1,5,7,2,0,8,4,12,3,6,11,13;0;50497
Memetic;8;data/FIS14-0.txt;14;7,9,11,0,3,8,4,10,13,12,6,2,1,5;0;44830
Memetic;9;data/FIS14-0.txt;14;0,2,12,11,10,4,8,5,6,3,1,7,9,13;0;47322
Memetic;10;data/FIS14-0.txt;14;9,2,11,13,3,8,0,5,1,6,7,12,4,10;0;51387
Memetic;11;data/FIS14-0.txt;14;10,12,2,0,1,4,5,8,6,11,13,3,7,9;0;45686
Memetic;12;data/FIS14-0.txt;14;0,2,1,6,4,7,3,12,9,10,13,8,5,11;0;49117
Memetic;13;data/FIS14-0.txt;14;7,2,3,4,6,5,8,12,11,13,10,0,9,1;0;45845
Memetic;14;data/FIS14-0.txt;14;6,3,0,4,1,13,10,2,12,11,7,9,8,5;0;40211
Memetic;15;data/FIS14-0.txt;14;7,12,4,5,0,11,9,8,6,2,10,3,1,13;0;42919
Memetic;16;data/FIS14-0.txt;14;8,12,2,0,3,4,6,5,7,11,13,1,9,10;0;46742
Memetic;17;data/FIS14-0.txt;14;4,8,0,5,3,12,2,7,1,13,6,9,11,10;0;48952
Memetic;18;data/FIS14-0.txt;14;2,1,6,0,5,10,4,8,13,11,9,7,3,12;0;46830
Memetic;19;data/FIS14-0.txt;14;5,4,0,9,2,7,1,3,6,12,11,8,13,10;0;46041
Memetic;20;data/FIS14-0.txt;14;10,2,1,13,3,5,7,9,6,4,12,8,11,0;0;49402
Memetic;21;data/FIS14-0.txt;14;5,6,1,0,3,7,9,2,12,4,10,13,8,11;0;36932
Memetic;22;data/FIS14-0.txt;14;4,0,11,1,2,3,12,6,8,7,9,10,13,5;0;49172
Memetic;23;data/FIS14-0.txt;14;7,2,0,3,12,4,10,1,6,8,5,11,9,13;0;49176
Memetic;24;data/FIS14-0.txt;14;13,8,1,2,4,6,9,0,5,10,7,3,12,11;0;45469
Memetic;25;data/FIS14-0.txt;14;7,13,1,2,3,6,9,0,12,8,5,4,11,10;0;53050
Memetic;26;data/FIS14-0.txt;14;12,3,4,6,11,1,2,0,5,8,13,10,7,9;0;42654
Memetic;27;data/FIS14-0.txt;14;2,0,3,4,6,5,8,1,13,10,7,11,9,12;0;41148
Memetic;28;data/FIS14-0.txt;14;1,6,4,3,7,2,10,5,8,13,11,12,9,0;0;47572
Memetic;29;data/FIS14-0.txt;14;10,7,3,5,8,12,2,0,4,1,6,9,11,13;0;44279
Memetic;30;data/FIS14-0.txt;14;11,0,8,9,6,5,12,2,4,1,13,10,7,3;0;42916
Memetic;1;data/FIS14-1.txt;14;1,13,2,6,10,11,3,0,4,5,7,8,12,9;0;52153
Memetic;2;data/FIS14-1.txt;14;12,13,0,10,5,1,7,4,3,9,2,11,6,8;0;58442
Memetic;3;data/FIS14-1.txt;14;13,0,10,7,1,5,11,3,6,8,12,9,2,4;0;54749
Memetic;4;data/FIS14-1.txt;14;7,3,10,0,13,4,1,5,6,2,11,9,12,8;0;49911
Memetic;5;data/FIS14-1.txt;14;3,13,9,1,2,5,6,8,11,12,7,10,0,4;0;56383
Memetic;6;data/FIS14-1.txt;14;2,6,8,4,7,1,10,9,12,0,13,11,3,5;0;49193
Memetic;7;data/FIS14-1.txt;14;2,10,6,3,11,1,8,0,13,4,9,7,12,5;0;55135
Memetic;8;data/FIS14-1.txt;14;0,4,13,3,7,1,10,12,9,5,6,2,11,8;0;51003
Memetic;9;data/FIS14-1.txt;14;0,8,1,10,7,9,6,4,2,11,3,12,5,13;0;43816
Memetic;10;data/FIS14-1.txt;14;1,11,2,4,6,9,7,10,0,5,13,3,12,8;0;54130
Memetic;11;data/FIS14-1.txt;14;10,0,6,1,3,5,9,12,13,4,7,8,11,2;0;57343
Memetic;12;data/FIS14-1.txt;14;2,11,13,12,3,0,4,6,5,9,7,10,1,8;0;50182
Memetic;13;data/FIS14-1.txt;14;13,4,1,3,5,7,6,10,2,11,8,0,12,9;0;46088
Memetic;14;data/FIS14-1.txt;14;0,5,2,11,8,6,7,9,3,1,4,12,13,10;0;55019
Memetic;15;data/FIS14-1.txt;14;7,5,6,8,0,10,9,1,11,3,2,12,4,13;0;51905
Memetic;16;data/FIS14-1.txt;14;3,2,6,5,13,0,10,8,11,9,12,4,7,1;0;51675
Memetic;17;data/FIS14-1.txt;14;11,8,12,0,5,3,1,7,2,10,6,13,4,9;0;54146
Memetic;18;data/FIS14-1.txt;14;6,8,1,10,13,4,2,3,5,9,7,12,0,11;0;56163
Memetic;19;data/FIS14-1.txt;14;0,8,6,7,13,9,10,3,4,1,5,2,11,12;0;44353
Memetic;20;data/FIS14-1.txt;14;13,0,12,1,3,4,2,11,8,6,10,7,9,5;0;46604
Memetic;21;data/FIS14-1.txt;14;9,12,13,0,4,2,1,6,8,5,10,3,11,7;0;55735
Memetic;22;data/FIS14-1.txt;14;9,11,8,1,5,2,13,0,12,7,10,6,4,3;0;48679
Memetic;23;data/FIS14-1.txt;14;6,10,13,3,1,5,7,4,0,2,11,9,12,8;0;52171
Memetic;24;data/FIS14-1.txt;14;13,7,9,12,0,4,3,11,8,2,1,10,6,5;0;51763
Memetic;25;data/FIS14-1.txt;14;6,0,8,2,3,1,10,5,4,13,12,11,9,7;0;56912
Memetic;26;data/FIS14-1.txt;14;10,1,3,13,5,2,12,6,9,7,11,8,0,4;0;56760
Memetic;27;data/FIS14-1.txt;14;1,10,8,6,7,5,13,12,0,2,4,3,11,9;0;52170
Memetic;28;data/FIS14-1.txt;14;5,1,11,3,6,0,12,8,10,7,9,13,4,2;0;51035
Memetic;29;data/FIS14-1.txt;14;0,12,4,13,6,8,9,10,11,2,3,1,7,5;0;52845
Memetic;30;data/FIS14-1.txt;14;6,7,2,12,0,8,4,11,9,3,1,5,13,10;0;52871
Memetic;1;data/FIS14-2.txt;14;5,7,3,9,12,1,11,4,13,8,6,10,0,2;0;51166
Memetic;2;data/FIS14-2.txt;14;0,6,10,4,2,5,3,8,12,13,9,1,11,7;0;46978
Memetic;3;data/FIS14-2.txt;14;7,3,9,6,10,1,12,5,0,13,4,8,11,2;0;46309
Memetic;4;data/FIS14-2.txt;14;4,0,2,12,1,8,3,6,13,11,9,7,5,10;0;48594
Memetic;5;data/FIS14-2.txt;14;9,3,4,10,1,0,6,7,12,13,11,8,2,5;0;43080
Memetic;6;data/FIS14-2.txt;14;5,7,0,6,4,9,13,11,1,2,3,12,8,10;0;46746
Memetic;7;data/FIS14-2.txt;14;1,0,4,13,10,5,2,6,3,12,8,9,11,7;0;49474
Memetic;8;data/FIS14-2.txt;14;12,1,9,13,3,2,0,5,10,4,8,11,6,7;0;53250
Memetic;9;data/FIS14-2.txt;14;6,13,2,7,5,0,1,12,8,10,4,3,11,9;0;47879
Memetic;10;data/FIS14-2.txt;14;9,4,3,7,1,12,5,0,2,13,11,10,6,8;0;51839
Memetic;11;data/FIS14-2.txt;14;11,7,6,2,0,4,12,3,8,13,10,5,9,1;0;48508
Memetic;12;data/FIS14-2.txt;14;2,1,3,6,0,5,10,8,11,9,4,12,7,13;0;48514
Memetic;13;data/FIS14-2.txt;14;2,10,8,6,5,0,3,7,1,11,13,9,12,4;0;42465
Memetic;14;data/FIS14-2.txt;14;5,11,13,12,3,8,6,0,4,9,1,10,7,2;0;47185
Memetic;15;data/FIS14-2.txt;14;9,3,13,4,0,6,2,10,1,12,8,11,7,5;0;50262
Memetic;16;data/FIS14-2.txt;14;4,12,9,3,1,7,2,11,6,0,5,10,8,13;0;51124
Memetic;17;data/FIS14-2.txt;14;2,10,12,0,6,8,9,3,13,4,7,1,11,5;0;52417
Memetic;18;data/FIS14-2.txt;14;4,0,2,13,7,1,10,6,8,3,9,5,11,12;0;45962
Memetic;19;data/FIS14-2.txt;14;4,0,3,12,7,2,10,8,5,11,1,9,6,13;0;49916
Memetic;20;data/FIS14-2.txt;14;1,0,4,9,2,13,3,10,6,7,11,8,5,12;0;52826
Memetic;21;data/FIS14-2.txt;14;3,9,13,4,0,1,2,7,6,5,10,8,11,12;0;47307
Memetic;22;data/FIS14-2.txt;14;3,0,12,1,4,11,7,13,2,5,10,6,9,8;0;50979
Memetic;23;data/FIS14-2.txt;14;1,8,5,6,12,13,2,4,0,3,9,11,7,10;0;45225
Memetic;24;data/FIS14-2.txt;14;1,9,3,13,0,6,7,11,2,5,10,12,4,8;0;48825
Memetic;25;data/FIS14-2.txt;14;12,1,7,3,9,8,5,13,6,0,2,11,4,10;0;48038
Memetic;26;data/FIS14-2.txt;14;2,5,9,3,4,10,7,8,6,0,1,11,13,12;0;41310
Memetic;27;data/FIS14-2.txt;14;0,12,5,2,7,3,9,13,11,8,4,6,10,1;0;43410
Memetic;28;data/FIS14-2.txt;14;0,1,2,5,10,6,12,4,13,11,7,9,3,8;0;45014
Memetic;29;data/FIS14-2.txt;14;1,3,6,0,8,10,5,2,4,9,11,13,7,12;0;50722
Memetic;30;data/FIS14-2.txt;14;2,8,11,1,7,9,3,0,12,4,10,5,6,13;0;47131
Memetic;1;data/FIS14-3.txt;14;5,4,7,0,6,3,12,1,2,10,13,9,11,8;0;45404
Memetic;2;data/FIS14-3.txt;14;4,9,1,2,10,0,5,12,3,7,11,6,8,13;0;46002
Memetic;3;data/FIS14-3.txt;14;9,4,2,0,10,11,3,13,6,8,5,7,12,1;0;47955
Memetic;4;data/FIS14-3.txt;14;13,4,3,8,7,2,10,11,1,6,0,5,9,12;0;45661
Memetic;5;data/FIS14-3.txt;14;13,4,2,1,7,3,11,0,5,9,8,6,12,10;0;45573
Memetic;6;data/FIS14-3.txt;14;1,6,2,7,5,8,3,4,12,9,0,10,13,11;0;49284
Memetic;7;data/FIS14-3.txt;14;13,10,12,1,4,9,3,0,5,8,7,11,2,6;0;49750
Memetic;8;data/FIS14-3.txt;14;0,5,4,13,2,12,1,8,6,11,3,7,9,10;0;52247
Memetic;9;data/FIS14-3.txt;14;5,6,11,8,1,10,0,4,7,2,3,13,12,9;0;47871
Memetic;10;data/FIS14-3.txt;14;3,2,6,13,12,4,9,1,11,7,10,0,5,8;0;49979
Memetic;11;data/FIS14-3.txt;14;9,2,1,8,6,10,13,3,4,11,0,5,7,12;0;46611
Memetic;12;data/FIS14-3.txt;14;3,11,1,4,7,8,5,0,9,12,10,13,2,6;0;46689
Memetic;13;data/FIS14-3.txt;14;8,11,2,1,3,4,6,0,7,12,13,10,9,5;0;54314
Memetic;14;data/FIS14-3.txt;14;7,8,0,13,4,11,1,3,6,2,10,12,9,5;0;49910
Memetic;15;data/FIS14-3.txt;14;3,5,6,8,0,10,12,2,13,1,4,7,11,9;0;49350
Memetic;16;data/FIS14-3.txt;14;9,7,5,1,2,4,3,8,6,10,13,11,0,12;0;49550
Memetic;17;data/FIS14-3.txt;14;8,5,2,11,4,9,1,7,0,10,12,13,3,6;0;46385
Memetic;18;data/FIS14-3.txt;14;0,13,8,5,1,12,3,7,2,9,4,10,11,6;0;49973
Memetic;19;data/FIS14-3.txt;14;7,6,0,10,3,5,8,12,13,4,2,1,11,9;0;47716
Memetic;20;data/FIS14-3.txt;14;2,1,7,8,5,13,10,12,9,3,6,0,11,4;0;43686
Memetic;21;data/FIS14-3.txt;14;6,2,1,12,9,7,8,5,0,10,11,3,4,13;0;44429
Memetic;22;data/FIS14-3.txt;14;1,5,9,3,13,4,0,6,2,11,8,12,10,7;0;53945
Memetic;23;data/FIS14-3.txt;14;9,1,7,8,5,0,4,3,2,6,10,13,11,12;0;42367
Memetic;24;data/FIS14-3.txt;14;6,2,1,11,13,0,8,12,10,9,5,3,4,7;0;51148
Memetic;25;data/FIS14-3.txt;14;7,9,11,10,3,6,2,4,12,1,13,8,5,0;0;41717
Memetic;26;data/FIS14-3.txt;14;10,0,11,2,6,8,3,4,13,9,5,7,1,12;0;43225
Memetic;27;data/FIS14-3.txt;14;5,0,6,7,2,10,4,3,9,12,8,13,1,11;0;52587
Memetic;28;data/FIS14-3.txt;14;1,5,0,2,4,3,9,11,10,13,8,7,6,12;0;51284
Memetic;29;data/FIS14-3.txt;14;9,5,4,0,2,6,8,11,12,3,7,1,13,10;0;50311
Memetic;30;data/FIS14-3.txt;14;1,13,11,7,5,9,3,6,0,10,4,2,8,12;0;46266
Memetic;1;data/FIS14-4.txt;14;13,0,2,4,6,11,8,7,9,10,3,5,12,1;0;55299
Memetic;2;data/FIS14-4.txt;14;11,3,2,13,9,7,0,12,10,5,4,8,1,6;0;48321
Memetic;3;data/FIS14-4.txt;14;9,3,11,6,0,5,13,1,2,8,4,7,12,10;0;46775
Memetic;4;data/FIS14-4.txt;14;4,6,11,9,13,7,0,12,8,1,2,3,10,5;0;46937
Memetic;5;data/FIS14-4.txt;14;11,6,9,10,4,0,7,8,5,2,1,13,3,12;0;50279
Memetic;6;data/FIS14-4.txt;14;8,2,3,10,13,4,6,11,12,0,9,7,5,1;0;43666
Memetic;7;data/FIS14-4.txt;14;6,12,2,13,4,7,3,1,8,9,10,11,5,0;0;50265
Memetic;8;data/FIS14-4.txt;14;7,9,10,12,2,11,6,8,0,4,3,13,1,5;0;47802
Memetic;9;data/FIS14-4.txt;14;9,5,0,1,4,10,8,12,11,6,7,2,13,3;0;49329
Memetic;10;data/FIS14-4.txt;14;3,4,10,9,7,5,11,12,2,8,0,6,1,13;0;43753
Memetic;11;data/FIS14-4.txt;14;10,4,5,7,13,8,2,3,0,6,9,12,1,11;0;57162
Memetic;12;data/FIS14-4.txt;14;6,2,12,4,3,5,11,10,13,1,8,0,7,9;0;47150
Memetic;13;data/FIS14-4.txt;14;11,0,1,3,4,10,6,2,13,8,5,9,7,12;0;56199
Memetic;14;data/FIS14-4.txt;14;1,2,13,4,10,7,9,5,0,12,8,3,11,6;0;51586
Memetic;15;data/FIS14-4.txt;14;11,8,1,2,5,9,10,13,3,7,4,12,0,6;0;45915
Memetic;16;data/FIS14-4.txt;14;7,9,13,6,4,10,8,5,2,3,11,1,12,0;0;52449
Memetic;17;data/FIS14-4.txt;14;1,2,12,11,0,7,4,10,3,5,9,13,6,8;0;48872
Memetic;18;data/FIS14-4.txt;14;1,13,2,8,0,4,6,10,11,3,7,9,5,12;0;45440
Memetic;19;data/FIS14-4.txt;14;5,10,13,0,9,7,4,1,6,3,11,8,12,2;0;51218
Memetic;20;data/FIS14-4.txt;14;10,13,6,0,11,12,1,7,4,8,5,3,9,2;0;56912
Memetic;21;data/FIS14-4.txt;14;2,5,11,9,8,13,6,0,7,1,12,3,10,4;0;54469
Memetic;22;data/FIS14-4.txt;14;5,9,10,12,1,8,13,6,2,3,7,4,0,11;0;51592
Memetic;23;data/FIS14-4.txt;14;4,6,11,10,13,0,5,8,2,3,1,12,9,7;0;54768
Memetic;24;data/FIS14-4.txt;14;7,4,10,8,1,0,5,11,6,12,3,13,9,2;0;54314
Memetic;25;data/FIS14-4.txt;14;10,9,5,0,13,1,8,2,7,12,3,4,6,11;0;45866
Memetic;26;data/FIS14-4.txt;14;13,8,10,0,9,12,3,5,2,4,1,6,11,7;0;50836
Memetic;27;data/FIS14-4.txt;14;12,2,3,9,5,0,4,10,11,6,1,8,13,7;0;49050
Memetic;28;data/FIS14-4.txt;14;5,11,10,13,2,8,6,1,4,7,3,9,0,12;0;52707
Memetic;29;data/FIS14-4.txt;14;2,12,9,8,4,3,10,13,1,5,7,11,6,0;0;48485
Memetic;30;data/FIS14-4.txt;14;8,0,6,11,10,12,9,7,2,13,3,4,1,5;0;48664
GeneticImproved;1;data/FIS5-0.txt;5;0,2,1,4,3;0;18430
GeneticImproved;2;data/FIS5-0.txt;5;4,1,2,0,3;0;18430
GeneticImproved;3;data/FIS5-0.txt;5;2,0,3,4,1;0;18430
GeneticImproved;4;data/FIS5-0.txt;5;0,3,4,1,2;0;18430
GeneticImproved;5;data/FIS5-0.txt;5;1,4,3,0,2;0;18430
GeneticImproved;6;data/FIS5-0.txt;5;4,1,2,0,3;0;18430
GeneticImproved;7;data/FIS5-0.txt;5;0,2,1,4,3;0;18430
GeneticImproved;8;data/FIS5-0.txt;5;1,2,0,3,4;0;18430
GeneticImproved;9;data/FIS5-0.txt;5;0,2,1,4,3;0;18430
GeneticImproved;10;data/FIS5-0.txt;5;4,1,2,0,3;0;18430
GeneticImproved;11;data/FIS5-0.txt;5;0,2,1,4,3;0;18430
GeneticImproved;12;data/FIS5-0.txt;5;1,2,0,3,4;0;18430
GeneticImproved;13;data/FIS5-0.txt;5;0,3,4,1,2;0;18430
GeneticImproved;14;data/FIS5-0.txt;5;0,3,4,1,2;0;18430
GeneticImproved;15;data/FIS5-0.txt;5;3,4,1,2,0;0;18430
GeneticImproved;16;data/FIS5-0.txt;5;2,0,3,4,1;0;18430
GeneticImproved;17;data/FIS5-0.txt;5;0,2,1,4,3;0;18430
GeneticImproved;18;data/FIS5-0.txt;5;4,1,2,0,3;0;18430
GeneticImproved;19;data/FIS5-0.txt;5;2,1,4,3,0;0;18430
GeneticImproved;20;data/FIS5-0.txt;5;4,3,0,2,1;0;18430
GeneticImproved;21;data/FIS5-0.txt;5;3,0,2,1,4;0;18430
GeneticImproved;22;data/FIS5-0.txt;5;0,2,1,4,3;0;18430
GeneticImproved;23;data/FIS5-0.txt;5;3,0,2,1,4;0;18430
GeneticImproved;24;data/FIS5-0.txt;5;3,0,2,1,4;0;18430
GeneticImproved;25;data/FIS5-0.txt;5;1,2,0,3,4;0;18430
GeneticImproved;26;data/FIS5-0.txt;5;3,0,2,1,4;0;18430
GeneticImproved;27;data/FIS5-0.txt;5;4,1,2,0,3;0;18430
GeneticImproved;28;data/FIS5-0.txt;5;1,2,0,3,4;0;18430
GeneticImproved;29;data/FIS5-0.txt;5;0,3,4,1,2;0;18430
GeneticImproved;30;data/FIS5-0.txt;5;2,0,3,4,1;0;18430
GeneticImproved;1;data/FIS5-1.txt;5;1,3,2,4,0;0;22351
GeneticImproved;2;data/FIS5-1.txt;5;4,0,1,3,2;0;22351
GeneticImproved;3;data/FIS5-1.txt;5;2,4,0,1,3;0;22351
GeneticImproved;4;data/FIS5-1.txt;5;2,4,0,1,3;0;22351
GeneticImproved;5;data/FIS5-1.txt;5;2,4,0,1,3;0;22351
GeneticImproved;6;data/FIS5-1.txt;5;0,4,2,3,1;0;22351
GeneticImproved;7;data/FIS5-1.txt;5;0,4,2,3,1;0;22351
GeneticImproved;8;data/FIS5-1.txt;5;2,3,1,0,4;0;22351
GeneticImproved;9;data/FIS5-1.txt;5;1,0,4,2,3;0;22351
GeneticImproved;10;data/FIS5-1.txt;5;2,3,1,0,4;0;22351
GeneticImproved;11;data/FIS5-1.txt;5;4,0,1,3,2;0;22351
GeneticImproved;12;data/FIS5-1.txt;5;0,1,3,2,4;0;22351
GeneticImproved;13;data/FIS5-1.txt;5;3,1,0,4,2;0;22351
GeneticImproved;14;data/FIS5-1.txt;5;4,0,1,3,2;0;22351
GeneticImproved;15;data/FIS5-1.txt;5;3,1,0,4,2;0;22351
GeneticImproved;16;data/FIS5-1.txt;5;4,2,3,1,0;0;22351
GeneticImproved;17;data/FIS5-1.txt;5;3,2,4,0,1;0;22351
GeneticImproved;18;data/FIS5-1.txt;5;0,1,3,2,4;0;22351
GeneticImproved;19;data/FIS5-1.txt;5;0,1,3,2,4;0;22351
GeneticImproved;20;data/FIS5-1.txt;5;4,0,1,3,2;0;22351
GeneticImproved;21;data/FIS5-1.txt;5;2,4,0,1,3;0;22351
GeneticImproved;22;data/FIS5-1.txt;5;0,1,3,2,4;0;22351
GeneticImproved;23;data/FIS5-1.txt;5;0,4,2,3,1;0;22351
GeneticImproved;24;data/FIS5-1.txt;5;3,2,4,0,1;0;22351
GeneticImproved;25;data/FIS5-1.txt;5;3,1,0,4,2;0;22351
GeneticImproved;26;data/FIS5-1.txt;5;2,4,0,1,3;0;22351
GeneticImproved;27;data/FIS5-1.txt;5;0,4,2,3,1;0;22351
GeneticImproved;28;data/FIS5-1.txt;5;0,1,3,2,4;0;22351
GeneticImproved;29;data/FIS5-1.txt;5;4,2,3,1,0;0;22351
GeneticImproved;30;data/FIS5-1.txt;5;2,3,1,0,4;0;22351
GeneticImproved;1;data/FIS5-2.txt;5;1,4,2,3,0;0;15356
GeneticImproved;2;data/FIS5-2.txt;5;1,0,3,2,4;0;15356
GeneticImproved;3;data/FIS5-2.txt;5;0,1,4,2,3;0;15356
GeneticImproved;4;data/FIS5-2.txt;5;2,4,1,0,3;0;15356
GeneticImproved;5;data/FIS5-2.txt;5;3,2,4,1,0;0;15356
GeneticImproved;6;data/FIS5-2.txt;5;0,1,4,2,3;0;15356
GeneticImproved;7;data/FIS5-2.txt;5;1,0,3,2,4;0;15356
GeneticImproved;8;data/FIS5-2.txt;5;3,0,1,4,2;0;15356
GeneticImproved;9;data/FIS5-2.txt;5;0,1,4,2,3;0;15356
GeneticImproved;10;data/FIS5-2.txt;5;2,3,0,1,4;0;15356
GeneticImproved;11;data/FIS5-2.txt;5;0,1,4,2,3;0;15356
GeneticImproved;12;data/FIS5-2.txt;5;1,0,3,2,4;0;15356
GeneticImproved;13;data/FIS5-2.txt;5;1,4,2,3,0;0;15356
GeneticImproved;14;data/FIS5-2.txt;5;0,3,2,4,1;0;15356
GeneticImproved;15;data/FIS5-2.txt;5;1,0,3,2,4;0;15356
GeneticImproved;16;data/FIS5-2.txt;5;4,1,0,3,2;0;15356
GeneticImproved;17;data/FIS5-2.txt;5;3,2,4,1,0;0;15356
GeneticImproved;18;data/FIS5-2.txt;5;0,1,4,2,3;0;15356
GeneticImproved;19;data/FIS5-2.txt;5;1,0,3,2,4;0;15356
GeneticImproved;20;data/FIS5-2.txt;5;1,0,3,2,4;0;15356
GeneticImproved;21;data/FIS5-2.txt;5;4,2,3,0,1;0;15356
GeneticImproved;22;data/FIS5-2.txt;5;0,1,4,2,3;0;15356
GeneticImproved;23;data/FIS5-2.txt;5;0,1,4,2,3;0;15356
GeneticImproved;24;data/FIS5-2.txt;5;0,1,4,2,3;0;15356
GeneticImproved;25;data/FIS5-2.txt;5;3,0,1,4,2;0;15356
GeneticImproved;26;data/FIS5-2.txt;5;0,1,4,2,3;0;15356
GeneticImproved;27;data/FIS5-2.txt;5;4,1,0,3,2;0;15356
GeneticImproved;28;data/FIS5-2.txt;5;1,0,3,2,4;0;15356
GeneticImproved;29;data/FIS5-2.txt;5;1,0,3,2,4;0;15356
GeneticImproved;30;data/FIS5-2.txt;5;1,4,2,3,0;0;15356
GeneticImproved;1;data/FIS5-3.txt;5;4,1,0,3,2;0;21245
GeneticImproved;2;data/FIS5-3.txt;5;0,1,4,2,3;0;21245
GeneticImproved;3;data/FIS5-3.txt;5;2,4,1,0,3;0;21245
GeneticImproved;4;data/FIS5-3.txt;5;2,3,0,1,4;0;21245
GeneticImproved;5;data/FIS5-3.txt;5;0,3,2,4,1;0;21245
GeneticImproved;6;data/FIS5-3.txt;5;0,3,2,4,1;0;21245
GeneticImproved;7;data/FIS5-3.txt;5;2,4,1,0,3;0;21245
GeneticImproved;8;data/FIS5-3.txt;5;0,1,4,2,3;0;21245
GeneticImproved;9;data/FIS5-3.txt;5;3,0,1,4,2;0;21245
GeneticImproved;10;data/FIS5-3.txt;5;1,0,3,2,4;0;21245
GeneticImproved;11;data/FIS5-3.txt;5;0,1,4,2,3;0;21245
GeneticImproved;12;data/FIS5-3.txt;5;0,1,4,2,3;0;21245
GeneticImproved;13;data/FIS5-3.txt;5;2,3,0,1,4;0;21245
GeneticImproved;14;data/FIS5-3.txt;5;0,3,2,4,1;0;21245
GeneticImproved;15;data/FIS5-3.txt;5;1,4,2,3,0;0;21245
GeneticImproved;16;data/FIS5-3.txt;5;3,0,1,4,2;0;21245
GeneticImproved;17;data/FIS5-3.txt;5;0,1,4,2,3;0;21245
GeneticImproved;18;data/FIS5-3.txt;5;2,3,0,1,4;0;21245
GeneticImproved;19;data/FIS5-3.txt;5;1,0,3,2,4;0;21245
GeneticImproved;20;data/FIS5-3.txt;5;1,4,2,3,0;0;21245
GeneticImproved;21;data/FIS5-3.txt;5;4,1,0,3,2;0;21245
GeneticImproved;22;data/FIS5-3.txt;5;1,0,3,2,4;0;21245
GeneticImproved;23;data/FIS5-3.txt;5;3,2,4,1,0;0;21245
GeneticImproved;24;data/FIS5-3.txt;5;2,3,0,1,4;0;21245
GeneticImproved;25;data/FIS5-3.txt;5;0,1,4,2,3;0;21245
GeneticImproved;26;data/FIS5-3.txt;5;4,1,0,3,2;0;21245
GeneticImproved;27;data/FIS5-3.txt;5;2,4,1,0,3;0;21245
GeneticImproved;28;data/FIS5-3.txt;5;2,3,0,1,4;0;21245
GeneticImproved;29;data/FIS5-3.txt;5;0,3,2,4,1;0;21245
GeneticImproved;30;data/FIS5-3.txt;5;0,1,4,2,3;0;21245
GeneticImproved;1;data/FIS5-4.txt;5;0,1,4,3,2;0;19418
GeneticImproved;2;data/FIS5-4.txt;5;4,1,0,2,3;0;19418
GeneticImproved;3;data/FIS5-4.txt;5;1,0,2,3,4;0;19418
GeneticImproved;4;data/FIS5-4.txt;5;0,1,4,3,2;0;19418
GeneticImproved;5;data/FIS5-4.txt;5;1,0,2,3,4;0;19418
GeneticImproved;6;data/FIS5-4.txt;5;4,1,0,2,3;0;19418
GeneticImproved;7;data/FIS5-4.txt;5;4,3,2,0,1;0;19418
GeneticImproved;8;data/FIS5-4.txt;5;0,1,4,3,2;0;19418
GeneticImproved;9;data/FIS5-4.txt;5;2,0,1,4,3;0;19418
GeneticImproved;10;data/FIS5-4.txt;5;3,2,0,1,4;0;19418
GeneticImproved;11;data/FIS5-4.txt;5;4,1,0,2,3;0;19418
GeneticImproved;12;data/FIS5-4.txt;5;4,1,0,2,3;0;19418
GeneticImproved;13;data/FIS5-4.txt;5;0,1,4,3,2;0;19418
GeneticImproved;14;data/FIS5-4.txt;5;3,4,1,0,2;0;19418
GeneticImproved;15;data/FIS5-4.txt;5;1,0,2,3,4;0;19418
GeneticImproved;16;data/FIS5-4.txt;5;3,2,0,1,4;0;19418
GeneticImproved;17;data/FIS5-4.txt;5;4,1,0,2,3;0;19418
GeneticImproved;18;data/FIS5-4.txt;5;1,0,2,3,4;0;19418
GeneticImproved;19;data/FIS5-4.txt;5;0,2,3,4,1;0;19418
GeneticImproved;20;data/FIS5-4.txt;5;2,0,1,4,3;0;19418
GeneticImproved;21;data/FIS5-4.txt;5;1,0,2,3,4;0;19418
GeneticImproved;22;data/FIS5-4.txt;5;4,3,2,0,1;0;19418
GeneticImproved;23;data/FIS5-4.txt;5;4,1,0,2,3;0;19418
GeneticImproved;24;data/FIS5-4.txt;5;0,2,3,4,1;0;19418
GeneticImproved;25;data/FIS5-4.txt;5;1,0,2,3,4;0;19418
GeneticImproved;26;data/FIS5-4.txt;5;4,1,0,2,3;0;19418
GeneticImproved;27;data/FIS5-4.txt;5;0,2,3,4,1;0;19418
GeneticImproved;28;data/FIS5-4.txt;5;3,2,0,1,4;0;19418
GeneticImproved;29;data/FIS5-4.txt;5;0,1,4,3,2;0;19418
GeneticImproved;30;data/FIS5-4.txt;5;0,1,4,3,2;0;19418
GeneticImproved;1;data/FIS6-0.txt;6;3,4,0,1,2,5;0;15576
GeneticImproved;2;data/FIS6-0.txt;6;0,4,3,5,2,1;0;15576
GeneticImproved;3;data/FIS6-0.txt;6;3,4,0,1,2,5;0;15576
GeneticImproved;4;data/FIS6-0.txt;6;3,4,0,1,2,5;0;15576
GeneticImproved;5;data/FIS6-0.txt;6;0,1,2,5,3,4;0;15576
GeneticImproved;6;data/FIS6-0.txt;6;1,0,4,3,5,2;0;15576
GeneticImproved;7;data/FIS6-0.txt;6;5,3,4,0,1,2;0;15576
GeneticImproved;8;data/FIS6-0.txt;6;0,4,3,5,2,1;0;15576
GeneticImproved;9;data/FIS6-0.txt;6;3,4,0,1,2,5;0;15576
GeneticImproved;10;data/FIS6-0.txt;6;2,5,3,4,0,1;0;15576
GeneticImproved;11;data/FIS6-0.txt;6;2,1,0,4,3,5;0;15576
GeneticImproved;12;data/FIS6-0.txt;6;3,4,0,1,2,5;0;15576
GeneticImproved;13;data/FIS6-0.txt;6;3,4,0,1,2,5;0;15576
GeneticImproved;14;data/FIS6-0.txt;6;3,4,0,1,2,5;0;15576
GeneticImproved;15;data/FIS6-0.txt;6;5,3,4,0,1,2;0;15576
GeneticImproved;16;data/FIS6-0.txt;6;5,2,1,0,4,3;0;15576
GeneticImproved;17;data/FIS6-0.txt;6;1,2,5,3,4,0;0;15576
GeneticImproved;18;data/FIS6-0.txt;6;0,1,2,5,3,4;0;15576
GeneticImproved;19;data/FIS6-0.txt;6;5,3,4,0,1,2;0;15576
GeneticImproved;20;data/FIS6-0.txt;6;1,0,4,3,5,2;0;15576
GeneticImproved;21;data/FIS6-0.txt;6;2,1,0,4,3,5;0;15576
GeneticImproved;22;data/FIS6-0.txt;6;2,5,3,4,0,1;0;15576
GeneticImproved;23;data/FIS6-0.txt;6;3,4,0,1,2,5;0;15576
GeneticImproved;24;data/FIS6-0.txt;6;4,0,1,2,5,3;0;15576
GeneticImproved;25;data/FIS6-0.txt;6;3,4,0,1,2,5;0;15576
GeneticImproved;26;data/FIS6-0.txt;6;3,4,0,1,2,5;0;15576
GeneticImproved;27;data/FIS6-0.txt;6;0,1,2,5,3,4;0;15576
GeneticImproved;28;data/FIS6-0.txt;6;5,3,4,0,1,2;0;15576
GeneticImproved;29;data/FIS6-0.txt;6;0,1,2,5,3,4;0;15576
GeneticImproved;30;data/FIS6-0.txt;6;5,3,4,0,1,2;0;15576
GeneticImproved;1;data/FIS6-1.txt;6;0,1,3,2,4,5;0;19436
GeneticImproved;2;data/FIS6-1.txt;6;0,1,3,2,4,5;0;19436
GeneticImproved;3;data/FIS6-1.txt;6;2,5,0,1,3,4;0;21573
GeneticImproved;4;data/FIS6-1.txt;6;1,0,5,4,2,3;0;19436
GeneticImproved;5;data/FIS6-1.txt;6;2,4,5,0,1,3;0;19436
GeneticImproved;6;data/FIS6-1.txt;6;2,3,1,0,5,4;0;19436
GeneticImproved;7;data/FIS6-1.txt;6;0,5,4,2,3,1;0;19436
GeneticImproved;8;data/FIS6-1.txt;6;0,1,3,2,4,5;0;19436
GeneticImproved;9;data/FIS6-1.txt;6;4,2,3,1,0,5;0;19436
GeneticImproved;10;data/FIS6-1.txt;6;4,3,1,0,5,2;0;21573
GeneticImproved;11;data/FIS6-1.txt;6;4,5,0,1,3,2;0;19436
GeneticImproved;12;data/FIS6-1.txt;6;0,1,3,2,4,5;0;19436
GeneticImproved;13;data/FIS6-1.txt;6;1,3,2,4,5,0;0;19436
GeneticImproved;14;data/FIS6-1.txt;6;4,5,0,1,3,2;0;19436
GeneticImproved;15;data/FIS6-1.txt;6;4,2,3,1,0,5;0;19436
GeneticImproved;16;data/FIS6-1.txt;6;0,1,3,4,2,5;0;21573
GeneticImproved;17;data/FIS6-1.txt;6;0,1,3,2,4,5;0;19436
GeneticImproved;18;data/FIS6-1.txt;6;0,1,3,2,4,5;0;19436
GeneticImproved;19;data/FIS6-1.txt;6;0,1,3,2,4,5;0;19436
GeneticImproved;20;data/FIS6-1.txt;6;3,1,0,5,4,2;0;19436
GeneticImproved;21;data/FIS6-1.txt;6;2,5,0,1,3,4;0;21573
GeneticImproved;22;data/FIS6-1.txt;6;0,1,3,2,4,5;0;19436
GeneticImproved;23;data/FIS6-1.txt;6;2,4,5,0,1,3;0;19436
GeneticImproved;24;data/FIS6-1.txt;6;5,0,1,3,2,4;0;19436
GeneticImproved;25;data/FIS6-1.txt;6;0,1,3,2,4,5;0;19436
GeneticImproved;26;data/FIS6-1.txt;6;5,0,1,3,2,4;0;19436
GeneticImproved;27;data/FIS6-1.txt;6;5,4,2,3,1,0;0;19436
GeneticImproved;28;data/FIS6-1.txt;6;0,1,3,2,4,5;0;19436
GeneticImproved;29;data/FIS6-1.txt;6;0,1,3,2,4,5;0;19436
GeneticImproved;30;data/FIS6-1.txt;6;4,5,0,1,3,2;0;19436
GeneticImproved;1;data/FIS6-2.txt;6;5,4,1,0,2,3;0;23991
GeneticImproved;2;data/FIS6-2.txt;6;3,2,0,1,4,5;0;23991
GeneticImproved;3;data/FIS6-2.txt;6;4,1,0,2,3,5;0;23991
GeneticImproved;4;data/FIS6-2.txt;6;0,2,3,5,4,1;0;23991
GeneticImproved;5;data/FIS6-2.txt;6;4,1,0,2,3,5;0;23991
GeneticImproved;6;data/FIS6-2.txt;6;0,2,3,5,4,1;0;23991
GeneticImproved;7;data/FIS6-2.txt;6;3,2,0,1,4,5;0;23991
GeneticImproved;8;data/FIS6-2.txt;6;0,1,4,5,3,2;0;23991
GeneticImproved;9;data/FIS6-2.txt;6;4,1,0,2,3,5;0;23991
GeneticImproved;10;data/FIS6-2.txt;6;4,1,0,2,3,5;0;23991
GeneticImproved;11;data/FIS6-2.txt;6;4,1,0,2,3,5;0;23991
GeneticImproved;12;data/FIS6-2.txt;6;3,2,0,1,4,5;0;23991
GeneticImproved;13;data/FIS6-2.txt;6;5,3,2,0,1,4;0;23991
GeneticImproved;14;data/FIS6-2.txt;6;4,1,0,2,3,5;0;23991
GeneticImproved;15;data/FIS6-2.txt;6;1,4,5,3,2,0;0;23991
GeneticImproved;16;data/FIS6-2.txt;6;0,2,3,5,4,1;0;23991
GeneticImproved;17;data/FIS6-2.txt;6;4,1,0,2,3,5;0;23991
GeneticImproved;18;data/FIS6-2.txt;6;4,1,0,2,3,5;0;23991
GeneticImproved;19;data/FIS6-2.txt;6;4,1,0,2,3,5;0;23991
GeneticImproved;20;data/FIS6-2.txt;6;0,2,3,5,4,1;0;23991
GeneticImproved;21;data/FIS6-2.txt;6;1,4,5,3,2,0;0;23991
GeneticImproved;22;data/FIS6-2.txt;6;5,4,1,0,2,3;0;23991
GeneticImproved;23;data/FIS6-2.txt;6;2,0,1,4,5,3;0;23991
GeneticImproved;24;data/FIS6-2.txt;6;3,2,0,1,4,5;0;23991
GeneticImproved;25;data/FIS6-2.txt;6;0,1,4,5,3,2;0;23991
GeneticImproved;26;data/FIS6-2.txt;6;1,4,5,3,2,0;0;23991
GeneticImproved;27;data/FIS6-2.txt;6;4,1,0,2,3,5;0;23991
GeneticImproved;28;data/FIS6-2.txt;6;0,1,4,5,3,2;0;23991
GeneticImproved;29;data/FIS6-2.txt;6;4,1,0,2,3,5;0;23991
GeneticImproved;30;data/FIS6-2.txt;6;4,1,0,2,3,5;0;23991
GeneticImproved;1;data/FIS6-3.txt;6;0,2,4,1,3,5;0;13819
GeneticImproved;2;data/FIS6-3.txt;6;1,5,3,2,0,4;0;15595
GeneticImproved;3;data/FIS6-3.txt;6;3,1,4,2,0,5;0;13819
GeneticImproved;4;data/FIS6-3.txt;6;1,4,2,0,5,3;0;13819
GeneticImproved;5;data/FIS6-3.txt;6;0,2,4,1,3,5;0;13819
GeneticImproved;6;data/FIS6-3.txt;6;0,2,4,1,3,5;0;13819
GeneticImproved;7;data/FIS6-3.txt;6;1,3,5,0,2,4;0;13819
GeneticImproved;8;data/FIS6-3.txt;6;4,1,3,5,0,2;0;13819
GeneticImproved;9;data/FIS6-3.txt;6;3,1,4,2,0,5;0;13819
GeneticImproved;10;data/FIS6-3.txt;6;0,5,3,1,4,2;0;13819
GeneticImproved;11;data/FIS6-3.txt;6;0,5,3,1,4,2;0;13819
GeneticImproved;12;data/FIS6-3.txt;6;5,3,2,0,4,1;0;15595
GeneticImproved;13;data/FIS6-3.txt;6;0,2,4,1,3,5;0;13819
GeneticImproved;14;data/FIS6-3.txt;6;5,0,2,4,1,3;0;13819
GeneticImproved;15;data/FIS6-3.txt;6;5,0,2,4,1,3;0;13819
GeneticImproved;16;data/FIS6-3.txt;6;0,2,4,1,3,5;0;13819
GeneticImproved;17;data/FIS6-3.txt;6;5,3,1,4,2,0;0;13819
GeneticImproved;18;data/FIS6-3.txt;6;0,2,4,1,3,5;0;13819
GeneticImproved;19;data/FIS6-3.txt;6;3,1,4,2,0,5;0;13819
GeneticImproved;20;data/FIS6-3.txt;6;4,2,0,5,3,1;0;13819
GeneticImproved;21;data/FIS6-3.txt;6;5,0,2,4,1,3;0;13819
GeneticImproved;22;data/FIS6-3.txt;6;3,1,4,2,0,5;0;13819
GeneticImproved;23;data/FIS6-3.txt;6;2,3,5,1,4,0;0;15595
GeneticImproved;24;data/FIS6-3.txt;6;1,4,0,2,3,5;0;15595
GeneticImproved;25;data/FIS6-3.txt;6;0,2,4,1,3,5;0;13819
GeneticImproved;26;data/FIS6-3.txt;6;1,3,5,0,2,4;0;13819
GeneticImproved;27;data/FIS6-3.txt;6;0,2,4,1,3,5;0;13819
GeneticImproved;28;data/FIS6-3.txt;6;5,3,1,4,2,0;0;13819
GeneticImproved;29;data/FIS6-3.txt;6;0,2,4,1,3,5;0;13819
GeneticImproved;30;data/FIS6-3.txt;6;0,5,3,1,4,2;0;13819
GeneticImproved;1;data/FIS6-4.txt;6;2,1,3,5,0,4;0;16139
GeneticImproved;2;data/FIS6-4.txt;6;0,5,3,1,2,4;0;16139
GeneticImproved;3;data/FIS6-4.txt;6;2,1,3,5,0,4;0;16139
GeneticImproved;4;data/FIS6-4.txt;6;0,4,2,1,3,5;0;16139
GeneticImproved;5;data/FIS6-4.txt;6;4,0,5,3,1,2;0;16139
GeneticImproved;6;data/FIS6-4.txt;6;3,1,2,4,0,5;0;16139
GeneticImproved;7;data/FIS6-4.txt;6;5,3,1,2,4,0;0;16139
GeneticImproved;8;data/FIS6-4.txt;6;0,5,3,1,2,4;0;16139
GeneticImproved;9;data/FIS6-4.txt;6;0,5,3,1,2,4;0;16139
GeneticImproved;10;data/FIS6-4.txt;6;0,4,2,1,3,5;0;16139
GeneticImproved;11;data/FIS6-4.txt;6;0,5,3,1,2,4;0;16139
GeneticImproved;12;data/FIS6-4.txt;6;3,1,2,4,0,5;0;16139
GeneticImproved;13;data/FIS6-4.txt;6;4,0,5,3,1,2;0;16139
GeneticImproved;14;data/FIS6-4.txt;6;2,4,0,5,3,1;0;16139
GeneticImproved;15;data/FIS6-4.txt;6;4,0,5,3,1,2;0;16139
GeneticImproved;16;data/FIS6-4.txt;6;1,2,4,0,5,3;0;16139
GeneticImproved;17;data/FIS6-4.txt;6;0,4,2,1,3,5;0;16139
GeneticImproved;18;data/FIS6-4.txt;6;0,4,2,1,3,5;0;16139
GeneticImproved;19;data/FIS6-4.txt;6;3,5,0,4,2,1;0;16139
GeneticImproved;20;data/FIS6-4.txt;6;2,1,3,5,0,4;0;16139
GeneticImproved;21;data/FIS6-4.txt;6;3,1,2,4,0,5;0;16139
GeneticImproved;22;data/FIS6-4.txt;6;1,2,4,0,5,3;0;16139
GeneticImproved;23;data/FIS6-4.txt;6;3,1,2,4,0,5;0;16139
GeneticImproved;24;data/FIS6-4.txt;6;4,2,1,3,5,0;0;16139
GeneticImproved;25;data/FIS6-4.txt;6;2,1,3,5,0,4;0;16139
GeneticImproved;26;data/FIS6-4.txt;6;3,1,2,4,0,5;0;16139
GeneticImproved;27;data/FIS6-4.txt;6;1,3,5,0,4,2;0;16139
GeneticImproved;28;data/FIS6-4.txt;6;4,0,5,3,1,2;0;16139
GeneticImproved;29;data/FIS6-4.txt;6;1,2,4,0,5,3;0;16139
GeneticImproved;30;data/FIS6-4.txt;6;0,5,3,1,2,4;0;16139
GeneticImproved;1;data/FIS7-0.txt;7;5,0,1,3,6,4,2;0;19927
GeneticImproved;2;data/FIS7-0.txt;7;6,2,5,0,3,1,4;0;16688
GeneticImproved;3;data/FIS7-0.txt;7;1,3,6,0,5,2,4;0;16355
GeneticImproved;4;data/FIS7-0.txt;7;1,3,6,0,5,2,4;0;16355
GeneticImproved;5;data/FIS7-0.txt;7;1,4,6,3,5,2,0;0;18898
GeneticImproved;6;data/FIS7-0.txt;7;6,3,1,4,0,5,2;0;17371
GeneticImproved;7;data/FIS7-0.txt;7;4,1,0,5,3,6,2;0;16586
GeneticImproved;8;data/FIS7-0.txt;7;0,5,3,6,2,4,1;0;16586
GeneticImproved;9;data/FIS7-0.txt;7;6,0,5,3,1,4,2;0;16628
GeneticImproved;10;data/FIS7-0.txt;7;3,5,2,0,1,4,6;0;18898
GeneticImproved;11;data/FIS7-0.txt;7;0,1,4,2,6,3,5;0;16586
GeneticImproved;12;data/FIS7-0.txt;7;4,1,3,6,0,5,2;0;16355
GeneticImproved;13;data/FIS7-0.txt;7;4,1,0,5,3,6,2;0;16586
GeneticImproved;14;data/FIS7-0.txt;7;1,4,2,6,3,5,0;0;16586
GeneticImproved;15;data/FIS7-0.txt;7;0,5,3,6,2,4,1;0;16586
GeneticImproved;16;data/FIS7-0.txt;7;0,5,2,6,3,1,4;0;17371
GeneticImproved;17;data/FIS7-0.txt;7;0,1,4,5,2,6,3;0;16779
GeneticImproved;18;data/FIS7-0.txt;7;5,0,2,6,3,1,4;0;17959
GeneticImproved;19;data/FIS7-0.txt;7;0,2,5,3,6,4,1;0;18898
GeneticImproved;20;data/FIS7-0.txt;7;0,5,2,6,3,1,4;0;17371
GeneticImproved;21;data/FIS7-0.txt;7;4,1,0,5,3,6,2;0;16586
GeneticImproved;22;data/FIS7-0.txt;7;0,5,2,4,1,3,6;0;16355
GeneticImproved;23;data/FIS7-0.txt;7;4,1,0,5,3,6,2;0;16586
GeneticImproved;24;data/FIS7-0.txt;7;0,1,4,2,6,3,5;0;16586
GeneticImproved;25;data/FIS7-0.txt;7;0,5,3,1,4,2,6;0;16628
GeneticImproved;26;data/FIS7-0.txt;7;5,0,6,2,4,1,3;0;16628
GeneticImproved;27;data/FIS7-0.txt;7;1,0,5,3,6,2,4;0;16586
GeneticImproved;28;data/FIS7-0.txt;7;0,1,4,3,6,2,5;0;17716
GeneticImproved;29;data/FIS7-0.txt;7;1,0,2,5,3,6,4;0;18898
GeneticImproved;30;data/FIS7-0.txt;7;0,1,4,2,6,3,5;0;16586
GeneticImproved;1;data/FIS7-1.txt;7;3,0,2,6,1,4,5;0;20251
GeneticImproved;2;data/FIS7-1.txt;7;2,0,3,1,4,5,6;0;20753
GeneticImproved;3;data/FIS7-1.txt;7;1,6,3,0,2,5,4;0;21536
GeneticImproved;4;data/FIS7-1.txt;7;6,2,0,1,4,5,3;0;23910
GeneticImproved;5;data/FIS7-1.txt;7;6,5,4,1,3,0,2;0;20753
GeneticImproved;6;data/FIS7-1.txt;7;4,1,3,0,2,6,5;0;20753
GeneticImproved;7;data/FIS7-1.txt;7;6,5,4,2,0,3,1;0;23039
GeneticImproved;8;data/FIS7-1.txt;7;5,4,2,0,3,6,1;0;22573
GeneticImproved;9;data/FIS7-1.txt;7;0,1,4,5,2,6,3;0;24388
GeneticImproved;10;data/FIS7-1.txt;7;3,0,2,6,5,4,1;0;20753
GeneticImproved;11;data/FIS7-1.txt;7;0,2,4,5,6,1,3;0;23039
GeneticImproved;12;data/FIS7-1.txt;7;5,6,2,0,3,1,4;0;20753
GeneticImproved;13;data/FIS7-1.txt;7;5,4,2,0,3,6,1;0;22573
GeneticImproved;14;data/FIS7-1.txt;7;5,4,1,6,2,0,3;0;20251
GeneticImproved;15;data/FIS7-1.txt;7;2,0,3,6,1,5,4;0;22573
GeneticImproved;16;data/FIS7-1.txt;7;6,1,4,5,3,0,2;0;20251
GeneticImproved;17;data/FIS7-1.txt;7;4,5,1,3,0,2,6;0;25079
GeneticImproved;18;data/FIS7-1.txt;7;2,0,3,1,6,5,4;0;23039
GeneticImproved;19;data/FIS7-1.txt;7;1,4,5,6,2,0,3;0;20753
GeneticImproved;20;data/FIS7-1.txt;7;5,4,1,3,0,2,6;0;20753
GeneticImproved;21;data/FIS7-1.txt;7;5,4,2,0,3,6,1;0;22573
GeneticImproved;22;data/FIS7-1.txt;7;4,5,2,0,3,6,1;0;21536
GeneticImproved;23;data/FIS7-1.txt;7;4,1,6,2,0,3,5;0;20251
GeneticImproved;24;data/FIS7-1.txt;7;5,4,1,3,0,2,6;0;20753
GeneticImproved;25;data/FIS7-1.txt;7;4,1,6,2,0,3,5;0;20251
GeneticImproved;26;data/FIS7-1.txt;7;2,0,3,1,4,5,6;0;20753
GeneticImproved;27;data/FIS7-1.txt;7;2,0,3,5,4,1,6;0;20251
GeneticImproved;28;data/FIS7-1.txt;7;3,1,6,5,4,2,0;0;23039
GeneticImproved;29;data/FIS7-1.txt;7;2,0,3,5,4,1,6;0;20251
GeneticImproved;30;data/FIS7-1.txt;7;4,5,6,2,0,3,1;0;20753
GeneticImproved;1;data/FIS7-2.txt;7;2,1,3,5,6,0,4;0;10572
GeneticImproved;2;data/FIS7-2.txt;7;5,6,0,4,2,1,3;0;10572
GeneticImproved;3;data/FIS7-2.txt;7;5,6,0,4,2,1,3;0;10572
GeneticImproved;4;data/FIS7-2.txt;7;4,3,0,1,2,5,6;0;11280
GeneticImproved;5;data/FIS7-2.txt;7;4,3,0,1,2,5,6;0;11280
GeneticImproved;6;data/FIS7-2.txt;7;6,4,3,1,2,0,5;0;8243
GeneticImproved;7;data/FIS7-2.txt;7;6,5,3,1,2,0,4;0;10487
GeneticImproved;8;data/FIS7-2.txt;7;1,2,0,5,6,4,3;0;8243
GeneticImproved;9;data/FIS7-2.txt;7;4,0,2,1,3,5,6;0;10487
GeneticImproved;10;data/FIS7-2.txt;7;4,3,1,2,0,5,6;0;8243
GeneticImproved;11;data/FIS7-2.txt;7;5,3,1,2,4,0,6;0;10572
GeneticImproved;12;data/FIS7-2.txt;7;2,1,3,5,6,0,4;0;10572
GeneticImproved;13;data/FIS7-2.txt;7;3,4,6,5,0,2,1;0;8243
GeneticImproved;14;data/FIS7-2.txt;7;2,1,3,5,6,4,0;0;10487
GeneticImproved;15;data/FIS7-2.txt;7;4,0,2,1,3,5,6;0;10487
GeneticImproved;16;data/FIS7-2.txt;7;0,2,1,3,4,6,5;0;8243
GeneticImproved;17;data/FIS7-2.txt;7;4,6,5,2,1,0,3;0;11280
GeneticImproved;18;data/FIS7-2.txt;7;3,1,2,0,5,6,4;0;8243
GeneticImproved;19;data/FIS7-2.txt;7;3,1,2,0,4,6,5;0;10487
GeneticImproved;20;data/FIS7-2.txt;7;4,3,0,1,2,5,6;0;11280
GeneticImproved;21;data/FIS7-2.txt;7;1,3,4,6,5,0,2;0;8243
GeneticImproved;22;data/FIS7-2.txt;7;0,2,1,3,5,6,4;0;10487
GeneticImproved;23;data/FIS7-2.txt;7;3,0,1,2,5,6,4;0;11280
GeneticImproved;24;data/FIS7-2.txt;7;2,1,0,3,5,6,4;0;8802
GeneticImproved;25;data/FIS7-2.txt;7;0,2,1,3,5,6,4;0;10487
GeneticImproved;26;data/FIS7-2.txt;7;3,1,2,0,5,6,4;0;8243
GeneticImproved;27;data/FIS7-2.txt;7;3,0,1,2,4,6,5;0;8802
GeneticImproved;28;data/FIS7-2.txt;7;0,2,1,3,4,6,5;0;8243
GeneticImproved;29;data/FIS7-2.txt;7;4,3,0,1,2,5,6;0;11280
GeneticImproved;30;data/FIS7-2.txt;7;4,3,0,1,2,5,6;0;11280
GeneticImproved;1;data/FIS7-3.txt;7;5,4,6,1,3,0,2;0;19494
GeneticImproved;2;data/FIS7-3.txt;7;5,3,4,0,6,1,2;0;19671
GeneticImproved;3;data/FIS7-3.txt;7;3,4,0,1,2,5,6;0;22933
GeneticImproved;4;data/FIS7-3.txt;7;3,0,4,6,1,2,5;0;22561
GeneticImproved;5;data/FIS7-3.txt;7;4,5,2,0,3,1,6;0;19494
GeneticImproved;6;data/FIS7-3.txt;7;3,1,6,4,5,2,0;0;19494
GeneticImproved;7;data/FIS7-3.txt;7;6,4,5,2,0,3,1;0;19494
GeneticImproved;8;data/FIS7-3.txt;7;0,1,2,5,4,6,3;0;20262
GeneticImproved;9;data/FIS7-3.txt;7;1,3,0,2,5,4,6;0;19494
GeneticImproved;10;data/FIS7-3.txt;7;5,3,4,0,6,1,2;0;19671
GeneticImproved;11;data/FIS7-3.txt;7;3,4,0,1,2,5,6;0;22933
GeneticImproved;12;data/FIS7-3.txt;7;6,1,2,5,3,4,0;0;19671
GeneticImproved;13;data/FIS7-3.txt;7;3,4,0,1,2,5,6;0;22933
GeneticImproved;14;data/FIS7-3.txt;7;4,5,2,1,0,3,6;0;20262
GeneticImproved;15;data/FIS7-3.txt;7;4,3,5,2,1,6,0;0;19671
GeneticImproved;16;data/FIS7-3.txt;7;4,6,3,0,1,2,5;0;20262
GeneticImproved;17;data/FIS7-3.txt;7;1,0,3,6,4,5,2;0;20262
GeneticImproved;18;data/FIS7-3.txt;7;0,1,2,5,3,6,4;0;21768
GeneticImproved;19;data/FIS7-3.txt;7;6,3,0,1,2,5,4;0;20262
GeneticImproved;20;data/FIS7-3.txt;7;0,1,2,5,4,6,3;0;20262
GeneticImproved;21;data/FIS7-3.txt;7;3,4,0,1,2,5,6;0;22933
GeneticImproved;22;data/FIS7-3.txt;7;6,4,5,2,0,3,1;0;19494
GeneticImproved;23;data/FIS7-3.txt;7;0,3,1,6,4,5,2;0;19494
GeneticImproved;24;data/FIS7-3.txt;7;3,5,2,1,0,4,6;0;21768
GeneticImproved;25;data/FIS7-3.txt;7;3,0,1,2,5,4,6;0;20262
GeneticImproved;26;data/FIS7-3.txt;7;3,5,2,1,6,0,4;0;19671
GeneticImproved;27;data/FIS7-3.txt;7;0,3,1,6,4,5,2;0;19494
GeneticImproved;28;data/FIS7-3.txt;7;3,0,2,5,4,6,1;0;19494
GeneticImproved;29;data/FIS7-3.txt;7;2,5,3,4,0,6,1;0;19671
GeneticImproved;30;data/FIS7-3.txt;7;4,0,1,2,5,3,6;0;21768
GeneticImproved;1;data/FIS7-4.txt;7;2,5,0,1,3,4,6;0;24395
GeneticImproved;2;data/FIS7-4.txt;7;2,5,0,1,3,4,6;0;24395
GeneticImproved;3;data/FIS7-4.txt;7;2,5,0,1,3,4,6;0;24395
GeneticImproved;4;data/FIS7-4.txt;7;2,5,0,1,3,4,6;0;24395
GeneticImproved;5;data/FIS7-4.txt;7;2,5,0,1,3,4,6;0;24395
GeneticImproved;6;data/FIS7-4.txt;7;2,5,0,1,3,4,6;0;24395
GeneticImproved;7;data/FIS7-4.txt;7;2,5,0,1,3,4,6;0;24395
GeneticImproved;8;data/FIS7-4.txt;7;2,5,0,1,3,4,6;0;24395
GeneticImproved;9;data/FIS7-4.txt;7;2,5,0,1,3,4,6;0;24395
GeneticImproved;10;data/FIS7-4.txt;7;2,5,0,1,3,4,6;0;24395
GeneticImproved;11;data/FIS7-4.txt;7;2,5,0,1,3,4,6;0;24395
GeneticImproved;12;data/FIS7-4.txt;7;0,1,3,4,6,2,5;0;24395
GeneticImproved;13;data/FIS7-4.txt;7;2,5,0,1,3,4,6;0;24395
GeneticImproved;14;data/FIS7-4.txt;7;5,0,1,3,4,6,2;0;24395
GeneticImproved;15;data/FIS7-4.txt;7;2,5,0,1,3,4,6;0;24395
GeneticImproved;16;data/FIS7-4.txt;7;2,5,0,1,3,4,6;0;24395
GeneticImproved;17;data/FIS7-4.txt;7;3,1,0,5,2,6,4;0;24395
GeneticImproved;18;data/FIS7-4.txt;7;2,5,0,1,3,4,6;0;24395
GeneticImproved;19;data/FIS7-4.txt;7;2,5,0,1,3,4,6;0;24395
GeneticImproved;20;data/FIS7-4.txt;7;2,5,0,1,3,4,6;0;24395
GeneticImproved;21;data/FIS7-4.txt;7;2,5,0,1,3,4,6;0;24395
GeneticImproved;22;data/FIS7-4.txt;7;2,5,0,1,3,4,6;0;24395
GeneticImproved;23;data/FIS7-4.txt;7;2,5,0,1,3,4,6;0;24395
GeneticImproved;24;data/FIS7-4.txt;7;2,5,0,1,3,4,6;0;24395
GeneticImproved;25;data/FIS7-4.txt;7;2,5,0,1,3,4,6;0;24395
GeneticImproved;26;data/FIS7-4.txt;7;2,5,0,1,3,4,6;0;24395
GeneticImproved;27;data/FIS7-4.txt;7;2,5,0,1,3,4,6;0;24395
GeneticImproved;28;data/FIS7-4.txt;7;2,5,0,1,3,4,6;0;24395
GeneticImproved;29;data/FIS7-4.txt;7;2,5,0,1,3,4,6;0;24395
GeneticImproved;30;data/FIS7-4.txt;7;2,5,0,1,3,4,6;0;24395
GeneticImproved;1;data/FIS8-0.txt;8;5,7,1,4,0,3,6,2;0;22690
GeneticImproved;2;data/FIS8-0.txt;8;4,2,5,3,6,1,7,0;0;23441
GeneticImproved;3;data/FIS8-0.txt;8;1,4,0,7,5,3,2,6;0;22621
GeneticImproved;4;data/FIS8-0.txt;8;1,2,6,4,0,3,5,7;0;20217
GeneticImproved;5;data/FIS8-0.txt;8;7,0,3,2,6,4,1,5;0;23295
GeneticImproved;6;data/FIS8-0.txt;8;3,0,7,4,6,1,5,2;0;21597
GeneticImproved;7;data/FIS8-0.txt;8;5,1,4,0,3,2,6,7;0;24128
GeneticImproved;8;data/FIS8-0.txt;8;5,7,0,4,1,6,2,3;0;22621
GeneticImproved;9;data/FIS8-0.txt;8;4,1,5,7,0,3,2,6;0;23295
GeneticImproved;10;data/FIS8-0.txt;8;1,7,0,3,5,2,4,6;0;23095
GeneticImproved;11;data/FIS8-0.txt;8;0,4,1,6,2,3,5,7;0;22621
GeneticImproved;12;data/FIS8-0.txt;8;5,4,7,0,2,1,6,3;0;26071
GeneticImproved;13;data/FIS8-0.txt;8;2,4,0,1,7,5,3,6;0;22237
GeneticImproved;14;data/FIS8-0.txt;8;7,0,3,5,2,6,4,1;0;20722
GeneticImproved;15;data/FIS8-0.txt;8;3,0,7,4,6,1,5,2;0;21597
GeneticImproved;16;data/FIS8-0.txt;8;1,4,0,3,5,7,2,6;0;25181
GeneticImproved;17;data/FIS8-0.txt;8;7,0,3,5,4,6,2,1;0;20047
GeneticImproved;18;data/FIS8-0.txt;8;5,3,0,7,4,6,2,1;0;20566
GeneticImproved;19;data/FIS8-0.txt;8;7,1,0,3,5,2,6,4;0;20658
GeneticImproved;20;data/FIS8-0.txt;8;3,2,6,4,0,1,7,5;0;21989
GeneticImproved;21;data/FIS8-0.txt;8;7,0,3,5,1,2,6,4;0;20566
GeneticImproved;22;data/FIS8-0.txt;8;6,2,3,5,0,7,1,4;0;23602
GeneticImproved;23;data/FIS8-0.txt;8;1,0,4,6,2,3,5,7;0;21989
GeneticImproved;24;data/FIS8-0.txt;8;0,4,1,6,2,3,5,7;0;22621
GeneticImproved;25;data/FIS8-0.txt;8;4,6,2,3,5,7,1,0;0;21989
GeneticImproved;26;data/FIS8-0.txt;8;0,7,1,6,2,3,5,4;0;24577
GeneticImproved;27;data/FIS8-0.txt;8;6,1,5,2,3,0,7,4;0;21597
GeneticImproved;28;data/FIS8-0.txt;8;5,3,0,7,1,2,6,4;0;20047
GeneticImproved;29;data/FIS8-0.txt;8;0,3,6,1,2,5,7,4;0;23964
GeneticImproved;30;data/FIS8-0.txt;8;5,3,0,1,7,4,6,2;0;20658
GeneticImproved;1;data/FIS8-1.txt;8;2,0,3,6,4,5,1,7;0;24758
GeneticImproved;2;data/FIS8-1.txt;8;5,6,0,3,7,1,2,4;0;20076
GeneticImproved;3;data/FIS8-1.txt;8;2,7,1,5,4,3,0,6;0;21317
GeneticImproved;4;data/FIS8-1.txt;8;7,0,3,1,5,4,2,6;0;24724
GeneticImproved;5;data/FIS8-1.txt;8;2,4,3,0,7,1,5,6;0;22290
GeneticImproved;6;data/FIS8-1.txt;8;2,5,4,1,7,3,0,6;0;22511
GeneticImproved;7;data/FIS8-1.txt;8;7,1,6,2,5,4,3,0;0;22293
GeneticImproved;8;data/FIS8-1.txt;8;7,1,5,4,2,6,0,3;0;21540
GeneticImproved;9;data/FIS8-1.txt;8;6,0,3,7,1,4,5,2;0;22511
GeneticImproved;10;data/FIS8-1.txt;8;0,2,6,4,5,1,7,3;0;23781
GeneticImproved;11;data/FIS8-1.txt;8;5,1,7,0,3,6,2,4;0;19705
GeneticImproved;12;data/FIS8-1.txt;8;7,6,2,1,5,4,3,0;0;21975
GeneticImproved;13;data/FIS8-1.txt;8;0,3,4,2,1,7,5,6;0;19938
GeneticImproved;14;data/FIS8-1.txt;8;0,7,4,5,1,2,6,3;0;23241
GeneticImproved;15;data/FIS8-1.txt;8;2,7,1,5,4,3,0,6;0;21317
GeneticImproved;16;data/FIS8-1.txt;8;1,4,3,0,2,6,5,7;0;23761
GeneticImproved;17;data/FIS8-1.txt;8;5,1,6,3,0,7,2,4;0;24441
GeneticImproved;18;data/FIS8-1.txt;8;1,2,4,3,0,7,5,6;0;21466
GeneticImproved;19;data/FIS8-1.txt;8;0,6,2,4,5,7,1,3;0;24182
GeneticImproved;20;data/FIS8-1.txt;8;5,1,2,6,0,3,7,4;0;21885
GeneticImproved;21;data/FIS8-1.txt;8;7,5,4,3,0,6,2,1;0;21433
GeneticImproved;22;data/FIS8-1.txt;8;5,6,2,4,3,0,7,1;0;22290
GeneticImproved;23;data/FIS8-1.txt;8;4,5,1,7,0,3,6,2;0;19705
GeneticImproved;24;data/FIS8-1.txt;8;2,6,5,7,0,3,4,1;0;24450
GeneticImproved;25;data/FIS8-1.txt;8;7,0,3,4,5,6,2,1;0;18639
GeneticImproved;26;data/FIS8-1.txt;8;4,2,0,3,6,7,1,5;0;22181
GeneticImproved;27;data/FIS8-1.txt;8;3,4,2,1,6,5,7,0;0;21466
GeneticImproved;28;data/FIS8-1.txt;8;6,1,2,7,0,3,4,5;0;23375
GeneticImproved;29;data/FIS8-1.txt;8;0,2,4,5,1,6,7,3;0;22749
GeneticImproved;30;data/FIS8-1.txt;8;7,3,0,2,6,1,5,4;0;24413
GeneticImproved;1;data/FIS8-2.txt;8;0,4,1,6,5,7,2,3;0;20208
GeneticImproved;2;data/FIS8-2.txt;8;4,0,3,6,1,5,7,2;0;23542
GeneticImproved;3;data/FIS8-2.txt;8;2,4,0,3,6,1,5,7;0;23542
GeneticImproved;4;data/FIS8-2.txt;8;4,3,0,2,1,6,5,7;0;23032
GeneticImproved;5;data/FIS8-2.txt;8;7,5,6,1,2,3,0,4;0;22374
GeneticImproved;6;data/FIS8-2.txt;8;0,3,1,5,6,7,2,4;0;20100
GeneticImproved;7;data/FIS8-2.txt;8;4,7,0,5,6,1,2,3;0;25510
GeneticImproved;8;data/FIS8-2.txt;8;1,6,4,7,5,2,0,3;0;25004
GeneticImproved;9;data/FIS8-2.txt;8;6,1,2,3,0,4,7,5;0;22374
GeneticImproved;10;data/FIS8-2.txt;8;7,0,3,5,6,1,2,4;0;27044
GeneticImproved;11;data/FIS8-2.txt;8;6,1,2,7,4,3,0,5;0;25010
GeneticImproved;12;data/FIS8-2.txt;8;7,0,3,1,6,5,2,4;0;20212
GeneticImproved;13;data/FIS8-2.txt;8;3,6,1,0,4,2,5,7;0;25282
GeneticImproved;14;data/FIS8-2.txt;8;0,4,2,7,5,6,1,3;0;12652
GeneticImproved;15;data/FIS8-2.txt;8;5,7,0,3,1,6,4,2;0;24402
GeneticImproved;16;data/FIS8-2.txt;8;2,1,6,5,3,0,4,7;0;21556
GeneticImproved;17;data/FIS8-2.txt;8;4,0,3,5,6,1,2,7;0;21556
GeneticImproved;18;data/FIS8-2.txt;8;6,1,3,0,4,2,7,5;0;12652
GeneticImproved;19;data/FIS8-2.txt;8;1,3,0,4,7,5,2,6;0;23877
GeneticImproved;20;data/FIS8-2.txt;8;7,2,3,4,0,1,6,5;0;24877
GeneticImproved;21;data/FIS8-2.txt;8;2,4,0,1,6,3,5,7;0;24993
GeneticImproved;22;data/FIS8-2.txt;8;7,1,3,0,4,2,6,5;0;19566
GeneticImproved;23;data/FIS8-2.txt;8;5,7,2,4,0,3,1,6;0;12652
GeneticImproved;24;data/FIS8-2.txt;8;3,0,4,7,5,6,1,2;0;22374
GeneticImproved;25;data/FIS8-2.txt;8;6,1,2,0,3,4,7,5;0;23032
GeneticImproved;26;data/FIS8-2.txt;8;6,1,3,0,4,7,2,5;0;18321
GeneticImproved;27;data/FIS8-2.txt;8;3,0,4,1,6,2,7,5;0;25370
GeneticImproved;28;data/FIS8-2.txt;8;0,2,1,6,5,7,4,3;0;23032
GeneticImproved;29;data/FIS8-2.txt;8;4,3,2,1,6,5,0,7;0;25510
GeneticImproved;30;data/FIS8-2.txt;8;0,3,4,7,5,6,1,2;0;23032
GeneticImproved;1;data/FIS8-3.txt;8;6,0,3,4,1,2,5,7;0;15018
GeneticImproved;2;data/FIS8-3.txt;8;2,3,5,7,6,0,1,4;0;22614
GeneticImproved;3;data/FIS8-3.txt;8;3,4,0,1,7,6,5,2;0;18327
GeneticImproved;4;data/FIS8-3.txt;8;7,6,0,4,3,5,2,1;0;16111
GeneticImproved;5;data/FIS8-3.txt;8;4,3,0,6,7,5,2,1;0;15018
GeneticImproved;6;data/FIS8-3.txt;8;6,0,2,5,3,4,1,7;0;21149
GeneticImproved;7;data/FIS8-3.txt;8;0,1,4,3,7,6,5,2;0;22309
GeneticImproved;8;data/FIS8-3.txt;8;1,2,5,7,6,0,3,4;0;15018
GeneticImproved;9;data/FIS8-3.txt;8;0,3,5,2,4,1,7,6;0;21941
GeneticImproved;10;data/FIS8-3.txt;8;6,7,1,0,4,3,2,5;0;18327
GeneticImproved;11;data/FIS8-3.txt;8;7,5,2,4,1,3,0,6;0;20334
GeneticImproved;12;data/FIS8-3.txt;8;7,5,2,1,3,4,0,6;0;20304
GeneticImproved;13;data/FIS8-3.txt;8;3,4,1,0,2,5,6,7;0;22309
GeneticImproved;14;data/FIS8-3.txt;8;3,1,4,0,7,6,5,2;0;22729
GeneticImproved;15;data/FIS8-3.txt;8;5,2,1,7,6,0,4,3;0;16111
GeneticImproved;16;data/FIS8-3.txt;8;1,2,0,6,7,5,3,4;0;20074
GeneticImproved;17;data/FIS8-3.txt;8;5,3,2,4,1,0,6,7;0;22614
GeneticImproved;18;data/FIS8-3.txt;8;4,1,7,6,5,2,3,0;0;20702
GeneticImproved;19;data/FIS8-3.txt;8;5,3,4,0,6,2,1,7;0;22389
GeneticImproved;20;data/FIS8-3.txt;8;6,0,3,1,4,2,5,7;0;20334
GeneticImproved;21;data/FIS8-3.txt;8;2,0,1,4,3,6,7,5;0;21065
GeneticImproved;22;data/FIS8-3.txt;8;4,3,1,0,6,7,5,2;0;23950
GeneticImproved;23;data/FIS8-3.txt;8;4,1,7,6,0,2,5,3;0;21149
GeneticImproved;24;data/FIS8-3.txt;8;2,1,3,4,0,6,7,5;0;20304
GeneticImproved;25;data/FIS8-3.txt;8;6,0,4,3,5,2,1,7;0;16111
GeneticImproved;26;data/FIS8-3.txt;8;1,6,0,4,3,2,5,7;0;18881
GeneticImproved;27;data/FIS8-3.txt;8;2,3,0,4,1,7,6,5;0;20702
GeneticImproved;28;data/FIS8-3.txt;8;1,2,3,0,4,5,6,7;0;23202
GeneticImproved;29;data/FIS8-3.txt;8;2,1,4,3,0,6,7,5;0;15018
GeneticImproved;30;data/FIS8-3.txt;8;7,6,5,2,0,4,3,1;0;23823
GeneticImproved;1;data/FIS8-4.txt;8;3,4,2,5,6,1,7,0;0;22078
GeneticImproved;2;data/FIS8-4.txt;8;3,4,2,0,5,6,1,7;0;22001
GeneticImproved;3;data/FIS8-4.txt;8;0,5,6,4,1,7,2,3;0;21702
GeneticImproved;4;data/FIS8-4.txt;8;5,0,7,2,4,3,1,6;0;22301
GeneticImproved;5;data/FIS8-4.txt;8;1,3,2,4,6,5,0,7;0;20124
GeneticImproved;6;data/FIS8-4.txt;8;0,1,3,7,6,4,2,5;0;20733
GeneticImproved;7;data/FIS8-4.txt;8;2,7,1,4,6,5,0,3;0;21702
GeneticImproved;8;data/FIS8-4.txt;8;6,2,7,3,0,5,1,4;0;23594
GeneticImproved;9;data/FIS8-4.txt;8;0,7,1,4,6,5,2,3;0;20891
GeneticImproved;10;data/FIS8-4.txt;8;6,4,5,2,3,0,7,1;0;21394
GeneticImproved;11;data/FIS8-4.txt;8;4,1,7,0,3,2,5,6;0;20891
GeneticImproved;12;data/FIS8-4.txt;8;0,1,6,5,2,4,3,7;0;22031
GeneticImproved;13;data/FIS8-4.txt;8;0,3,2,7,1,4,6,5;0;21702
GeneticImproved;14;data/FIS8-4.txt;8;0,1,3,2,4,6,5,7;0;20010
GeneticImproved;15;data/FIS8-4.txt;8;0,2,4,3,7,1,6,5;0;22001
GeneticImproved;16;data/FIS8-4.txt;8;3,2,4,6,5,0,7,1;0;20124
GeneticImproved;17;data/FIS8-4.txt;8;5,0,7,3,4,6,1,2;0;22527
GeneticImproved;18;data/FIS8-4.txt;8;0,5,2,4,6,1,3,7;0;20947
GeneticImproved;19;data/FIS8-4.txt;8;0,7,2,3,1,6,4,5;0;21617
GeneticImproved;20;data/FIS8-4.txt;8;0,3,4,2,7,1,6,5;0;22889
GeneticImproved;21;data/FIS8-4.txt;8;3,1,0,5,6,4,2,7;0;21383
GeneticImproved;22;data/FIS8-4.txt;8;5,6,4,2,0,7,3,1;0;20972
GeneticImproved;23;data/FIS8-4.txt;8;1,0,3,2,4,7,5,6;0;25246
GeneticImproved;24;data/FIS8-4.txt;8;5,0,1,3,7,6,4,2;0;20733
GeneticImproved;25;data/FIS8-4.txt;8;0,7,3,1,2,4,6,5;0;19030
GeneticImproved;26;data/FIS8-4.txt;8;7,5,0,3,2,4,6,1;0;21436
GeneticImproved;27;data/FIS8-4.txt;8;6,1,7,2,3,0,5,4;0;22205
GeneticImproved;28;data/FIS8-4.txt;8;3,7,1,6,4,2,5,0;0;21535
GeneticImproved;29;data/FIS8-4.txt;8;4,2,3,0,5,7,1,6;0;21436
GeneticImproved;30;data/FIS8-4.txt;8;6,7,0,5,1,3,2,4;0;21899
GeneticImproved;1;data/FIS9-0.txt;9;4,5,1,3,2,8,7,6,0;0;21699
GeneticImproved;2;data/FIS9-0.txt;9;0,4,2,3,1,6,5,7,8;0;27608
GeneticImproved;3;data/FIS9-0.txt;9;7,2,3,4,5,0,1,6,8;0;24461
GeneticImproved;4;data/FIS9-0.txt;9;0,6,1,3,4,5,7,2,8;0;26177
GeneticImproved;5;data/FIS9-0.txt;9;7,1,3,2,8,0,4,5,6;0;27079
GeneticImproved;6;data/FIS9-0.txt;9;6,1,0,2,3,4,5,7,8;0;28358
GeneticImproved;7;data/FIS9-0.txt;9;6,1,0,2,3,4,5,7,8;0;28358
GeneticImproved;8;data/FIS9-0.txt;9;8,2,3,1,5,7,6,0,4;0;28016
GeneticImproved;9;data/FIS9-0.txt;9;6,1,0,2,3,4,5,7,8;0;28358
GeneticImproved;10;data/FIS9-0.txt;9;6,1,0,2,3,4,5,7,8;0;28358
GeneticImproved;11;data/FIS9-0.txt;9;7,8,3,0,4,5,6,1,2;0;25777
GeneticImproved;12;data/FIS9-0.txt;9;6,5,4,0,2,7,8,3,1;0;21960
GeneticImproved;13;data/FIS9-0.txt;9;1,3,0,8,7,2,4,5,6;0;25028
GeneticImproved;14;data/FIS9-0.txt;9;6,1,0,2,3,4,5,7,8;0;28358
GeneticImproved;15;data/FIS9-0.txt;9;1,2,0,4,5,3,8,7,6;0;27735
GeneticImproved;16;data/FIS9-0.txt;9;7,6,1,3,2,4,0,5,8;0;27888
GeneticImproved;17;data/FIS9-0.txt;9;6,1,0,2,3,4,5,7,8;0;28358
GeneticImproved;18;data/FIS9-0.txt;9;0,4,2,7,8,3,5,1,6;0;27486
GeneticImproved;19;data/FIS9-0.txt;9;7,2,3,1,5,4,0,6,8;0;23403
GeneticImproved;20;data/FIS9-0.txt;9;6,1,0,2,3,4,5,7,8;0;28358
GeneticImproved;21;data/FIS9-0.txt;9;6,1,0,2,3,4,5,7,8;0;28358
GeneticImproved;22;data/FIS9-0.txt;9;0,8,3,6,1,2,7,5,4;0;24791
GeneticImproved;23;data/FIS9-0.txt;9;6,1,3,2,8,0,4,5,7;0;23603
GeneticImproved;24;data/FIS9-0.txt;9;2,0,4,5,6,1,3,8,7;0;21960
GeneticImproved;25;data/FIS9-0.txt;9;2,0,4,5,7,8,3,6,1;0;26581
GeneticImproved;26;data/FIS9-0.txt;9;6,1,0,2,3,4,5,7,8;0;28358
GeneticImproved;27;data/FIS9-0.txt;9;0,3,1,6,8,7,2,5,4;0;26770
GeneticImproved;28;data/FIS9-0.txt;9;7,2,3,0,4,5,1,6,8;0;24553
GeneticImproved;29;data/FIS9-0.txt;9;0,4,2,8,7,6,5,1,3;0;26355
GeneticImproved;30;data/FIS9-0.txt;9;0,3,1,6,5,7,2,8,4;0;24633
GeneticImproved;1;data/FIS9-1.txt;9;0,3,1,4,5,2,7,8,6;0;31033
GeneticImproved;2;data/FIS9-1.txt;9;1,8,2,5,4,0,3,6,7;0;30658
GeneticImproved;3;data/FIS9-1.txt;9;0,5,2,7,6,8,1,3,4;0;28283
GeneticImproved;4;data/FIS9-1.txt;9;0,4,3,8,2,5,1,7,6;0;29953
GeneticImproved;5;data/FIS9-1.txt;9;2,3,0,6,1,8,5,4,7;0;32300
GeneticImproved;6;data/FIS9-1.txt;9;1,6,0,4,5,2,3,8,7;0;28749
GeneticImproved;7;data/FIS9-1.txt;9;1,0,4,5,2,8,6,7,3;0;30894
GeneticImproved;8;data/FIS9-1.txt;9;4,5,7,1,8,2,6,0,3;0;30575
GeneticImproved;9;data/FIS9-1.txt;9;2,1,3,0,6,4,8,5,7;0;32906
GeneticImproved;10;data/FIS9-1.txt;9;7,0,4,5,2,3,1,8,6;0;27898
GeneticImproved;11;data/FIS9-1.txt;9;6,0,3,1,5,2,7,8,4;0;27098
GeneticImproved;12;data/FIS9-1.txt;9;1,6,0,3,2,4,8,5,7;0;30291
GeneticImproved;13;data/FIS9-1.txt;9;7,2,5,1,3,4,0,6,8;0;27725
GeneticImproved;14;data/FIS9-1.txt;9;6,3,8,2,5,4,0,7,1;0;31365
GeneticImproved;15;data/FIS9-1.txt;9;6,0,1,3,2,8,5,7,4;0;29870
GeneticImproved;16;data/FIS9-1.txt;9;0,1,7,6,8,2,5,3,4;0;30240
GeneticImproved;17;data/FIS9-1.txt;9;0,3,2,8,7,1,5,4,6;0;29060
GeneticImproved;18;data/FIS9-1.txt;9;1,0,3,2,6,4,8,5,7;0;31096
GeneticImproved;19;data/FIS9-1.txt;9;2,3,0,1,7,5,4,6,8;0;33519
GeneticImproved;20;data/FIS9-1.txt;9;3,4,0,6,1,7,2,5,8;0;30251
GeneticImproved;21;data/FIS9-1.txt;9;7,1,3,2,8,4,6,0,5;0;28576
GeneticImproved;22;data/FIS9-1.txt;9;4,6,0,1,3,2,7,5,8;0;26092
GeneticImproved;23;data/FIS9-1.txt;9;0,6,3,1,8,7,2,5,4;0;30631
GeneticImproved;24;data/FIS9-1.txt;9;6,1,8,2,3,0,5,7,4;0;30823
GeneticImproved;25;data/FIS9-1.txt;9;5,3,4,0,6,1,7,8,2;0;28380
GeneticImproved;26;data/FIS9-1.txt;9;6,0,4,5,1,3,2,7,8;0;26448
GeneticImproved;27;data/FIS9-1.txt;9;0,6,8,7,2,3,1,5,4;0;26448
GeneticImproved;28;data/FIS9-1.txt;9;2,8,1,3,0,6,7,4,5;0;32409
GeneticImproved;29;data/FIS9-1.txt;9;3,0,7,1,8,2,5,4,6;0;32062
GeneticImproved;30;data/FIS9-1.txt;9;1,7,5,2,8,4,3,0,6;0;30312
GeneticImproved;1;data/FIS9-2.txt;9;1,5,7,0,2,3,8,4,6;0;31422
GeneticImproved;2;data/FIS9-2.txt;9;0,2,4,3,8,6,1,5,7;0;31295
GeneticImproved;3;data/FIS9-2.txt;9;3,7,5,0,1,2,4,6,8;0;33791
GeneticImproved;4;data/FIS9-2.txt;9;7,0,2,4,6,3,8,5,1;0;33336
GeneticImproved;5;data/FIS9-2.txt;9;4,2,0,7,5,8,3,1,6;0;30846
GeneticImproved;6;data/FIS9-2.txt;9;6,3,0,1,2,4,5,7,8;0;34913
GeneticImproved;7;data/FIS9-2.txt;9;5,7,2,1,4,6,3,0,8;0;34518
GeneticImproved;8;data/FIS9-2.txt;9;2,5,1,7,0,3,4,6,8;0;32599
GeneticImproved;9;data/FIS9-2.txt;9;3,0,1,2,7,5,4,6,8;0;33926
GeneticImproved;10;data/FIS9-2.txt;9;6,3,0,1,2,4,5,7,8;0;34913
GeneticImproved;11;data/FIS9-2.txt;9;0,2,5,1,8,6,4,3,7;0;33703
GeneticImproved;12;data/FIS9-2.txt;9;5,8,3,2,0,7,4,6,1;0;34520
GeneticImproved;13;data/FIS9-2.txt;9;7,8,0,2,3,4,6,1,5;0;30991
GeneticImproved;14;data/FIS9-2.txt;9;6,3,0,1,2,4,5,7,8;0;34913
GeneticImproved;15;data/FIS9-2.txt;9;6,3,0,1,2,4,5,7,8;0;34913
GeneticImproved;16;data/FIS9-2.txt;9;6,3,0,1,2,4,5,7,8;0;34913
GeneticImproved;17;data/FIS9-2.txt;9;0,2,3,4,6,1,5,8,7;0;31149
GeneticImproved;18;data/FIS9-2.txt;9;6,3,0,1,2,4,5,7,8;0;34913
GeneticImproved;19;data/FIS9-2.txt;9;0,2,4,6,5,1,8,3,7;0;34162
GeneticImproved;20;data/FIS9-2.txt;9;1,8,6,3,4,2,0,7,5;0;32915
GeneticImproved;21;data/FIS9-2.txt;9;4,1,2,0,7,5,8,3,6;0;32539
GeneticImproved;22;data/FIS9-2.txt;9;0,5,1,7,8,6,4,3,2;0;33277
GeneticImproved;23;data/FIS9-2.txt;9;6,4,2,1,7,5,0,3,8;0;34490
GeneticImproved;24;data/FIS9-2.txt;9;0,2,4,6,3,8,5,1,7;0;33336
GeneticImproved;25;data/FIS9-2.txt;9;6,3,0,1,2,4,5,7,8;0;34913
GeneticImproved;26;data/FIS9-2.txt;9;6,3,0,1,2,4,5,7,8;0;34913
GeneticImproved;27;data/FIS9-2.txt;9;6,3,0,1,2,4,5,7,8;0;34913
GeneticImproved;28;data/FIS9-2.txt;9;6,3,0,1,2,4,5,7,8;0;34913
GeneticImproved;29;data/FIS9-2.txt;9;6,3,0,1,2,4,5,7,8;0;34913
GeneticImproved;30;data/FIS9-2.txt;9;6,8,7,1,5,0,2,3,4;0;33277
GeneticImproved;1;data/FIS9-3.txt;9;3,2,4,0,7,1,8,6,5;0;19881
GeneticImproved;2;data/FIS9-3.txt;9;2,4,0,1,3,5,6,7,8;0;22739
GeneticImproved;3;data/FIS9-3.txt;9;2,4,0,1,3,5,6,7,8;0;22739
GeneticImproved;4;data/FIS9-3.txt;9;2,4,0,1,3,5,6,7,8;0;22739
GeneticImproved;5;data/FIS9-3.txt;9;4,0,7,1,2,3,5,6,8;0;21666
GeneticImproved;6;data/FIS9-3.txt;9;2,4,0,1,3,5,6,7,8;0;22739
GeneticImproved;7;data/FIS9-3.txt;9;2,4,0,1,3,5,6,7,8;0;22739
GeneticImproved;8;data/FIS9-3.txt;9;2,4,0,1,3,5,6,7,8;0;22739
GeneticImproved;9;data/FIS9-3.txt;9;2,4,0,1,3,5,6,7,8;0;22739
GeneticImproved;10;data/FIS9-3.txt;9;2,4,0,1,3,5,6,7,8;0;22739
GeneticImproved;11;data/FIS9-3.txt;9;2,4,0,1,3,5,6,7,8;0;22739
GeneticImproved;12;data/FIS9-3.txt;9;6,0,7,1,2,3,5,8,4;0;22064
GeneticImproved;13;data/FIS9-3.txt;9;2,4,0,1,3,5,6,7,8;0;22739
GeneticImproved;14;data/FIS9-3.txt;9;2,4,0,1,3,5,6,7,8;0;22739
GeneticImproved;15;data/FIS9-3.txt;9;2,4,0,1,3,5,6,7,8;0;22739
GeneticImproved;16;data/FIS9-3.txt;9;2,4,0,1,3,5,6,7,8;0;22739
GeneticImproved;17;data/FIS9-3.txt;9;7,0,1,4,3,5,6,8,2;0;19736
GeneticImproved;18;data/FIS9-3.txt;9;2,4,0,1,3,5,6,7,8;0;22739
GeneticImproved;19;data/FIS9-3.txt;9;2,4,0,1,3,5,6,7,8;0;22739
GeneticImproved;20;data/FIS9-3.txt;9;2,4,0,1,3,5,6,7,8;0;22739
GeneticImproved;21;data/FIS9-3.txt;9;1,0,4,3,5,6,8,2,7;0;22298
GeneticImproved;22;data/FIS9-3.txt;9;2,4,0,1,3,5,6,7,8;0;22739
GeneticImproved;23;data/FIS9-3.txt;9;8,5,3,4,1,7,0,6,2;0;20720
GeneticImproved;24;data/FIS9-3.txt;9;2,4,0,1,3,5,6,7,8;0;22739
GeneticImproved;25;data/FIS9-3.txt;9;2,4,0,1,3,5,6,7,8;0;22739
GeneticImproved;26;data/FIS9-3.txt;9;2,4,0,1,3,5,6,7,8;0;22739
GeneticImproved;27;data/FIS9-3.txt;9;2,4,0,1,3,5,6,7,8;0;22739
GeneticImproved;28;data/FIS9-3.txt;9;2,4,0,1,3,5,6,7,8;0;22739
GeneticImproved;29;data/FIS9-3.txt;9;2,4,0,1,3,5,6,7,8;0;22739
GeneticImproved;30;data/FIS9-3.txt;9;2,4,0,1,3,5,6,7,8;0;22739
GeneticImproved;1;data/FIS9-4.txt;9;6,2,5,0,1,4,7,8,3;0;23803
GeneticImproved;2;data/FIS9-4.txt;9;7,1,4,3,0,5,8,6,2;0;22538
GeneticImproved;3;data/FIS9-4.txt;9;1,0,2,6,7,3,8,5,4;0;28170
GeneticImproved;4;data/FIS9-4.txt;9;2,1,4,5,7,0,8,3,6;0;30968
GeneticImproved;5;data/FIS9-4.txt;9;8,3,4,0,5,2,7,1,6;0;26210
GeneticImproved;6;data/FIS9-4.txt;9;0,5,8,3,1,6,2,7,4;0;26604
GeneticImproved;7;data/FIS9-4.txt;9;7,2,1,4,6,8,3,0,5;0;25985
GeneticImproved;8;data/FIS9-4.txt;9;8,6,2,3,0,7,1,4,5;0;24001
GeneticImproved;9;data/FIS9-4.txt;9;4,1,0,6,7,2,3,8,5;0;29943
GeneticImproved;10;data/FIS9-4.txt;9;8,3,1,4,7,2,0,5,6;0;26713
GeneticImproved;11;data/FIS9-4.txt;9;4,5,0,3,8,6,2,7,1;0;22144
GeneticImproved;12;data/FIS9-4.txt;9;7,0,1,4,5,8,3,2,6;0;26779
GeneticImproved;13;data/FIS9-4.txt;9;6,8,5,0,3,2,1,4,7;0;24840
GeneticImproved;14;data/FIS9-4.txt;9;4,3,0,5,8,6,2,7,1;0;22538
GeneticImproved;15;data/FIS9-4.txt;9;3,1,6,2,7,5,0,4,8;0;29044
GeneticImproved;16;data/FIS9-4.txt;9;4,1,2,7,6,8,3,0,5;0;23083
GeneticImproved;17;data/FIS9-4.txt;9;4,2,7,1,6,3,8,5,0;0;24903
GeneticImproved;18;data/FIS9-4.txt;9;7,1,6,8,3,0,5,4,2;0;25560
GeneticImproved;19;data/FIS9-4.txt;9;5,0,1,7,4,3,2,6,8;0;27601
GeneticImproved;20;data/FIS9-4.txt;9;8,6,2,5,0,4,7,1,3;0;25243
GeneticImproved;21;data/FIS9-4.txt;9;3,5,0,1,7,4,2,6,8;0;29593
GeneticImproved;22;data/FIS9-4.txt;9;0,3,2,7,1,4,6,8,5;0;24332
GeneticImproved;23;data/FIS9-4.txt;9;5,4,1,0,2,3,7,6,8;0;24309
GeneticImproved;24;data/FIS9-4.txt;9;5,0,3,1,4,7,2,6,8;0;21566
GeneticImproved;25;data/FIS9-4.txt;9;1,7,5,4,2,6,8,3,0;0;28012
GeneticImproved;26;data/FIS9-4.txt;9;4,5,2,7,6,8,3,0,1;0;25239
GeneticImproved;27;data/FIS9-4.txt;9;3,6,2,0,1,4,7,5,8;0;22398
GeneticImproved;28;data/FIS9-4.txt;9;0,1,4,5,7,3,8,6,2;0;28303
GeneticImproved;29;data/FIS9-4.txt;9;4,7,3,2,6,8,5,0,1;0;23941
GeneticImproved;30;data/FIS9-4.txt;9;0,2,6,3,8,4,1,7,5;0;26433
GeneticImproved;1;data/FIS10-0.txt;10;0,1,7,5,4,2,9,6,8,3;0;27949
GeneticImproved;2;data/FIS10-0.txt;10;2,0,8,6,7,1,9,5,3,4;0;32668
GeneticImproved;3;data/FIS10-0.txt;10;0,6,7,1,4,2,8,3,9,5;0;28850
GeneticImproved;4;data/FIS10-0.txt;10;0,7,6,2,4,3,8,9,1,5;0;31060
GeneticImproved;5;data/FIS10-0.txt;10;5,4,2,6,0,1,7,3,8,9;0;27584
GeneticImproved;6;data/FIS10-0.txt;10;0,5,7,8,3,2,4,6,9,1;0;34639
GeneticImproved;7;data/FIS10-0.txt;10;9,8,2,0,5,1,7,6,4,3;0;32460
GeneticImproved;8;data/FIS10-0.txt;10;2,4,3,0,6,7,1,9,5,8;0;30152
GeneticImproved;9;data/FIS10-0.txt;10;4,3,9,1,5,0,7,2,8,6;0;30144
GeneticImproved;10;data/FIS10-0.txt;10;9,0,5,4,6,8,2,7,1,3;0;32996
GeneticImproved;11;data/FIS10-0.txt;10;0,3,9,2,4,1,6,8,7,5;0;32449
GeneticImproved;12;data/FIS10-0.txt;10;6,8,1,9,0,2,4,3,5,7;0;31468
GeneticImproved;13;data/FIS10-0.txt;10;1,5,0,2,4,7,6,8,3,9;0;30831
GeneticImproved;14;data/FIS10-0.txt;10;0,1,4,9,2,3,5,7,6,8;0;36000
GeneticImproved;15;data/FIS10-0.txt;10;2,4,6,1,3,9,0,5,7,8;0;30924
GeneticImproved;16;data/FIS10-0.txt;10;0,2,9,4,6,8,3,7,1,5;0;30823
GeneticImproved;17;data/FIS10-0.txt;10;0,4,2,8,6,7,1,5,9,3;0;29835
GeneticImproved;18;data/FIS10-0.txt;10;9,3,8,2,4,6,7,5,0,1;0;26641
GeneticImproved;19;data/FIS10-0.txt;10;2,4,9,3,7,1,0,5,8,6;0;28825
GeneticImproved;20;data/FIS10-0.txt;10;3,0,6,1,7,4,2,9,5,8;0;31852
GeneticImproved;21;data/FIS10-0.txt;10;8,5,9,1,4,6,7,2,0,3;0;30975
GeneticImproved;22;data/FIS10-0.txt;10;0,3,9,1,2,4,5,7,6,8;0;27164
GeneticImproved;23;data/FIS10-0.txt;10;0,9,3,8,6,4,1,7,2,5;0;34156
GeneticImproved;24;data/FIS10-0.txt;10;0,1,7,2,4,3,9,5,8,6;0;31214
GeneticImproved;25;data/FIS10-0.txt;10;0,8,3,9,1,4,2,6,7,5;0;31189
GeneticImproved;26;data/FIS10-0.txt;10;5,9,2,4,0,1,7,6,8,3;0;30333
GeneticImproved;27;data/FIS10-0.txt;10;6,8,3,1,7,4,2,0,5,9;0;35612
GeneticImproved;28;data/FIS10-0.txt;10;9,1,0,5,7,4,2,8,6,3;0;34153
GeneticImproved;29;data/FIS10-0.txt;10;9,0,1,4,2,7,6,8,3,5;0;29987
GeneticImproved;30;data/FIS10-0.txt;10;5,1,9,3,0,2,4,6,8,7;0;30494
GeneticImproved;1;data/FIS10-1.txt;10;3,5,2,9,1,0,4,6,7,8;0;34252
GeneticImproved;2;data/FIS10-1.txt;10;6,1,0,3,8,5,2,4,9,7;0;31222
GeneticImproved;3;data/FIS10-1.txt;10;3,5,2,0,7,1,6,9,4,8;0;25398
GeneticImproved;4;data/FIS10-1.txt;10;6,1,7,5,2,0,4,8,3,9;0;31309
GeneticImproved;5;data/FIS10-1.txt;10;8,9,0,4,3,5,2,7,1,6;0;34737
GeneticImproved;6;data/FIS10-1.txt;10;6,2,3,0,8,1,7,5,4,9;0;34665
GeneticImproved;7;data/FIS10-1.txt;10;9,3,0,5,2,4,6,7,1,8;0;35035
GeneticImproved;8;data/FIS10-1.txt;10;4,0,3,2,5,6,8,1,7,9;0;31627
GeneticImproved;9;data/FIS10-1.txt;10;8,2,4,9,1,7,5,0,3,6;0;34059
GeneticImproved;10;data/FIS10-1.txt;10;8,0,3,5,2,4,1,6,7,9;0;32685
GeneticImproved;11;data/FIS10-1.txt;10;1,7,0,4,2,5,3,6,9,8;0;29915
GeneticImproved;12;data/FIS10-1.txt;10;4,2,5,7,0,9,6,8,1,3;0;32830
GeneticImproved;13;data/FIS10-1.txt;10;1,8,3,5,7,0,4,2,6,9;0;27269
GeneticImproved;14;data/FIS10-1.txt;10;1,7,5,2,3,0,9,4,8,6;0;30653
GeneticImproved;15;data/FIS10-1.txt;10;0,7,5,2,4,8,3,9,6,1;0;32715
GeneticImproved;16;data/FIS10-1.txt;10;7,0,3,2,5,4,8,6,9,1;0;30392
GeneticImproved;17;data/FIS10-1.txt;10;3,0,7,2,5,6,1,9,4,8;0;34400
GeneticImproved;18;data/FIS10-1.txt;10;0,2,5,3,8,4,9,6,1,7;0;25398
GeneticImproved;19;data/FIS10-1.txt;10;8,3,5,7,1,0,4,2,6,9;0;28363
GeneticImproved;20;data/FIS10-1.txt;10;1,7,2,0,5,3,4,9,6,8;0;30979
GeneticImproved;21;data/FIS10-1.txt;10;6,9,8,3,5,7,1,2,0,4;0;33227
GeneticImproved;22;data/FIS10-1.txt;10;9,5,7,1,6,8,3,0,4,2;0;31200
GeneticImproved;23;data/FIS10-1.txt;10;3,8,4,2,5,0,1,6,7,9;0;34171
GeneticImproved;24;data/FIS10-1.txt;10;5,3,0,4,7,1,8,9,6,2;0;34817
GeneticImproved;25;data/FIS10-1.txt;10;4,5,2,9,6,1,7,0,3,8;0;36168
GeneticImproved;26;data/FIS10-1.txt;10;0,7,1,3,5,2,4,6,9,8;0;36418
GeneticImproved;27;data/FIS10-1.txt;10;7,0,3,2,5,1,8,4,9,6;0;33556
GeneticImproved;28;data/FIS10-1.txt;10;6,1,4,2,5,7,8,3,0,9;0;32345
GeneticImproved;29;data/FIS10-1.txt;10;5,7,2,4,0,3,8,6,1,9;0;31948
GeneticImproved;30;data/FIS10-1.txt;10;8,0,4,2,5,1,3,6,7,9;0;34881
GeneticImproved;1;data/FIS10-2.txt;10;5,7,1,0,4,8,3,9,2,6;0;32228
GeneticImproved;2;data/FIS10-2.txt;10;7,4,0,1,5,6,2,8,3,9;0;35924
GeneticImproved;3;data/FIS10-2.txt;10;0,1,2,6,9,3,5,7,8,4;0;30933
GeneticImproved;4;data/FIS10-2.txt;10;7,5,1,4,6,0,3,8,2,9;0;34459
GeneticImproved;5;data/FIS10-2.txt;10;2,1,5,0,3,9,6,4,8,7;0;33558
GeneticImproved;6;data/FIS10-2.txt;10;0,3,1,5,8,6,2,9,7,4;0;34244
GeneticImproved;7;data/FIS10-2.txt;10;1,0,3,4,6,5,7,9,2,8;0;28854
GeneticImproved;8;data/FIS10-2.txt;10;2,0,3,8,4,7,1,5,9,6;0;34480
GeneticImproved;9;data/FIS10-2.txt;10;0,1,3,4,8,9,7,5,2,6;0;31509
GeneticImproved;10;data/FIS10-2.txt;10;2,8,3,0,1,5,4,7,6,9;0;34387
GeneticImproved;11;data/FIS10-2.txt;10;3,2,9,6,5,7,8,4,1,0;0;33479
GeneticImproved;12;data/FIS10-2.txt;10;4,0,1,5,3,8,6,2,9,7;0;31021
GeneticImproved;13;data/FIS10-2.txt;10;6,2,0,4,8,9,7,1,5,3;0;35446
GeneticImproved;14;data/FIS10-2.txt;10;6,8,4,3,0,1,5,9,7,2;0;35171
GeneticImproved;15;data/FIS10-2.txt;10;0,2,6,3,1,5,7,9,8,4;0;29444
GeneticImproved;16;data/FIS10-2.txt;10;5,1,0,3,2,6,4,7,9,8;0;30098
GeneticImproved;17;data/FIS10-2.txt;10;5,7,1,3,0,4,8,9,2,6;0;32770
GeneticImproved;18;data/FIS10-2.txt;10;1,0,4,6,7,5,2,3,9,8;0;35299
GeneticImproved;19;data/FIS10-2.txt;10;7,0,5,1,3,9,2,6,8,4;0;28688
GeneticImproved;20;data/FIS10-2.txt;10;4,0,1,3,8,7,9,2,5,6;0;32939
GeneticImproved;21;data/FIS10-2.txt;10;5,0,1,3,2,9,4,8,6,7;0;32227
GeneticImproved;22;data/FIS10-2.txt;10;2,8,3,0,1,5,6,4,7,9;0;31673
GeneticImproved;23;data/FIS10-2.txt;10;4,6,0,5,1,7,3,8,2,9;0;35754
GeneticImproved;24;data/FIS10-2.txt;10;9,6,8,7,5,1,0,4,3,2;0;30957
GeneticImproved;25;data/FIS10-2.txt;10;6,4,0,3,1,5,2,9,7,8;0;32759
GeneticImproved;26;data/FIS10-2.txt;10;2,3,1,0,4,7,8,5,6,9;0;36615
GeneticImproved;27;data/FIS10-2.txt;10;4,8,9,2,7,5,1,3,0,6;0;33614
GeneticImproved;28;data/FIS10-2.txt;10;5,1,7,4,8,9,3,2,6,0;0;29498
GeneticImproved;29;data/FIS10-2.txt;10;7,0,5,1,8,3,9,2,6,4;0;33779
GeneticImproved;30;data/FIS10-2.txt;10;4,0,3,5,1,8,2,9,7,6;0;36736
GeneticImproved;1;data/FIS10-3.txt;10;5,1,0,3,6,4,8,9,7,2;0;32060
GeneticImproved;2;data/FIS10-3.txt;10;9,3,2,4,6,8,7,0,1,5;0;31755
GeneticImproved;3;data/FIS10-3.txt;10;2,0,1,7,4,9,5,8,6,3;0;31138
GeneticImproved;4;data/FIS10-3.txt;10;6,8,7,1,0,5,9,4,2,3;0;29683
GeneticImproved;5;data/FIS10-3.txt;10;9,3,7,2,4,5,1,0,8,6;0;29439
GeneticImproved;6;data/FIS10-3.txt;10;3,6,8,9,4,5,1,0,7,2;0;33464
GeneticImproved;7;data/FIS10-3.txt;10;0,2,4,3,9,7,1,6,5,8;0;30128
GeneticImproved;8;data/FIS10-3.txt;10;9,6,3,4,1,7,2,0,8,5;0;30341
GeneticImproved;9;data/FIS10-3.txt;10;9,3,0,2,7,1,5,4,8,6;0;29630
GeneticImproved;10;data/FIS10-3.txt;10;9,7,4,2,1,0,3,6,8,5;0;29328
GeneticImproved;11;data/FIS10-3.txt;10;0,1,2,7,4,3,6,8,9,5;0;26699
GeneticImproved;12;data/FIS10-3.txt;10;2,0,1,5,3,9,6,8,7,4;0;27773
GeneticImproved;13;data/FIS10-3.txt;10;1,6,3,4,2,0,8,5,9,7;0;28148
GeneticImproved;14;data/FIS10-3.txt;10;0,2,3,6,4,7,8,9,5,1;0;26840
GeneticImproved;15;data/FIS10-3.txt;10;7,1,6,3,4,0,8,5,9,2;0;33601
GeneticImproved;16;data/FIS10-3.txt;10;0,1,2,4,6,7,3,9,5,8;0;30334
GeneticImproved;17;data/FIS10-3.txt;10;1,2,4,3,9,5,6,8,7,0;0;27615
GeneticImproved;18;data/FIS10-3.txt;10;9,3,7,2,4,1,0,8,6,5;0;35209
GeneticImproved;19;data/FIS10-3.txt;10;8,7,2,0,1,6,4,5,9,3;0;31646
GeneticImproved;20;data/FIS10-3.txt;10;1,2,7,0,6,8,4,3,9,5;0;32340
GeneticImproved;21;data/FIS10-3.txt;10;0,1,7,4,5,9,2,3,6,8;0;29743
GeneticImproved;22;data/FIS10-3.txt;10;8,0,1,7,2,4,6,3,5,9;0;28420
GeneticImproved;23;data/FIS10-3.txt;10;3,6,8,4,0,1,7,2,5,9;0;30566
GeneticImproved;24;data/FIS10-3.txt;10;7,1,0,2,4,3,6,5,9,8;0;23018
GeneticImproved;25;data/FIS10-3.txt;10;0,2,4,3,6,5,9,1,7,8;0;30395
GeneticImproved;26;data/FIS10-3.txt;10;0,2,3,9,5,1,7,8,4,6;0;31212
GeneticImproved;27;data/FIS10-3.txt;10;7,2,6,4,8,0,1,5,3,9;0;27789
GeneticImproved;28;data/FIS10-3.txt;10;1,0,2,3,8,6,4,7,9,5;0;30888
GeneticImproved;29;data/FIS10-3.txt;10;8,0,5,1,2,4,3,9,7,6;0;28040
GeneticImproved;30;data/FIS10-3.txt;10;5,1,0,6,8,4,7,9,3,2;0;33842
GeneticImproved;1;data/FIS10-4.txt;10;3,5,7,9,2,1,0,4,6,8;0;22039
GeneticImproved;2;data/FIS10-4.txt;10;8,3,5,4,0,6,2,1,7,9;0;22666
GeneticImproved;3;data/FIS10-4.txt;10;7,1,2,0,5,3,8,4,9,6;0;25018
GeneticImproved;4;data/FIS10-4.txt;10;3,0,4,6,8,2,5,7,1,9;0;27013
GeneticImproved;5;data/FIS10-4.txt;10;1,2,9,5,3,8,6,4,0,7;0;23884
GeneticImproved;6;data/FIS10-4.txt;10;0,4,2,1,9,7,5,8,3,6;0;24147
GeneticImproved;7;data/FIS10-4.txt;10;1,3,5,9,7,4,0,6,8,2;0;23897
GeneticImproved;8;data/FIS10-4.txt;10;8,3,5,6,7,0,2,1,9,4;0;19967
GeneticImproved;9;data/FIS10-4.txt;10;2,6,0,5,1,9,4,7,3,8;0;21270
GeneticImproved;10;data/FIS10-4.txt;10;2,1,6,4,0,7,5,3,8,9;0;23571
GeneticImproved;11;data/FIS10-4.txt;10;7,0,4,9,6,5,1,2,8,3;0;21601
GeneticImproved;12;data/FIS10-4.txt;10;4,9,0,6,5,3,8,2,1,7;0;24102
GeneticImproved;13;data/FIS10-4.txt;10;5,2,1,9,3,0,7,8,6,4;0;25228
GeneticImproved;14;data/FIS10-4.txt;10;9,4,8,2,6,0,3,5,7,1;0;19937
GeneticImproved;15;data/FIS10-4.txt;10;3,0,6,5,7,9,1,2,4,8;0;19604
GeneticImproved;16;data/FIS10-4.txt;10;9,1,2,5,6,0,7,4,8,3;0;23262
GeneticImproved;17;data/FIS10-4.txt;10;0,2,8,9,7,1,3,5,4,6;0;22010
GeneticImproved;18;data/FIS10-4.txt;10;5,0,4,6,9,2,8,3,1,7;0;21964
GeneticImproved;19;data/FIS10-4.txt;10;0,1,2,5,4,9,6,8,3,7;0;23162
GeneticImproved;20;data/FIS10-4.txt;10;0,6,3,8,4,1,2,9,7,5;0;24084
GeneticImproved;21;data/FIS10-4.txt;10;2,1,3,0,6,9,5,7,4,8;0;24002
GeneticImproved;22;data/FIS10-4.txt;10;7,1,2,9,4,6,0,5,3,8;0;25331
GeneticImproved;23;data/FIS10-4.txt;10;0,6,8,2,1,9,4,7,3,5;0;24882
GeneticImproved;24;data/FIS10-4.txt;10;6,4,2,0,8,7,9,1,3,5;0;26311
GeneticImproved;25;data/FIS10-4.txt;10;5,2,1,9,4,3,8,7,0,6;0;27526
GeneticImproved;26;data/FIS10-4.txt;10;1,5,6,9,8,3,7,0,4,2;0;24111
GeneticImproved;27;data/FIS10-4.txt;10;0,9,2,1,7,8,3,5,4,6;0;25652
GeneticImproved;28;data/FIS10-4.txt;10;1,7,4,0,9,6,5,3,8,2;0;22103
GeneticImproved;29;data/FIS10-4.txt;10;7,9,2,5,6,0,3,8,4,1;0;23772
GeneticImproved;30;data/FIS10-4.txt;10;5,6,7,1,2,9,4,8,0,3;0;19506
GeneticImproved;1;data/FIS11-0.txt;11;1,2,0,4,3,7,10,8,6,9,5;0;31650
GeneticImproved;2;data/FIS11-0.txt;11;3,9,7,0,2,5,10,8,6,1,4;0;34902
GeneticImproved;3;data/FIS11-0.txt;11;4,3,2,5,1,9,0,7,10,8,6;0;37551
GeneticImproved;4;data/FIS11-0.txt;11;9,0,2,1,6,10,8,5,7,4,3;0;33576
GeneticImproved;5;data/FIS11-0.txt;11;9,3,8,2,0,4,5,10,6,7,1;0;40608
GeneticImproved;6;data/FIS11-0.txt;11;6,1,9,0,2,5,3,4,8,10,7;0;37451
GeneticImproved;7;data/FIS11-0.txt;11;3,4,1,5,6,9,7,10,2,0,8;0;37317
GeneticImproved;8;data/FIS11-0.txt;11;6,1,2,0,8,3,9,5,4,7,10;0;33692
GeneticImproved;9;data/FIS11-0.txt;11;10,2,0,9,4,1,3,7,8,6,5;0;37299
GeneticImproved;10;data/FIS11-0.txt;11;3,8,0,9,5,6,4,1,2,10,7;0;37503
GeneticImproved;11;data/FIS11-0.txt;11;0,5,2,10,7,3,4,8,1,6,9;0;37818
GeneticImproved;12;data/FIS11-0.txt;11;10,6,2,0,4,7,3,5,9,1,8;0;34563
GeneticImproved;13;data/FIS11-0.txt;11;1,0,2,5,4,3,9,8,10,7,6;0;38124
GeneticImproved;14;data/FIS11-0.txt;11;3,4,9,0,8,10,2,6,1,5,7;0;33667
GeneticImproved;15;data/FIS11-0.txt;11;1,9,10,5,6,2,0,4,7,3,8;0;37673
GeneticImproved;16;data/FIS11-0.txt;11;10,7,3,4,1,2,5,9,6,0,8;0;35796
GeneticImproved;17;data/FIS11-0.txt;11;0,9,10,7,3,4,1,5,2,6,8;0;33198
GeneticImproved;18;data/FIS11-0.txt;11;8,0,4,1,3,9,5,2,6,7,10;0;41725
GeneticImproved;19;data/FIS11-0.txt;11;2,6,8,3,4,7,0,9,10,5,1;0;38304
GeneticImproved;20;data/FIS11-0.txt;11;1,10,9,2,0,4,3,8,6,5,7;0;37076
GeneticImproved;21;data/FIS11-0.txt;11;8,1,6,2,5,4,3,9,0,7,10;0;33874
GeneticImproved;22;data/FIS11-0.txt;11;7,10,2,0,6,8,1,9,5,4,3;0;31820
GeneticImproved;23;data/FIS11-0.txt;11;0,1,2,10,7,5,6,8,3,9,4;0;36545
GeneticImproved;24;data/FIS11-0.txt;11;1,9,7,3,4,5,6,10,2,0,8;0;30582
GeneticImproved;25;data/FIS11-0.txt;11;5,0,2,9,3,4,1,6,8,10,7;0;34707
GeneticImproved;26;data/FIS11-0.txt;11;5,1,2,6,8,10,7,0,4,3,9;0;29236
GeneticImproved;27;data/FIS11-0.txt;11;7,0,4,3,9,10,2,8,5,6,1;0;41220
GeneticImproved;28;data/FIS11-0.txt;11;7,10,6,0,2,8,9,1,5,4,3;0;40128
GeneticImproved;29;data/FIS11-0.txt;11;6,0,8,2,3,4,5,7,10,9,1;0;37402
GeneticImproved;30;data/FIS11-0.txt;11;0,2,1,9,5,4,3,6,8,10,7;0;32435
GeneticImproved;1;data/FIS11-1.txt;11;8,5,1,2,0,7,9,4,3,6,10;0;43233
GeneticImproved;2;data/FIS11-1.txt;11;2,3,0,7,6,10,8,1,9,5,4;0;39229
GeneticImproved;3;data/FIS11-1.txt;11;0,9,3,5,1,8,4,2,7,6,10;0;37045
GeneticImproved;4;data/FIS11-1.txt;11;7,10,8,3,1,5,0,2,4,9,6;0;40175
GeneticImproved;5;data/FIS11-1.txt;11;0,2,1,5,10,6,7,8,9,3,4;0;35421
GeneticImproved;6;data/FIS11-1.txt;11;2,7,3,5,4,8,6,9,1,10,0;0;39799
GeneticImproved;7;data/FIS11-1.txt;11;5,0,2,1,9,8,6,10,3,7,4;0;37466
GeneticImproved;8;data/FIS11-1.txt;11;6,9,3,1,8,10,4,5,0,2,7;0;40309
GeneticImproved;9;data/FIS11-1.txt;11;7,0,2,6,8,9,3,5,1,4,10;0;40695
GeneticImproved;10;data/FIS11-1.txt;11;4,7,2,1,8,5,3,9,6,0,10;0;41526
GeneticImproved;11;data/FIS11-1.txt;11;10,8,6,9,3,5,1,4,2,7,0;0;34691
GeneticImproved;12;data/FIS11-1.txt;11;4,3,10,5,1,2,9,8,6,7,0;0;40958
GeneticImproved;13;data/FIS11-1.txt;11;8,1,2,6,7,3,4,9,5,10,0;0;41564
GeneticImproved;14;data/FIS11-1.txt;11;5,9,3,4,7,6,0,2,1,8,10;0;36851
GeneticImproved;15;data/FIS11-1.txt;11;5,0,7,2,1,9,3,4,8,6,10;0;35996
GeneticImproved;16;data/FIS11-1.txt;11;7,0,2,4,10,6,9,1,5,3,8;0;40224
GeneticImproved;17;data/FIS11-1.txt;11;0,10,3,7,5,1,2,4,8,9,6;0;44407
GeneticImproved;18;data/FIS11-1.txt;11;10,0,2,4,1,5,3,6,7,8,9;0;37004
GeneticImproved;19;data/FIS11-1.txt;11;3,2,4,5,1,8,7,6,10,0,9;0;37553
GeneticImproved;20;data/FIS11-1.txt;11;2,1,5,3,10,4,9,8,6,7,0;0;35086
GeneticImproved;21;data/FIS11-1.txt;11;3,1,0,2,7,6,9,4,5,10,8;0;41587
GeneticImproved;22;data/FIS11-1.txt;11;0,2,1,10,5,8,4,3,9,6,7;0;37726
GeneticImproved;23;data/FIS11-1.txt;11;5,10,8,1,2,4,7,6,0,3,9;0;43012
GeneticImproved;24;data/FIS11-1.txt;11;3,2,8,4,7,0,9,6,10,5,1;0;37302
GeneticImproved;25;data/FIS11-1.txt;11;4,7,2,0,5,1,9,3,10,6,8;0;38051
GeneticImproved;26;data/FIS11-1.txt;11;4,0,1,5,3,9,10,8,6,7,2;0;38426
GeneticImproved;27;data/FIS11-1.txt;11;1,2,9,3,6,10,0,7,8,4,5;0;37216
GeneticImproved;28;data/FIS11-1.txt;11;8,10,7,6,2,4,9,3,5,0,1;0;35980
GeneticImproved;29;data/FIS11-1.txt;11;1,0,2,4,8,10,7,6,3,9,5;0;35885
GeneticImproved;30;data/FIS11-1.txt;11;6,8,10,5,0,4,1,9,3,7,2;0;38345
GeneticImproved;1;data/FIS11-2.txt;11;0,10,5,1,4,2,3,7,8,9,6;0;34044
GeneticImproved;2;data/FIS11-2.txt;11;8,4,1,9,3,7,6,0,10,5,2;0;32290
GeneticImproved;3;data/FIS11-2.txt;11;9,10,2,3,7,8,4,6,0,5,1;0;31702
GeneticImproved;4;data/FIS11-2.txt;11;5,2,8,4,7,6,1,9,10,0,3;0;35984
GeneticImproved;5;data/FIS11-2.txt;11;0,6,10,1,5,2,9,3,7,4,8;0;37774
GeneticImproved;6;data/FIS11-2.txt;11;10,1,5,0,3,9,8,2,4,6,7;0;35221
GeneticImproved;7;data/FIS11-2.txt;11;2,5,1,3,4,6,0,10,9,7,8;0;31483
GeneticImproved;8;data/FIS11-2.txt;11;9,0,10,2,4,7,8,5,3,1,6;0;36610
GeneticImproved;9;data/FIS11-2.txt;11;3,1,4,8,9,5,2,10,0,6,7;0;29828
GeneticImproved;10;data/FIS11-2.txt;11;4,7,3,9,8,0,10,1,5,2,6;0;37253
GeneticImproved;11;data/FIS11-2.txt;11;9,10,8,4,2,6,7,3,1,5,0;0;35051
GeneticImproved;12;data/FIS11-2.txt;11;6,9,5,3,0,7,1,8,2,10,4;0;36392
GeneticImproved;13;data/FIS11-2.txt;11;10,1,3,0,7,8,4,2,5,9,6;0;33794
GeneticImproved;14;data/FIS11-2.txt;11;0,7,1,5,6,4,2,3,8,9,10;0;37304
GeneticImproved;15;data/FIS11-2.txt;11;6,9,0,10,2,5,3,7,8,1,4;0;29175
GeneticImproved;16;data/FIS11-2.txt;11;10,2,3,9,6,4,5,1,7,8,0;0;38405
GeneticImproved;17;data/FIS11-2.txt;11;0,6,4,7,3,9,5,1,8,2,10;0;31137
GeneticImproved;18;data/FIS11-2.txt;11;0,3,2,4,8,7,6,5,1,9,10;0;32541
GeneticImproved;19;data/FIS11-2.txt;11;1,2,4,8,7,10,5,3,0,6,9;0;36153
GeneticImproved;20;data/FIS11-2.txt;11;6,4,1,5,9,2,3,8,7,10,0;0;38296
GeneticImproved;21;data/FIS11-2.txt;11;9,3,1,5,0,10,2,8,4,7,6;0;26836
GeneticImproved;22;data/FIS11-2.txt;11;10,1,9,0,6,7,3,5,2,8,4;0;37404
GeneticImproved;23;data/FIS11-2.txt;11;8,9,10,6,7,3,1,4,2,5,0;0;35766
GeneticImproved;24;data/FIS11-2.txt;11;0,10,2,4,3,5,1,8,6,7,9;0;37653
GeneticImproved;25;data/FIS11-2.txt;11;4,0,5,1,9,10,6,8,2,3,7;0;36243
GeneticImproved;26;data/FIS11-2.txt;11;10,0,1,5,2,8,4,3,9,6,7;0;31681
GeneticImproved;27;data/FIS11-2.txt;11;3,7,0,1,8,2,4,6,10,9,5;0;38222
GeneticImproved;28;data/FIS11-2.txt;11;7,0,10,2,8,5,3,9,6,4,1;0;36991
GeneticImproved;29;data/FIS11-2.txt;11;4,6,1,9,3,5,2,7,10,0,8;0;39683
GeneticImproved;30;data/FIS11-2.txt;11;3,1,4,6,9,0,10,2,8,5,7;0;35652
GeneticImproved;1;data/FIS11-3.txt;11;6,1,0,10,2,3,4,9,8,5,7;0;31476
GeneticImproved;2;data/FIS11-3.txt;11;1,0,7,6,4,3,5,8,10,9,2;0;38998
GeneticImproved;3;data/FIS11-3.txt;11;7,8,1,4,0,10,5,2,3,6,9;0;32112
GeneticImproved;4;data/FIS11-3.txt;11;7,6,1,2,3,5,9,4,10,0,8;0;33533
GeneticImproved;5;data/FIS11-3.txt;11;5,1,8,2,9,6,3,4,0,10,7;0;37026
GeneticImproved;6;data/FIS11-3.txt;11;8,7,4,10,0,9,5,2,3,6,1;0;35441
GeneticImproved;7;data/FIS11-3.txt;11;0,7,9,4,2,3,5,8,10,1,6;0;39895
GeneticImproved;8;data/FIS11-3.txt;11;2,8,1,5,4,3,6,0,9,7,10;0;39607
GeneticImproved;9;data/FIS11-3.txt;11;0,6,1,2,5,3,4,8,9,7,10;0;37798
GeneticImproved;10;data/FIS11-3.txt;11;9,6,0,4,1,7,8,5,3,10,2;0;35166
GeneticImproved;11;data/FIS11-3.txt;11;10,0,6,1,2,3,5,4,8,7,9;0;36619
GeneticImproved;12;data/FIS11-3.txt;11;6,1,2,3,4,9,5,0,10,8,7;0;34188
GeneticImproved;13;data/FIS11-3.txt;11;10,3,2,1,9,5,0,4,6,7,8;0;36267
GeneticImproved;14;data/FIS11-3.txt;11;5,3,6,1,2,10,8,7,0,4,9;0;35833
GeneticImproved;15;data/FIS11-3.txt;11;4,3,2,9,5,8,1,0,10,7,6;0;35573
GeneticImproved;16;data/FIS11-3.txt;11;3,2,1,9,0,10,8,4,6,7,5;0;31633
GeneticImproved;17;data/FIS11-3.txt;11;7,6,5,8,1,0,2,10,3,4,9;0;35938
GeneticImproved;18;data/FIS11-3.txt;11;6,4,1,7,9,0,10,8,5,2,3;0;29941
GeneticImproved;19;data/FIS11-3.txt;11;10,0,5,6,9,2,1,7,8,4,3;0;39257
GeneticImproved;20;data/FIS11-3.txt;11;9,6,2,3,10,4,5,0,1,8,7;0;37295
GeneticImproved;21;data/FIS11-3.txt;11;7,0,9,10,8,5,1,2,3,4,6;0;34462
GeneticImproved;22;data/FIS11-3.txt;11;5,2,1,0,7,8,4,9,6,3,10;0;36415
GeneticImproved;23;data/FIS11-3.txt;11;8,5,2,3,6,1,7,10,0,4,9;0;35151
GeneticImproved;24;data/FIS11-3.txt;11;10,1,2,6,7,9,4,3,5,8,0;0;34457
GeneticImproved;25;data/FIS11-3.txt;11;7,10,0,4,3,6,9,5,2,1,8;0;38723
GeneticImproved;26;data/FIS11-3.txt;11;5,9,0,1,2,10,4,8,7,6,3;0;36793
GeneticImproved;27;data/FIS11-3.txt;11;0,6,10,5,2,3,4,9,7,8,1;0;34507
GeneticImproved;28;data/FIS11-3.txt;11;8,1,6,9,4,0,5,7,3,2,10;0;36164
GeneticImproved;29;data/FIS11-3.txt;11;9,4,0,1,2,3,5,6,7,8,10;0;40028
GeneticImproved;30;data/FIS11-3.txt;11;10,0,8,7,5,3,2,1,6,9,4;0;31462
GeneticImproved;1;data/FIS11-4.txt;11;0,8,4,5,3,10,2,7,1,6,9;0;37986
GeneticImproved;2;data/FIS11-4.txt;11;10,2,3,0,4,6,7,5,1,9,8;0;24233
GeneticImproved;3;data/FIS11-4.txt;11;4,0,1,2,3,10,9,6,5,7,8;0;32001
GeneticImproved;4;data/FIS11-4.txt;11;4,2,10,7,1,6,9,5,8,3,0;0;36300
GeneticImproved;5;data/FIS11-4.txt;11;6,8,3,7,2,4,1,0,9,5,10;0;33041
GeneticImproved;6;data/FIS11-4.txt;11;1,0,4,10,2,3,5,6,8,7,9;0;31601
GeneticImproved;7;data/FIS11-4.txt;11;5,9,0,1,2,3,4,6,7,8,10;0;39241
GeneticImproved;8;data/FIS11-4.txt;11;0,9,5,3,2,8,7,10,1,4,6;0;33917
GeneticImproved;9;data/FIS11-4.txt;11;9,5,8,3,0,10,2,7,6,4,1;0;32875
GeneticImproved;10;data/FIS11-4.txt;11;3,0,9,1,2,8,10,4,6,7,5;0;38053
GeneticImproved;11;data/FIS11-4.txt;11;8,2,1,4,5,3,0,9,6,10,7;0;34059
GeneticImproved;12;data/FIS11-4.txt;11;2,0,4,6,7,5,3,10,8,9,1;0;34133
GeneticImproved;13;data/FIS11-4.txt;11;8,7,5,2,4,0,3,10,1,9,6;0;34785
GeneticImproved;14;data/FIS11-4.txt;11;0,1,4,2,3,5,10,7,9,6,8;0;36457
GeneticImproved;15;data/FIS11-4.txt;11;9,0,1,3,5,6,8,4,2,10,7;0;34771
GeneticImproved;16;data/FIS11-4.txt;11;8,3,0,4,6,10,2,7,1,9,5;0;28736
GeneticImproved;17;data/FIS11-4.txt;11;0,3,1,2,10,6,4,8,7,5,9;0;32875
GeneticImproved;18;data/FIS11-4.txt;11;9,8,10,1,4,0,2,3,7,5,6;0;34819
GeneticImproved;19;data/FIS11-4.txt;11;4,2,7,6,10,3,5,9,1,0,8;0;36758
GeneticImproved;20;data/FIS11-4.txt;11;10,2,0,9,1,7,4,8,3,5,6;0;34030
GeneticImproved;21;data/FIS11-4.txt;11;5,7,9,1,4,6,0,2,10,8,3;0;33580
GeneticImproved;22;data/FIS11-4.txt;11;0,9,6,7,5,4,1,10,8,3,2;0;38909
GeneticImproved;23;data/FIS11-4.txt;11;10,9,6,1,3,0,4,8,7,5,2;0;36460
GeneticImproved;24;data/FIS11-4.txt;11;9,1,2,5,6,10,4,0,3,8,7;0;33728
GeneticImproved;25;data/FIS11-4.txt;11;9,0,4,8,3,2,10,7,5,6,1;0;30285
GeneticImproved;26;data/FIS11-4.txt;11;4,0,3,8,6,10,7,2,5,9,1;0;30045
GeneticImproved;27;data/FIS11-4.txt;11;5,1,3,10,6,8,2,7,4,0,9;0;35362
GeneticImproved;28;data/FIS11-4.txt;11;4,0,6,2,7,10,8,9,1,3,5;0;36893
GeneticImproved;29;data/FIS11-4.txt;11;4,0,3,2,9,1,5,8,7,10,6;0;34330
GeneticImproved;30;data/FIS11-4.txt;11;0,1,2,3,8,4,7,6,10,5,9;0;30318
GeneticImproved;1;data/FIS12-0.txt;12;6,1,0,2,3,4,5,7,8,9,10,11;0;45017
GeneticImproved;2;data/FIS12-0.txt;12;6,1,0,2,3,4,5,7,8,9,10,11;0;45017
GeneticImproved;3;data/FIS12-0.txt;12;10,1,7,8,0,4,3,9,11,2,6,5;0;42303
GeneticImproved;4;data/FIS12-0.txt;12;8,0,1,6,5,7,3,10,4,9,11,2;0;39702
GeneticImproved;5;data/FIS12-0.txt;12;5,7,9,1,4,0,8,3,6,2,10,11;0;40446
GeneticImproved;6;data/FIS12-0.txt;12;2,10,8,3,5,7,11,9,4,0,1,6;0;38565
GeneticImproved;7;data/FIS12-0.txt;12;10,5,0,4,1,9,3,2,6,7,8,11;0;41985
GeneticImproved;8;data/FIS12-0.txt;12;3,10,5,8,2,11,9,0,4,6,1,7;0;39003
GeneticImproved;9;data/FIS12-0.txt;12;8,1,6,3,2,0,4,5,11,9,7,10;0;44912
GeneticImproved;10;data/FIS12-0.txt;12;4,0,1,6,2,8,9,3,10,5,11,7;0;36858
GeneticImproved;11;data/FIS12-0.txt;12;8,1,6,0,2,5,11,10,3,7,4,9;0;44814
GeneticImproved;12;data/FIS12-0.txt;12;3,8,6,11,9,4,0,1,10,2,5,7;0;42637
GeneticImproved;13;data/FIS12-0.txt;12;11,7,1,6,3,10,4,5,2,0,8,9;0;38287
GeneticImproved;14;data/FIS12-0.txt;12;6,1,0,2,3,4,5,7,8,9,10,11;0;45017
GeneticImproved;15;data/FIS12-0.txt;12;6,1,0,2,3,4,5,7,8,9,10,11;0;45017
GeneticImproved;16;data/FIS12-0.txt;12;6,1,0,2,3,4,5,7,8,9,10,11;0;45017
GeneticImproved;17;data/FIS12-0.txt;12;5,2,0,4,6,3,10,8,11,7,9,1;0;38898
GeneticImproved;18;data/FIS12-0.txt;12;0,1,6,5,7,8,10,3,2,9,11,4;0;38931
GeneticImproved;19;data/FIS12-0.txt;12;7,11,1,9,3,5,6,4,0,2,8,10;0;43067
GeneticImproved;20;data/FIS12-0.txt;12;11,8,4,0,1,9,5,2,6,10,3,7;0;43193
GeneticImproved;21;data/FIS12-0.txt;12;1,0,8,9,3,10,4,7,5,2,6,11;0;39986
GeneticImproved;22;data/FIS12-0.txt;12;6,1,0,2,3,4,5,7,8,9,10,11;0;45017
GeneticImproved;23;data/FIS12-0.txt;12;10,8,7,5,3,2,0,4,9,11,6,1;0;31457
GeneticImproved;24;data/FIS12-0.txt;12;3,2,6,1,4,0,10,7,5,11,9,8;0;42067
GeneticImproved;25;data/FIS12-0.txt;12;4,0,2,5,10,3,6,7,8,1,9,11;0;43868
GeneticImproved;26;data/FIS12-0.txt;12;0,1,9,7,5,11,6,2,3,4,8,10;0;42652
GeneticImproved;27;data/FIS12-0.txt;12;7,8,0,4,1,10,3,6,2,11,9,5;0;41211
GeneticImproved;28;data/FIS12-0.txt;12;6,1,0,2,3,4,5,7,8,9,10,11;0;45017
GeneticImproved;29;data/FIS12-0.txt;12;6,1,0,2,3,4,5,7,8,9,10,11;0;45017
GeneticImproved;30;data/FIS12-0.txt;12;11,6,8,2,7,5,0,4,10,3,1,9;0;43710
GeneticImproved;1;data/FIS12-1.txt;12;7,5,8,2,10,1,0,4,6,11,3,9;0;40513
GeneticImproved;2;data/FIS12-1.txt;12;9,0,8,6,4,5,7,1,10,2,3,11;0;41362
GeneticImproved;3;data/FIS12-1.txt;12;9,0,1,2,3,4,5,6,7,8,10,11;0;43148
GeneticImproved;4;data/FIS12-1.txt;12;11,8,7,3,2,1,0,9,4,5,10,6;0;34635
GeneticImproved;5;data/FIS12-1.txt;12;0,1,2,10,4,5,6,7,8,9,11,3;0;32741
GeneticImproved;6;data/FIS12-1.txt;12;1,4,9,5,10,0,3,2,6,7,8,11;0;40809
GeneticImproved;7;data/FIS12-1.txt;12;0,3,2,6,1,8,7,5,4,10,11,9;0;39996
GeneticImproved;8;data/FIS12-1.txt;12;9,0,1,2,3,4,5,6,7,8,10,11;0;43148
GeneticImproved;9;data/FIS12-1.txt;12;6,4,1,0,8,5,9,7,2,10,3,11;0;38675
GeneticImproved;10;data/FIS12-1.txt;12;0,1,8,2,10,7,5,4,9,6,11,3;0;39552
GeneticImproved;11;data/FIS12-1.txt;12;1,0,9,5,3,7,2,8,10,11,6,4;0;42388
GeneticImproved;12;data/FIS12-1.txt;12;1,0,3,2,9,7,10,11,6,4,5,8;0;36786
GeneticImproved;13;data/FIS12-1.txt;12;8,10,2,6,7,3,4,1,0,9,5,11;0;38918
GeneticImproved;14;data/FIS12-1.txt;12;9,0,1,2,3,4,5,6,7,8,10,11;0;43148
GeneticImproved;15;data/FIS12-1.txt;12;9,0,1,2,3,4,5,6,7,8,10,11;0;43148
GeneticImproved;16;data/FIS12-1.txt;12;9,0,1,2,3,4,5,6,7,8,10,11;0;43148
GeneticImproved;17;data/FIS12-1.txt;12;9,0,1,2,3,4,5,6,7,8,10,11;0;43148
GeneticImproved;18;data/FIS12-1.txt;12;9,0,1,2,3,4,5,6,7,8,10,11;0;43148
GeneticImproved;19;data/FIS12-1.txt;12;6,4,11,1,0,3,2,10,8,5,9,7;0;35367
GeneticImproved;20;data/FIS12-1.txt;12;6,3,11,0,1,2,7,8,5,9,4,10;0;40219
GeneticImproved;21;data/FIS12-1.txt;12;7,5,8,3,2,4,10,6,11,9,0,1;0;38973
GeneticImproved;22;data/FIS12-1.txt;12;9,0,1,2,3,4,5,6,7,8,10,11;0;43148
GeneticImproved;23;data/FIS12-1.txt;12;4,3,0,1,2,10,5,9,6,11,8,7;0;41375
GeneticImproved;24;data/FIS12-1.txt;12;9,0,1,2,3,4,5,6,7,8,10,11;0;43148
GeneticImproved;25;data/FIS12-1.txt;12;7,6,2,3,0,1,4,10,9,5,8,11;0;41820
GeneticImproved;26;data/FIS12-1.txt;12;9,0,1,2,3,4,5,6,7,8,10,11;0;43148
GeneticImproved;27;data/FIS12-1.txt;12;9,0,1,2,3,4,5,6,7,8,10,11;0;43148
GeneticImproved;28;data/FIS12-1.txt;12;9,0,1,2,3,4,5,6,7,8,10,11;0;43148
GeneticImproved;29;data/FIS12-1.txt;12;9,0,1,2,3,4,5,6,7,8,10,11;0;43148
GeneticImproved;30;data/FIS12-1.txt;12;0,1,10,5,8,2,6,11,9,4,7,3;0;34561
GeneticImproved;1;data/FIS12-2.txt;12;4,9,1,3,11,5,6,2,0,8,10,7;0;49913
GeneticImproved;2;data/FIS12-2.txt;12;1,9,7,10,11,4,6,2,8,5,0,3;0;43921
GeneticImproved;3;data/FIS12-2.txt;12;9,1,8,0,6,2,10,4,3,11,7,5;0;43431
GeneticImproved;4;data/FIS12-2.txt;12;4,9,5,7,1,8,0,6,2,10,3,11;0;45637
GeneticImproved;5;data/FIS12-2.txt;12;5,3,2,8,0,7,11,4,10,1,9,6;0;44102
GeneticImproved;6;data/FIS12-2.txt;12;10,2,9,0,3,8,5,6,1,11,7,4;0;43727
GeneticImproved;7;data/FIS12-2.txt;12;10,2,3,5,4,6,0,7,9,1,11,8;0;46771
GeneticImproved;8;data/FIS12-2.txt;12;4,5,3,1,7,8,10,0,9,2,11,6;0;40377
GeneticImproved;9;data/FIS12-2.txt;12;7,1,11,0,6,10,4,9,5,8,2,3;0;48102
GeneticImproved;10;data/FIS12-2.txt;12;6,2,3,1,7,8,0,9,4,10,5,11;0;45845
GeneticImproved;11;data/FIS12-2.txt;12;0,3,5,11,1,9,7,10,6,4,2,8;0;41349
GeneticImproved;12;data/FIS12-2.txt;12;11,3,1,7,0,8,2,6,5,9,4,10;0;44466
GeneticImproved;13;data/FIS12-2.txt;12;8,0,2,10,6,4,3,7,1,11,9,5;0;48553
GeneticImproved;14;data/FIS12-2.txt;12;8,9,0,3,2,5,11,6,1,7,4,10;0;45670
GeneticImproved;15;data/FIS12-2.txt;12;5,9,0,1,7,10,2,6,8,11,4,3;0;48453
GeneticImproved;16;data/FIS12-2.txt;12;10,2,3,5,8,4,7,1,9,0,11,6;0;40624
GeneticImproved;17;data/FIS12-2.txt;12;9,0,3,2,10,8,6,5,1,4,11,7;0;46686
GeneticImproved;18;data/FIS12-2.txt;12;9,1,7,4,8,0,2,10,3,11,6,5;0;43899
GeneticImproved;19;data/FIS12-2.txt;12;9,5,3,1,4,8,10,2,6,0,11,7;0;48733
GeneticImproved;20;data/FIS12-2.txt;12;11,6,8,3,1,10,2,9,0,5,7,4;0;46738
GeneticImproved;21;data/FIS12-2.txt;12;5,7,8,2,3,6,4,10,0,9,11,1;0;53577
GeneticImproved;22;data/FIS12-2.txt;12;7,1,4,2,8,3,6,0,9,10,11,5;0;47768
GeneticImproved;23;data/FIS12-2.txt;12;2,1,11,4,3,5,7,6,8,0,9,10;0;49430
GeneticImproved;24;data/FIS12-2.txt;12;1,3,5,6,8,0,9,7,10,2,4,11;0;42889
GeneticImproved;25;data/FIS12-2.txt;12;9,1,7,2,3,5,6,11,10,4,8,0;0;45125
GeneticImproved;26;data/FIS12-2.txt;12;4,9,0,2,3,7,8,6,11,10,1,5;0;51448
GeneticImproved;27;data/FIS12-2.txt;12;5,9,1,11,6,4,2,10,3,0,8,7;0;43536
GeneticImproved;28;data/FIS12-2.txt;12;1,10,7,8,4,5,3,2,6,11,0,9;0;45171
GeneticImproved;29;data/FIS12-2.txt;12;1,11,7,0,8,6,10,2,3,5,4,9;0;41946
GeneticImproved;30;data/FIS12-2.txt;12;10,4,9,0,6,5,7,1,3,8,2,11;0;47111
GeneticImproved;1;data/FIS12-3.txt;12;0,8,2,10,9,5,7,1,3,6,4,11;0;33720
GeneticImproved;2;data/FIS12-3.txt;12;10,0,6,2,5,9,11,7,1,3,8,4;0;39664
GeneticImproved;3;data/FIS12-3.txt;12;0,10,9,5,7,4,11,8,6,1,2,3;0;36021
GeneticImproved;4;data/FIS12-3.txt;12;5,6,0,8,11,2,7,4,9,10,1,3;0;33017
GeneticImproved;5;data/FIS12-3.txt;12;0,6,5,1,4,7,3,2,8,11,9,10;0;37787
GeneticImproved;6;data/FIS12-3.txt;12;0,1,3,2,7,4,10,6,9,5,8,11;0;35046
GeneticImproved;7;data/FIS12-3.txt;12;8,5,1,2,3,4,10,9,7,6,11,0;0;37910
GeneticImproved;8;data/FIS12-3.txt;12;2,0,8,5,9,10,6,7,1,4,3,11;0;28810
GeneticImproved;9;data/FIS12-3.txt;12;0,10,7,2,6,1,5,8,3,4,9,11;0;38022
GeneticImproved;10;data/FIS12-3.txt;12;1,7,10,9,4,5,3,0,2,11,8,6;0;41096
GeneticImproved;11;data/FIS12-3.txt;12;0,2,1,4,3,8,7,10,6,9,11,5;0;37147
GeneticImproved;12;data/FIS12-3.txt;12;8,3,1,5,6,4,7,9,11,2,0,10;0;34268
GeneticImproved;13;data/FIS12-3.txt;12;9,8,1,3,5,11,0,2,7,4,6,10;0;35883
GeneticImproved;14;data/FIS12-3.txt;12;10,1,3,2,7,5,11,4,6,9,8,0;0;37576
GeneticImproved;15;data/FIS12-3.txt;12;0,5,11,4,8,9,10,7,1,3,6,2;0;36580
GeneticImproved;16;data/FIS12-3.txt;12;5,1,3,2,0,11,4,10,6,7,8,9;0;38125
GeneticImproved;17;data/FIS12-3.txt;12;0,10,8,11,9,5,1,2,3,6,7,4;0;32123
GeneticImproved;18;data/FIS12-3.txt;12;10,6,2,1,4,3,7,5,11,0,8,9;0;40408
GeneticImproved;19;data/FIS12-3.txt;12;8,0,11,3,2,4,7,6,1,10,9,5;0;33234
GeneticImproved;20;data/FIS12-3.txt;12;6,5,0,3,1,10,2,11,9,4,8,7;0;40543
GeneticImproved;21;data/FIS12-3.txt;12;6,9,4,7,5,10,0,11,2,1,3,8;0;35416
GeneticImproved;22;data/FIS12-3.txt;12;2,11,8,3,0,5,1,10,9,4,7,6;0;31302
GeneticImproved;23;data/FIS12-3.txt;12;4,11,2,3,1,5,0,6,10,9,7,8;0;31431
GeneticImproved;24;data/FIS12-3.txt;12;8,0,10,2,3,1,11,5,6,4,7,9;0;38788
GeneticImproved;25;data/FIS12-3.txt;12;6,5,11,3,1,2,4,7,8,9,10,0;0;31941
GeneticImproved;26;data/FIS12-3.txt;12;10,8,0,4,3,9,6,2,11,5,1,7;0;37491
GeneticImproved;27;data/FIS12-3.txt;12;7,6,0,8,5,9,10,1,3,11,4,2;0;36320
GeneticImproved;28;data/FIS12-3.txt;12;3,0,9,5,1,7,10,8,11,2,4,6;0;39382
GeneticImproved;29;data/FIS12-3.txt;12;2,1,3,7,9,10,4,8,0,6,5,11;0;35349
GeneticImproved;30;data/FIS12-3.txt;12;10,6,3,4,2,5,1,0,11,7,8,9;0;42040
GeneticImproved;1;data/FIS12-4.txt;12;0,11,1,2,3,4,5,6,7,8,9,10;0;35675
GeneticImproved;2;data/FIS12-4.txt;12;0,11,1,2,3,4,5,6,7,8,9,10;0;35675
GeneticImproved;3;data/FIS12-4.txt;12;0,11,1,2,3,4,5,6,7,8,9,10;0;35675
GeneticImproved;4;data/FIS12-4.txt;12;0,11,1,2,3,4,5,6,7,8,9,10;0;35675
GeneticImproved;5;data/FIS12-4.txt;12;0,11,1,2,3,4,5,6,7,8,9,10;0;35675
GeneticImproved;6;data/FIS12-4.txt;12;0,11,1,2,3,4,5,6,7,8,9,10;0;35675
GeneticImproved;7;data/FIS12-4.txt;12;0,11,1,2,3,4,5,6,7,8,9,10;0;35675
GeneticImproved;8;data/FIS12-4.txt;12;0,11,1,2,3,4,5,6,7,8,9,10;0;35675
GeneticImproved;9;data/FIS12-4.txt;12;0,11,1,2,3,4,5,6,7,8,9,10;0;35675
GeneticImproved;10;data/FIS12-4.txt;12;0,11,1,2,3,4,5,6,7,8,9,10;0;35675
GeneticImproved;11;data/FIS12-4.txt;12;0,11,1,2,3,4,5,6,7,8,9,10;0;35675
GeneticImproved;12;data/FIS12-4.txt;12;0,11,1,2,3,4,5,6,7,8,9,10;0;35675
GeneticImproved;13;data/FIS12-4.txt;12;0,11,1,2,3,4,5,6,7,8,9,10;0;35675
GeneticImproved;14;data/FIS12-4.txt;12;0,11,1,2,3,4,5,6,7,8,9,10;0;35675
GeneticImproved;15;data/FIS12-4.txt;12;0,11,1,2,3,4,5,6,7,8,9,10;0;35675
GeneticImproved;16;data/FIS12-4.txt;12;0,11,1,2,3,4,5,6,7,8,9,10;0;35675
GeneticImproved;17;data/FIS12-4.txt;12;0,11,1,2,3,4,5,6,7,8,9,10;0;35675
GeneticImproved;18;data/FIS12-4.txt;12;0,11,1,2,3,4,5,6,7,8,9,10;0;35675
GeneticImproved;19;data/FIS12-4.txt;12;0,11,1,2,3,4,5,6,7,8,9,10;0;35675
GeneticImproved;20;data/FIS12-4.txt;12;0,11,1,2,3,4,5,6,7,8,9,10;0;35675
GeneticImproved;21;data/FIS12-4.txt;12;0,11,1,2,3,4,5,6,7,8,9,10;0;35675
GeneticImproved;22;data/FIS12-4.txt;12;0,11,1,2,3,4,5,6,7,8,9,10;0;35675
GeneticImproved;23;data/FIS12-4.txt;12;6,10,4,0,11,5,8,7,1,2,3,9;0;35012
GeneticImproved;24;data/FIS12-4.txt;12;0,11,1,2,3,4,5,6,7,8,9,10;0;35675
GeneticImproved;25;data/FIS12-4.txt;12;0,11,1,2,3,4,5,6,7,8,9,10;0;35675
GeneticImproved;26;data/FIS12-4.txt;12;0,11,1,2,3,4,5,6,7,8,9,10;0;35675
GeneticImproved;27;data/FIS12-4.txt;12;0,11,1,2,3,4,5,6,7,8,9,10;0;35675
GeneticImproved;28;data/FIS12-4.txt;12;0,11,1,2,3,4,5,6,7,8,9,10;0;35675
GeneticImproved;29;data/FIS12-4.txt;12;0,11,1,2,3,4,5,6,7,8,9,10;0;35675
GeneticImproved;30;data/FIS12-4.txt;12;0,11,1,2,3,4,5,6,7,8,9,10;0;35675
GeneticImproved;1;data/FIS13-0.txt;13;0,2,3,6,11,8,9,10,7,12,4,5,1;0;45175
GeneticImproved;2;data/FIS13-0.txt;13;2,9,0,5,4,8,10,1,6,7,11,12,3;0;38512
GeneticImproved;3;data/FIS13-0.txt;13;10,3,2,12,4,0,1,6,7,8,11,5,9;0;46301
GeneticImproved;4;data/FIS13-0.txt;13;7,12,2,1,9,4,11,8,5,6,0,10,3;0;41873
GeneticImproved;5;data/FIS13-0.txt;13;8,7,5,4,6,1,10,3,2,12,0,9,11;0;46781
GeneticImproved;6;data/FIS13-0.txt;13;4,1,0,2,3,5,6,7,8,9,10,11,12;0;50523
GeneticImproved;7;data/FIS13-0.txt;13;8,9,2,4,5,0,10,3,7,1,6,11,12;0;36087
GeneticImproved;8;data/FIS13-0.txt;13;7,12,11,0,3,5,9,8,4,10,1,2,6;0;47474
GeneticImproved;9;data/FIS13-0.txt;13;0,3,11,4,5,7,6,1,9,2,12,8,10;0;39784
GeneticImproved;10;data/FIS13-0.txt;13;8,4,2,0,1,6,7,10,3,9,5,12,11;0;45690
GeneticImproved;11;data/FIS13-0.txt;13;4,0,1,6,11,7,5,3,2,8,9,10,12;0;41740
GeneticImproved;12;data/FIS13-0.txt;13;11,4,6,7,5,3,2,8,1,10,0,9,12;0;48102
GeneticImproved;13;data/FIS13-0.txt;13;7,1,0,5,6,2,8,11,9,3,10,4,12;0;43961
GeneticImproved;14;data/FIS13-0.txt;13;7,12,4,8,5,0,3,1,9,2,11,6,10;0;47439
GeneticImproved;15;data/FIS13-0.txt;13;6,0,5,4,12,8,10,3,11,7,2,9,1;0;40572
GeneticImproved;16;data/FIS13-0.txt;13;6,0,4,5,8,2,9,11,12,1,3,10,7;0;49147
GeneticImproved;17;data/FIS13-0.txt;13;4,1,0,2,3,5,6,7,8,9,10,11,12;0;50523
GeneticImproved;18;data/FIS13-0.txt;13;0,4,12,6,9,1,8,2,10,7,11,5,3;0;46827
GeneticImproved;19;data/FIS13-0.txt;13;6,1,0,9,10,8,4,2,7,3,11,12,5;0;46429
GeneticImproved;20;data/FIS13-0.txt;13;11,9,2,6,5,10,8,12,4,3,0,1,7;0;42943
GeneticImproved;21;data/FIS13-0.txt;13;1,0,9,2,6,7,11,8,10,4,5,3,12;0;47407
GeneticImproved;22;data/FIS13-0.txt;13;7,4,2,0,8,5,12,11,9,6,1,10,3;0;49050
GeneticImproved;23;data/FIS13-0.txt;13;5,6,1,4,0,10,3,9,12,2,8,11,7;0;39894
GeneticImproved;24;data/FIS13-0.txt;13;4,2,0,8,5,10,3,6,11,12,7,9,1;0;49948
GeneticImproved;25;data/FIS13-0.txt;13;9,1,6,4,5,7,11,0,8,12,3,10,2;0;43928
GeneticImproved;26;data/FIS13-0.txt;13;4,1,0,2,3,5,9,10,12,8,11,7,6;0;43230
GeneticImproved;27;data/FIS13-0.txt;13;5,3,2,9,1,8,12,0,6,4,10,11,7;0;45211
GeneticImproved;28;data/FIS13-0.txt;13;10,0,1,6,5,7,3,12,2,8,9,4,11;0;45930
GeneticImproved;29;data/FIS13-0.txt;13;11,8,9,0,1,6,5,10,4,2,12,3,7;0;40612
GeneticImproved;30;data/FIS13-0.txt;13;8,11,2,12,7,6,4,1,0,3,10,9,5;0;44122
GeneticImproved;1;data/FIS13-1.txt;13;2,7,1,5,10,0,12,3,9,6,4,8,11;0;47205
GeneticImproved;2;data/FIS13-1.txt;13;1,2,0,5,11,8,7,10,9,4,6,12,3;0;46501
GeneticImproved;3;data/FIS13-1.txt;13;8,7,0,4,1,3,12,11,5,6,2,9,10;0;46591
GeneticImproved;4;data/FIS13-1.txt;13;0,2,4,3,5,1,6,7,11,9,10,8,12;0;50334
GeneticImproved;5;data/FIS13-1.txt;13;1,5,2,4,8,7,10,9,11,6,12,3,0;0;49361
GeneticImproved;6;data/FIS13-1.txt;13;7,1,0,2,9,4,12,5,3,8,10,6,11;0;42378
GeneticImproved;7;data/FIS13-1.txt;13;5,1,11,4,0,2,6,8,10,7,9,3,12;0;39625
GeneticImproved;8;data/FIS13-1.txt;13;4,1,7,6,12,5,3,0,11,9,10,8,2;0;48630
GeneticImproved;9;data/FIS13-1.txt;13;4,1,9,10,7,6,11,0,2,5,3,8,12;0;48020
GeneticImproved;10;data/FIS13-1.txt;13;9,1,2,3,0,4,6,7,8,10,12,11,5;0;51802
GeneticImproved;11;data/FIS13-1.txt;13;12,1,3,6,7,8,11,4,0,2,9,10,5;0;43145
GeneticImproved;12;data/FIS13-1.txt;13;7,0,4,11,6,8,12,3,5,1,2,9,10;0;46307
GeneticImproved;13;data/FIS13-1.txt;13;4,0,1,12,3,8,11,5,9,10,7,6,2;0;43258
GeneticImproved;14;data/FIS13-1.txt;13;1,2,0,8,9,3,12,4,10,11,5,6,7;0;51489
GeneticImproved;15;data/FIS13-1.txt;13;10,7,9,2,0,3,12,1,6,5,11,4,8;0;47347
GeneticImproved;16;data/FIS13-1.txt;13;6,0,8,11,5,9,10,7,1,2,4,12,3;0;44294
GeneticImproved;17;data/FIS13-1.txt;13;5,0,10,2,4,6,8,11,12,3,9,1,7;0;48627
GeneticImproved;18;data/FIS13-1.txt;13;10,8,3,0,7,6,12,11,5,2,4,1,9;0;51469
GeneticImproved;19;data/FIS13-1.txt;13;3,12,11,6,4,5,8,0,2,1,7,10,9;0;47029
GeneticImproved;20;data/FIS13-1.txt;13;0,4,2,11,1,7,12,3,6,5,9,10,8;0;42750
GeneticImproved;21;data/FIS13-1.txt;13;2,3,12,0,4,1,7,10,8,5,9,6,11;0;45479
GeneticImproved;22;data/FIS13-1.txt;13;3,0,4,2,9,5,1,7,10,8,6,12,11;0;46375
GeneticImproved;23;data/FIS13-1.txt;13;3,5,0,11,4,1,7,10,9,2,6,12,8;0;42827
GeneticImproved;24;data/FIS13-1.txt;13;12,0,10,3,9,4,7,1,2,5,11,8,6;0;51429
GeneticImproved;25;data/FIS13-1.txt;13;2,0,1,6,10,9,4,11,8,7,12,3,5;0;48689
GeneticImproved;26;data/FIS13-1.txt;13;5,1,6,4,2,0,10,7,8,11,9,3,12;0;46408
GeneticImproved;27;data/FIS13-1.txt;13;0,2,6,5,7,4,11,8,1,9,10,12,3;0;53571
GeneticImproved;28;data/FIS13-1.txt;13;4,11,2,1,7,10,8,9,3,0,5,12,6;0;46893
GeneticImproved;29;data/FIS13-1.txt;13;5,12,8,0,3,7,4,9,2,6,11,1,10;0;53683
GeneticImproved;30;data/FIS13-1.txt;13;4,11,2,5,1,7,0,3,6,8,10,9,12;0;47841
GeneticImproved;1;data/FIS13-2.txt;13;1,9,0,8,3,4,11,12,5,2,6,10,7;0;45585
GeneticImproved;2;data/FIS13-2.txt;13;5,10,1,9,6,0,2,7,12,3,4,8,11;0;46130
GeneticImproved;3;data/FIS13-2.txt;13;8,6,0,1,2,3,4,5,7,9,10,11,12;0;49787
GeneticImproved;4;data/FIS13-2.txt;13;8,6,0,1,2,3,4,5,7,9,10,11,12;0;49787
GeneticImproved;5;data/FIS13-2.txt;13;9,11,2,4,8,6,12,3,0,10,5,7,1;0;48453
GeneticImproved;6;data/FIS13-2.txt;13;0,6,12,10,3,7,2,5,1,4,8,9,11;0;48355
GeneticImproved;7;data/FIS13-2.txt;13;2,1,0,11,12,8,4,3,6,9,7,5,10;0;42781
GeneticImproved;8;data/FIS13-2.txt;13;8,6,0,1,2,3,4,5,7,9,10,11,12;0;49787
GeneticImproved;9;data/FIS13-2.txt;13;6,7,2,1,0,8,3,5,11,4,9,12,10;0;48723
GeneticImproved;10;data/FIS13-2.txt;13;6,12,4,1,7,9,10,11,2,5,8,3,0;0;48827
GeneticImproved;11;data/FIS13-2.txt;13;6,0,2,4,3,10,12,5,7,1,9,11,8;0;45918
GeneticImproved;12;data/FIS13-2.txt;13;12,11,4,2,1,9,6,10,8,0,3,7,5;0;48134
GeneticImproved;13;data/FIS13-2.txt;13;1,2,9,8,0,7,6,5,3,4,11,12,10;0;48563
GeneticImproved;14;data/FIS13-2.txt;13;12,11,7,1,0,5,2,4,3,10,9,8,6;0;44596
GeneticImproved;15;data/FIS13-2.txt;13;8,6,0,1,2,3,4,5,7,9,10,11,12;0;49787
GeneticImproved;16;data/FIS13-2.txt;13;8,6,0,1,2,3,4,5,7,9,10,11,12;0;49787
GeneticImproved;17;data/FIS13-2.txt;13;10,9,7,4,5,8,3,6,0,1,2,11,12;0;47284
GeneticImproved;18;data/FIS13-2.txt;13;4,0,2,7,3,8,9,10,6,5,1,12,11;0;47936
GeneticImproved;19;data/FIS13-2.txt;13;10,0,3,4,8,6,9,5,7,1,2,11,12;0;48911
GeneticImproved;20;data/FIS13-2.txt;13;4,1,3,8,5,7,2,0,6,12,9,10,11;0;47698
GeneticImproved;21;data/FIS13-2.txt;13;8,6,0,1,2,3,4,5,7,9,10,11,12;0;49787
GeneticImproved;22;data/FIS13-2.txt;13;10,6,8,3,0,1,5,2,9,4,11,12,7;0;40825
GeneticImproved;23;data/FIS13-2.txt;13;6,2,11,12,5,7,9,1,0,3,4,8,10;0;40680
GeneticImproved;24;data/FIS13-2.txt;13;3,0,6,1,9,10,2,5,8,4,11,7,12;0;46939
GeneticImproved;25;data/FIS13-2.txt;13;11,9,2,4,7,5,12,10,6,8,3,0,1;0;46558
GeneticImproved;26;data/FIS13-2.txt;13;3,12,11,4,6,10,8,5,2,9,7,1,0;0;48426
GeneticImproved;27;data/FIS13-2.txt;13;2,0,9,4,3,10,5,7,1,11,12,8,6;0;45288
GeneticImproved;28;data/FIS13-2.txt;13;7,2,6,12,5,3,4,8,9,0,1,10,11;0;49216
GeneticImproved;29;data/FIS13-2.txt;13;11,5,3,4,1,0,6,7,2,8,9,10,12;0;37462
GeneticImproved;30;data/FIS13-2.txt;13;10,7,2,0,11,12,8,6,5,3,4,9,1;0;49230
GeneticImproved;1;data/FIS13-3.txt;13;2,7,11,9,4,1,5,0,8,12,6,10,3;0;41361
GeneticImproved;2;data/FIS13-3.txt;13;0,9,6,11,8,3,12,1,10,7,2,5,4;0;42246
GeneticImproved;3;data/FIS13-3.txt;13;10,0,8,4,7,2,3,12,1,11,6,9,5;0;40271
GeneticImproved;4;data/FIS13-3.txt;13;11,12,6,3,2,7,5,1,10,9,0,8,4;0;38509
GeneticImproved;5;data/FIS13-3.txt;13;11,10,8,0,4,1,6,9,3,5,12,7,2;0;43867
GeneticImproved;6;data/FIS13-3.txt;13;0,7,2,3,6,11,5,4,12,1,10,9,8;0;40458
GeneticImproved;7;data/FIS13-3.txt;13;12,1,0,8,11,5,3,7,2,6,4,9,10;0;42856
GeneticImproved;8;data/FIS13-3.txt;13;7,11,6,3,2,0,10,5,9,4,8,1,12;0;44256
GeneticImproved;9;data/FIS13-3.txt;13;7,0,3,6,5,9,4,1,12,10,8,2,11;0;30653
GeneticImproved;10;data/FIS13-3.txt;13;4,11,2,9,6,7,0,10,3,8,5,12,1;0;41799
GeneticImproved;11;data/FIS13-3.txt;13;7,4,3,0,8,5,9,10,1,12,6,2,11;0;34865
GeneticImproved;12;data/FIS13-3.txt;13;1,12,0,2,3,5,9,4,7,8,10,11,6;0;41332
GeneticImproved;13;data/FIS13-3.txt;13;4,0,7,11,8,3,2,9,10,1,6,12,5;0;42693
GeneticImproved;14;data/FIS13-3.txt;13;8,4,12,1,6,9,10,0,5,2,3,7,11;0;44730
GeneticImproved;15;data/FIS13-3.txt;13;11,2,1,4,10,9,5,3,0,7,12,6,8;0;36991
GeneticImproved;16;data/FIS13-3.txt;13;12,11,6,9,0,7,4,8,1,3,2,5,10;0;35572
GeneticImproved;17;data/FIS13-3.txt;13;6,8,11,0,5,9,10,3,2,7,4,12,1;0;41518
GeneticImproved;18;data/FIS13-3.txt;13;12,4,10,3,9,1,6,11,8,0,2,7,5;0;39547
GeneticImproved;19;data/FIS13-3.txt;13;1,10,9,0,3,8,11,6,2,7,5,4,12;0;42590
GeneticImproved;20;data/FIS13-3.txt;13;7,9,0,2,3,5,6,12,10,1,4,8,11;0;42897
GeneticImproved;21;data/FIS13-3.txt;13;11,4,1,2,7,9,5,6,3,0,8,10,12;0;38724
GeneticImproved;22;data/FIS13-3.txt;13;9,10,0,8,4,3,1,12,6,5,2,7,11;0;33459
GeneticImproved;23;data/FIS13-3.txt;13;10,8,2,9,11,5,6,3,0,7,1,12,4;0;42826
GeneticImproved;24;data/FIS13-3.txt;13;1,12,0,3,4,9,10,8,7,6,5,11,2;0;35166
GeneticImproved;25;data/FIS13-3.txt;13;11,6,2,3,0,12,1,7,4,9,8,5,10;0;46704
GeneticImproved;26;data/FIS13-3.txt;13;1,12,6,2,7,9,10,3,0,5,11,8,4;0;43904
GeneticImproved;27;data/FIS13-3.txt;13;4,0,7,12,2,3,10,11,6,1,8,5,9;0;38506
GeneticImproved;28;data/FIS13-3.txt;13;0,12,10,5,2,7,6,1,3,4,9,11,8;0;42468
GeneticImproved;29;data/FIS13-3.txt;13;11,1,3,4,7,9,5,8,0,10,12,6,2;0;45803
GeneticImproved;30;data/FIS13-3.txt;13;1,6,4,9,11,7,10,8,0,12,3,5,2;0;41307
GeneticImproved;1;data/FIS13-4.txt;13;9,3,8,1,4,7,10,2,5,6,12,0,11;0;42236
GeneticImproved;2;data/FIS13-4.txt;13;9,7,1,3,0,11,6,4,10,8,2,12,5;0;39091
GeneticImproved;3;data/FIS13-4.txt;13;9,3,0,1,2,4,5,6,7,8,10,11,12;0;43931
GeneticImproved;4;data/FIS13-4.txt;13;4,1,10,3,5,9,7,11,0,12,2,8,6;0;34204
GeneticImproved;5;data/FIS13-4.txt;13;6,5,3,12,0,9,11,10,4,1,7,8,2;0;42647
GeneticImproved;6;data/FIS13-4.txt;13;1,5,6,4,3,11,9,0,8,2,7,12,10;0;43558
GeneticImproved;7;data/FIS13-4.txt;13;0,3,6,8,2,4,7,12,5,11,9,10,1;0;34805
GeneticImproved;8;data/FIS13-4.txt;13;0,12,5,9,4,2,6,8,10,7,11,1,3;0;35268
GeneticImproved;9;data/FIS13-4.txt;13;0,9,7,10,4,1,2,8,5,12,6,11,3;0;30544
GeneticImproved;10;data/FIS13-4.txt;13;3,10,11,0,8,5,9,7,12,2,1,4,6;0;35433
GeneticImproved;11;data/FIS13-4.txt;13;10,6,3,8,2,0,4,9,5,1,11,12,7;0;41053
GeneticImproved;12;data/FIS13-4.txt;13;4,1,5,6,11,3,10,8,2,7,9,0,12;0;41457
GeneticImproved;13;data/FIS13-4.txt;13;6,5,9,11,0,1,8,3,7,10,4,2,12;0;39531
GeneticImproved;14;data/FIS13-4.txt;13;5,10,4,0,2,6,8,1,11,7,9,3,12;0;41065
GeneticImproved;15;data/FIS13-4.txt;13;6,11,7,12,5,8,1,9,10,4,2,3,0;0;43005
GeneticImproved;16;data/FIS13-4.txt;13;7,4,10,5,2,6,3,9,8,12,0,1,11;0;43074
GeneticImproved;17;data/FIS13-4.txt;13;0,3,6,2,4,10,12,5,8,1,7,11,9;0;34103
GeneticImproved;18;data/FIS13-4.txt;13;5,12,0,2,6,3,9,4,7,11,1,10,8;0;40736
GeneticImproved;19;data/FIS13-4.txt;13;11,12,7,6,8,2,0,4,9,1,3,10,5;0;41083
GeneticImproved;20;data/FIS13-4.txt;13;5,8,2,6,4,10,7,11,9,1,0,12,3;0;38412
GeneticImproved;21;data/FIS13-4.txt;13;9,3,0,1,2,4,5,6,7,8,10,11,12;0;43931
GeneticImproved;22;data/FIS13-4.txt;13;7,3,0,1,4,6,8,5,9,11,10,2,12;0;37191
GeneticImproved;23;data/FIS13-4.txt;13;5,12,2,4,10,11,3,6,1,9,7,0,8;0;43903
GeneticImproved;24;data/FIS13-4.txt;13;0,1,4,8,5,10,7,11,3,6,9,2,12;0;42706
GeneticImproved;25;data/FIS13-4.txt;13;0,1,2,8,12,7,10,4,5,11,9,3,6;0;38368
GeneticImproved;26;data/FIS13-4.txt;13;10,8,2,1,4,7,9,0,6,12,5,3,11;0;41956
GeneticImproved;27;data/FIS13-4.txt;13;10,4,8,6,5,1,9,11,0,3,2,7,12;0;41256
GeneticImproved;28;data/FIS13-4.txt;13;9,3,0,1,2,4,5,6,7,8,10,11,12;0;43931
GeneticImproved;29;data/FIS13-4.txt;13;9,3,0,1,2,4,5,6,7,8,10,11,12;0;43931
GeneticImproved;30;data/FIS13-4.txt;13;9,3,0,1,2,4,5,6,7,8,10,11,12;0;43931
GeneticImproved;1;data/FIS14-0.txt;14;5,7,9,1,13,11,10,4,8,3,0,2,6,12;0;48681
GeneticImproved;2;data/FIS14-0.txt;14;0,13,8,1,5,11,9,2,7,10,12,6,4,3;0;45335
GeneticImproved;3;data/FIS14-0.txt;14;10,13,0,2,12,3,1,6,5,11,9,7,8,4;0;46014
GeneticImproved;4;data/FIS14-0.txt;14;10,3,12,0,4,5,7,9,6,11,8,13,1,2;0;47558
GeneticImproved;5;data/FIS14-0.txt;14;13,8,1,9,0,4,6,5,7,12,2,10,3,11;0;46050
GeneticImproved;6;data/FIS14-0.txt;14;12,0,5,8,7,4,10,13,11,3,2,1,6,9;0;48845
GeneticImproved;7;data/FIS14-0.txt;14;0,4,12,6,1,2,7,11,9,8,5,3,10,13;0;52940
GeneticImproved;8;data/FIS14-0.txt;14;6,13,1,4,5,11,0,3,12,8,9,10,7,2;0;46646
GeneticImproved;9;data/FIS14-0.txt;14;13,12,11,0,5,6,4,1,2,3,9,7,10,8;0;46937
GeneticImproved;10;data/FIS14-0.txt;14;8,1,2,3,7,10,13,9,11,0,5,6,12,4;0;43660
GeneticImproved;11;data/FIS14-0.txt;14;7,2,11,5,4,12,9,6,1,8,13,10,0,3;0;46617
GeneticImproved;12;data/FIS14-0.txt;14;8,13,3,11,5,6,2,0,1,7,9,12,4,10;0;49035
GeneticImproved;13;data/FIS14-0.txt;14;0,9,11,3,7,12,2,6,4,1,5,10,8,13;0;46250
GeneticImproved;14;data/FIS14-0.txt;14;7,3,1,13,8,12,4,11,5,6,9,2,0,10;0;50686
GeneticImproved;15;data/FIS14-0.txt;14;7,1,2,9,0,4,6,12,5,11,8,10,13,3;0;47050
GeneticImproved;16;data/FIS14-0.txt;14;4,1,13,10,7,5,0,8,3,9,6,2,11,12;0;41032
GeneticImproved;17;data/FIS14-0.txt;14;9,11,0,5,3,1,6,12,10,7,2,13,4,8;0;50228
GeneticImproved;18;data/FIS14-0.txt;14;4,0,10,13,1,3,7,11,9,2,6,5,8,12;0;42180
GeneticImproved;19;data/FIS14-0.txt;14;6,1,10,12,2,0,11,13,4,9,7,3,8,5;0;51493
GeneticImproved;20;data/FIS14-0.txt;14;6,1,13,4,3,2,12,10,9,7,8,5,0,11;0;39904
GeneticImproved;21;data/FIS14-0.txt;14;10,5,0,11,12,6,4,1,2,3,7,9,8,13;0;41050
GeneticImproved;22;data/FIS14-0.txt;14;10,8,11,0,4,6,9,12,13,1,3,2,5,7;0;38071
GeneticImproved;23;data/FIS14-0.txt;14;0,5,1,13,3,7,9,8,2,12,4,10,6,11;0;44350
GeneticImproved;24;data/FIS14-0.txt;14;8,12,4,10,3,9,7,2,1,6,5,0,11,13;0;46229
GeneticImproved;25;data/FIS14-0.txt;14;6,5,12,4,3,7,9,0,11,13,8,10,2,1;0;41318
GeneticImproved;26;data/FIS14-0.txt;14;0,4,2,12,6,3,5,11,8,13,10,1,9,7;0;48278
GeneticImproved;27;data/FIS14-0.txt;14;10,7,5,0,11,4,3,1,6,13,9,8,2,12;0;47591
GeneticImproved;28;data/FIS14-0.txt;14;0,4,5,12,2,10,1,13,7,3,6,8,9,11;0;42466
GeneticImproved;29;data/FIS14-0.txt;14;0,4,3,7,10,13,5,1,2,11,9,12,6,8;0;47746
GeneticImproved;30;data/FIS14-0.txt;14;6,4,0,8,9,3,7,13,1,5,11,12,10,2;0;45115
GeneticImproved;1;data/FIS14-1.txt;14;6,4,0,10,9,3,11,1,13,2,7,8,12,5;0;57558
GeneticImproved;2;data/FIS14-1.txt;14;0,13,6,4,2,12,8,9,7,10,1,11,3,5;0;57708
GeneticImproved;3;data/FIS14-1.txt;14;0,1,5,2,4,11,8,12,9,7,10,6,3,13;0;52406
GeneticImproved;4;data/FIS14-1.txt;14;12,0,10,3,9,5,4,2,7,6,8,11,13,1;0;53777
GeneticImproved;5;data/FIS14-1.txt;14;3,1,7,0,10,5,4,2,11,8,6,9,13,12;0;49781
GeneticImproved;6;data/FIS14-1.txt;14;2,3,9,1,13,5,4,8,0,12,6,10,7,11;0;56147
GeneticImproved;7;data/FIS14-1.txt;14;10,6,12,0,7,5,3,9,13,4,2,8,1,11;0;51162
GeneticImproved;8;data/FIS14-1.txt;14;1,9,5,13,3,8,4,2,6,12,0,10,7,11;0;54192
GeneticImproved;9;data/FIS14-1.txt;14;2,5,1,6,10,0,13,8,11,7,3,4,9,12;0;57004
GeneticImproved;10;data/FIS14-1.txt;14;5,0,12,4,13,3,11,1,6,10,7,9,8,2;0;51451
GeneticImproved;11;data/FIS14-1.txt;14;7,13,4,0,10,6,8,9,1,11,12,3,5,2;0;50402
GeneticImproved;12;data/FIS14-1.txt;14;0,12,13,8,2,11,7,9,1,5,3,4,6,10;0;48542
GeneticImproved;13;data/FIS14-1.txt;14;5,4,1,3,2,6,13,12,0,10,9,7,11,8;0;51546
GeneticImproved;14;data/FIS14-1.txt;14;3,5,12,0,8,2,11,9,10,13,4,6,7,1;0;51383
GeneticImproved;15;data/FIS14-1.txt;14;4,6,0,8,12,3,5,13,9,7,1,10,11,2;0;55382
GeneticImproved;16;data/FIS14-1.txt;14;12,0,4,2,6,5,10,13,3,1,7,8,9,11;0;49380
GeneticImproved;17;data/FIS14-1.txt;14;4,5,2,0,13,9,3,1,11,12,8,7,10,6;0;56028
GeneticImproved;18;data/FIS14-1.txt;14;8,3,2,4,6,5,11,12,13,0,7,10,1,9;0;53696
GeneticImproved;19;data/FIS14-1.txt;14;13,3,2,4,5,9,12,0,1,6,8,11,7,10;0;53917
GeneticImproved;20;data/FIS14-1.txt;14;0,5,3,6,8,12,10,1,4,2,11,7,9,13;0;53717
GeneticImproved;21;data/FIS14-1.txt;14;12,0,5,2,11,4,6,8,7,3,13,9,10,1;0;51319
GeneticImproved;22;data/FIS14-1.txt;14;13,0,9,5,1,10,3,4,7,11,12,8,6,2;0;55625
GeneticImproved;23;data/FIS14-1.txt;14;5,2,8,1,11,12,3,10,7,6,9,13,4,0;0;53411
GeneticImproved;24;data/FIS14-1.txt;14;4,13,6,7,3,9,12,11,8,2,5,0,10,1;0;53654
GeneticImproved;25;data/FIS14-1.txt;14;9,10,6,8,11,3,5,1,7,0,13,4,2,12;0;44905
GeneticImproved;26;data/FIS14-1.txt;14;0,10,3,11,2,6,5,4,8,1,7,13,9,12;0;57918
GeneticImproved;27;data/FIS14-1.txt;14;6,8,1,3,11,7,12,9,4,0,13,2,5,10;0;56613
GeneticImproved;28;data/FIS14-1.txt;14;0,4,3,13,2,5,1,6,10,9,11,8,7,12;0;49113
GeneticImproved;29;data/FIS14-1.txt;14;10,0,12,3,5,1,2,11,7,13,4,9,8,6;0;52171
GeneticImproved;30;data/FIS14-1.txt;14;1,0,13,9,4,7,11,2,3,12,8,6,5,10;0;55866
GeneticImproved;1;data/FIS14-2.txt;14;3,7,4,11,1,0,9,2,5,10,6,13,12,8;0;51651
GeneticImproved;2;data/FIS14-2.txt;14;13,12,6,9,1,0,2,5,3,8,10,4,7,11;0;43571
GeneticImproved;3;data/FIS14-2.txt;14;2,10,6,13,11,5,3,7,1,0,4,9,12,8;0;47025
GeneticImproved;4;data/FIS14-2.txt;14;0,1,12,9,3,7,6,8,10,5,4,13,11,2;0;42389
GeneticImproved;5;data/FIS14-2.txt;14;11,4,1,0,2,3,12,7,9,13,8,10,5,6;0;51760
GeneticImproved;6;data/FIS14-2.txt;14;2,13,9,12,4,0,5,10,7,11,8,3,6,1;0;51647
GeneticImproved;7;data/FIS14-2.txt;14;6,10,5,7,2,4,1,3,9,11,13,12,8,0;0;46535
GeneticImproved;8;data/FIS14-2.txt;14;12,3,1,0,5,2,6,4,10,8,11,13,7,9;0;44244
GeneticImproved;9;data/FIS14-2.txt;14;0,4,9,13,11,2,3,12,10,1,7,6,8,5;0;52326
GeneticImproved;10;data/FIS14-2.txt;14;11,0,5,4,1,10,8,12,2,13,6,9,3,7;0;48865
GeneticImproved;11;data/FIS14-2.txt;14;5,0,1,3,4,10,2,7,9,6,13,11,12,8;0;48382
GeneticImproved;12;data/FIS14-2.txt;14;0,13,4,11,8,3,9,12,1,2,7,5,10,6;0;50607
GeneticImproved;13;data/FIS14-2.txt;14;7,3,0,4,10,8,12,1,2,13,6,5,11,9;0;46843
GeneticImproved;14;data/FIS14-2.txt;14;11,1,0,2,3,4,5,6,7,8,9,10,12,13;0;54541
GeneticImproved;15;data/FIS14-2.txt;14;5,9,3,1,12,7,11,13,2,0,8,6,10,4;0;52995
GeneticImproved;16;data/FIS14-2.txt;14;13,12,1,3,7,10,4,0,5,6,11,2,8,9;0;49652
GeneticImproved;17;data/FIS14-2.txt;14;6,8,12,1,0,3,11,13,2,7,9,4,10,5;0;41994
GeneticImproved;18;data/FIS14-2.txt;14;8,6,2,0,1,3,7,5,11,13,9,4,10,12;0;44734
GeneticImproved;19;data/FIS14-2.txt;14;12,1,11,7,4,0,3,9,8,6,2,5,13,10;0;49713
GeneticImproved;20;data/FIS14-2.txt;14;7,13,3,4,0,2,11,1,12,10,5,9,8,6;0;52124
GeneticImproved;21;data/FIS14-2.txt;14;11,1,0,2,3,4,5,6,7,8,9,10,12,13;0;54541
GeneticImproved;22;data/FIS14-2.txt;14;4,0,1,7,10,12,6,2,5,8,9,11,13,3;0;49495
GeneticImproved;23;data/FIS14-2.txt;14;0,7,13,2,9,5,10,12,4,3,1,11,8,6;0;51257
GeneticImproved;24;data/FIS14-2.txt;14;6,1,0,5,10,12,8,11,4,3,2,13,9,7;0;54106
GeneticImproved;25;data/FIS14-2.txt;14;7,10,1,5,0,3,9,4,8,6,2,12,13,11;0;49738
GeneticImproved;26;data/FIS14-2.txt;14;6,2,0,1,4,5,12,3,9,13,11,7,10,8;0;41976
GeneticImproved;27;data/FIS14-2.txt;14;11,7,4,13,6,0,3,8,2,10,5,9,1,12;0;46958
GeneticImproved;28;data/FIS14-2.txt;14;0,1,2,3,8,11,6,10,5,12,13,7,9,4;0;48671
GeneticImproved;29;data/FIS14-2.txt;14;10,5,9,3,2,6,0,11,8,7,13,12,1,4;0;51099
GeneticImproved;30;data/FIS14-2.txt;14;2,13,9,11,4,3,8,12,1,0,6,10,7,5;0;52211
GeneticImproved;1;data/FIS14-3.txt;14;13,4,1,2,6,3,12,5,7,10,0,8,9,11;0;46422
GeneticImproved;2;data/FIS14-3.txt;14;0,5,13,10,6,8,1,2,7,3,9,12,11,4;0;45156
GeneticImproved;3;data/FIS14-3.txt;14;13,8,12,3,1,2,4,9,0,5,7,10,6,11;0;51197
GeneticImproved;4;data/FIS14-3.txt;14;4,7,13,9,3,5,8,12,11,6,0,10,1,2;0;46344
GeneticImproved;5;data/FIS14-3.txt;14;9,1,2,10,5,7,0,6,3,4,13,12,8,11;0;45036
GeneticImproved;6;data/FIS14-3.txt;14;9,7,1,0,5,8,11,2,6,13,10,3,4,12;0;46705
GeneticImproved;7;data/FIS14-3.txt;14;7,10,2,0,5,9,3,4,11,13,1,6,8,12;0;50805
GeneticImproved;8;data/FIS14-3.txt;14;7,0,1,2,10,9,3,5,8,6,11,4,12,13;0;52631
GeneticImproved;9;data/FIS14-3.txt;14;3,6,2,12,13,10,11,8,1,7,0,4,5,9;0;44465
GeneticImproved;10;data/FIS14-3.txt;14;1,5,7,4,0,10,3,13,6,8,2,9,11,12;0;46058
GeneticImproved;11;data/FIS14-3.txt;14;6,8,1,2,3,4,13,10,7,9,12,0,5,11;0;50081
GeneticImproved;12;data/FIS14-3.txt;14;3,9,12,13,4,5,7,6,1,2,0,10,11,8;0;49709
GeneticImproved;13;data/FIS14-3.txt;14;4,3,12,5,9,7,1,0,10,11,6,2,8,13;0;51341
GeneticImproved;14;data/FIS14-3.txt;14;9,12,10,0,2,1,8,7,4,6,11,3,13,5;0;49275
GeneticImproved;15;data/FIS14-3.txt;14;8,5,0,4,11,13,9,12,3,7,10,2,1,6;0;50884
GeneticImproved;16;data/FIS14-3.txt;14;4,11,13,2,0,5,9,12,3,10,6,8,1,7;0;52032
GeneticImproved;17;data/FIS14-3.txt;14;5,0,3,12,13,8,6,11,10,4,2,1,7,9;0;44045
GeneticImproved;18;data/FIS14-3.txt;14;11,4,13,10,12,9,1,8,0,3,5,7,6,2;0;45694
GeneticImproved;19;data/FIS14-3.txt;14;4,13,10,9,3,6,0,7,11,5,12,8,1,2;0;48128
GeneticImproved;20;data/FIS14-3.txt;14;10,0,4,9,3,7,2,6,5,11,8,12,1,13;0;46627
GeneticImproved;21;data/FIS14-3.txt;14;3,2,0,10,5,11,8,1,7,6,4,13,12,9;0;52639
GeneticImproved;22;data/FIS14-3.txt;14;10,11,9,4,2,0,8,6,5,7,1,3,13,12;0;52628
GeneticImproved;23;data/FIS14-3.txt;14;7,8,2,4,3,13,12,9,1,11,6,10,0,5;0;48807
GeneticImproved;24;data/FIS14-3.txt;14;0,1,2,4,7,10,11,9,12,8,5,3,13,6;0;49177
GeneticImproved;25;data/FIS14-3.txt;14;1,11,2,0,5,4,7,10,6,8,12,3,13,9;0;48058
GeneticImproved;26;data/FIS14-3.txt;14;13,9,4,12,3,5,1,8,6,7,0,2,11,10;0;53664
GeneticImproved;27;data/FIS14-3.txt;14;5,0,4,11,7,3,9,1,2,6,13,10,12,8;0;48301
GeneticImproved;28;data/FIS14-3.txt;14;4,8,3,2,6,9,5,0,10,11,7,13,12,1;0;54227
GeneticImproved;29;data/FIS14-3.txt;14;3,2,0,6,4,7,5,9,13,10,1,11,8,12;0;45984
GeneticImproved;30;data/FIS14-3.txt;14;8,3,4,13,10,0,7,1,6,2,5,9,12,11;0;49052
GeneticImproved;1;data/FIS14-4.txt;14;11,6,0,1,2,3,4,5,7,8,9,10,12,13;0;57734
GeneticImproved;2;data/FIS14-4.txt;14;9,6,4,1,13,0,5,8,2,12,7,3,11,10;0;48448
GeneticImproved;3;data/FIS14-4.txt;14;13,9,7,11,3,0,8,4,10,6,12,2,5,1;0;48157
GeneticImproved;4;data/FIS14-4.txt;14;0,6,11,5,1,13,3,2,12,7,4,10,9,8;0;40409
GeneticImproved;5;data/FIS14-4.txt;14;10,3,13,2,1,7,12,0,6,11,5,8,4,9;0;55448
GeneticImproved;6;data/FIS14-4.txt;14;5,8,0,6,2,12,4,7,1,11,10,13,9,3;0;50578
GeneticImproved;7;data/FIS14-4.txt;14;0,8,3,4,10,7,12,1,2,13,5,9,11,6;0;54767
GeneticImproved;8;data/FIS14-4.txt;14;12,5,0,3,4,10,11,6,2,9,7,8,1,13;0;50399
GeneticImproved;9;data/FIS14-4.txt;14;10,9,7,6,2,13,3,11,0,4,8,1,5,12;0;54464
GeneticImproved;10;data/FIS14-4.txt;14;10,4,1,12,9,7,0,8,2,5,6,13,11,3;0;51091
GeneticImproved;11;data/FIS14-4.txt;14;0,8,7,2,13,3,5,10,4,9,1,12,11,6;0;49205
GeneticImproved;12;data/FIS14-4.txt;14;12,2,8,9,10,4,7,5,0,1,6,13,11,3;0;46839
GeneticImproved;13;data/FIS14-4.txt;14;0,6,5,7,4,8,2,13,3,11,10,9,12,1;0;48199
GeneticImproved;14;data/FIS14-4.txt;14;0,1,13,2,9,7,8,5,12,10,11,3,4,6;0;51806
GeneticImproved;15;data/FIS14-4.txt;14;11,13,1,5,2,3,4,0,6,7,9,10,8,12;0;50344
GeneticImproved;16;data/FIS14-4.txt;14;5,4,1,6,11,12,8,0,7,9,13,2,10,3;0;46371
GeneticImproved;17;data/FIS14-4.txt;14;0,7,8,1,13,2,9,12,3,5,4,10,11,6;0;49198
GeneticImproved;18;data/FIS14-4.txt;14;6,0,8,10,4,1,12,7,5,11,13,2,3,9;0;52427
GeneticImproved;19;data/FIS14-4.txt;14;13,1,7,0,10,4,8,11,3,9,5,6,12,2;0;55343
GeneticImproved;20;data/FIS14-4.txt;14;1,6,3,7,9,8,0,5,10,4,13,11,12,2;0;47464
GeneticImproved;21;data/FIS14-4.txt;14;9,1,5,7,6,2,8,0,12,4,10,11,3,13;0;52703
GeneticImproved;22;data/FIS14-4.txt;14;7,0,8,4,5,3,12,1,6,2,11,10,13,9;0;55527
GeneticImproved;23;data/FIS14-4.txt;14;2,0,4,8,13,3,5,10,9,7,6,11,12,1;0;46401
GeneticImproved;24;data/FIS14-4.txt;14;7,0,8,5,3,2,12,10,4,13,11,6,1,9;0;54514
GeneticImproved;25;data/FIS14-4.txt;14;11,2,3,5,0,1,13,9,7,8,12,6,4,10;0;54342
GeneticImproved;26;data/FIS14-4.txt;14;12,7,6,1,13,2,8,0,4,9,5,10,11,3;0;54142
GeneticImproved;27;data/FIS14-4.txt;14;11,6,4,3,13,1,7,10,9,8,12,2,5,0;0;50474
GeneticImproved;28;data/FIS14-4.txt;14;4,1,8,5,2,13,3,9,12,6,11,7,10,0;0;51945
GeneticImproved;29;data/FIS14-4.txt;14;6,9,8,2,13,7,0,5,3,10,4,1,12,11;0;52266
GeneticImproved;30;data/FIS14-4.txt;14;1,7,5,2,8,0,6,9,10,11,4,3,13,12;0;50844
NearestNeighborhood;1;data/FIS5-0.txt;5;4,3,0,1,2;0;23748
NearestNeighborhood;2;data/FIS5-0.txt;5;4,3,0,1,2;0;23748
NearestNeighborhood;3;data/FIS5-0.txt;5;4,3,0,1,2;0;23748
NearestNeighborhood;4;data/FIS5-0.txt;5;4,3,0,1,2;0;23748
NearestNeighborhood;5;data/FIS5-0.txt;5;4,3,0,1,2;0;23748
NearestNeighborhood;6;data/FIS5-0.txt;5;4,3,0,1,2;0;23748
NearestNeighborhood;7;data/FIS5-0.txt;5;4,3,0,1,2;0;23748
NearestNeighborhood;8;data/FIS5-0.txt;5;4,3,0,1,2;0;23748
NearestNeighborhood;9;data/FIS5-0.txt;5;4,3,0,1,2;0;23748
NearestNeighborhood;10;data/FIS5-0.txt;5;4,3,0,1,2;0;23748
NearestNeighborhood;11;data/FIS5-0.txt;5;4,3,0,1,2;0;23748
NearestNeighborhood;12;data/FIS5-0.txt;5;4,3,0,1,2;0;23748
NearestNeighborhood;13;data/FIS5-0.txt;5;4,3,0,1,2;0;23748
NearestNeighborhood;14;data/FIS5-0.txt;5;4,3,0,1,2;0;23748
NearestNeighborhood;15;data/FIS5-0.txt;5;4,3,0,1,2;0;23748
NearestNeighborhood;16;data/FIS5-0.txt;5;4,3,0,1,2;0;23748
NearestNeighborhood;17;data/FIS5-0.txt;5;4,3,0,1,2;0;23748
NearestNeighborhood;18;data/FIS5-0.txt;5;4,3,0,1,2;0;23748
NearestNeighborhood;19;data/FIS5-0.txt;5;4,3,0,1,2;0;23748
NearestNeighborhood;20;data/FIS5-0.txt;5;4,3,0,1,2;0;23748
NearestNeighborhood;21;data/FIS5-0.txt;5;4,3,0,1,2;0;23748
NearestNeighborhood;22;data/FIS5-0.txt;5;4,3,0,1,2;0;23748
NearestNeighborhood;23;data/FIS5-0.txt;5;4,3,0,1,2;0;23748
NearestNeighborhood;24;data/FIS5-0.txt;5;4,3,0,1,2;0;23748
NearestNeighborhood;25;data/FIS5-0.txt;5;4,3,0,1,2;0;23748
NearestNeighborhood;26;data/FIS5-0.txt;5;4,3,0,1,2;0;23748
NearestNeighborhood;27;data/FIS5-0.txt;5;4,3,0,1,2;0;23748
NearestNeighborhood;28;data/FIS5-0.txt;5;4,3,0,1,2;0;23748
NearestNeighborhood;29;data/FIS5-0.txt;5;4,3,0,1,2;0;23748
NearestNeighborhood;30;data/FIS5-0.txt;5;4,3,0,1,2;0;23748
NearestNeighborhood;1;data/FIS5-1.txt;5;2,0,1,3,4;0;23340
NearestNeighborhood;2;data/FIS5-1.txt;5;2,0,1,3,4;0;23340
NearestNeighborhood;3;data/FIS5-1.txt;5;2,0,1,3,4;0;23340
NearestNeighborhood;4;data/FIS5-1.txt;5;2,0,1,3,4;0;23340
NearestNeighborhood;5;data/FIS5-1.txt;5;2,0,1,3,4;0;23340
NearestNeighborhood;6;data/FIS5-1.txt;5;2,0,1,3,4;0;23340
NearestNeighborhood;7;data/FIS5-1.txt;5;2,0,1,3,4;0;23340
NearestNeighborhood;8;data/FIS5-1.txt;5;2,0,1,3,4;0;23340
NearestNeighborhood;9;data/FIS5-1.txt;5;2,0,1,3,4;0;23340
NearestNeighborhood;10;data/FIS5-1.txt;5;2,0,1,3,4;0;23340
NearestNeighborhood;11;data/FIS5-1.txt;5;2,0,1,3,4;0;23340
NearestNeighborhood;12;data/FIS5-1.txt;5;2,0,1,3,4;0;23340
NearestNeighborhood;13;data/FIS5-1.txt;5;2,0,1,3,4;0;23340
NearestNeighborhood;14;data/FIS5-1.txt;5;2,0,1,3,4;0;23340
NearestNeighborhood;15;data/FIS5-1.txt;5;2,0,1,3,4;0;23340
NearestNeighborhood;16;data/FIS5-1.txt;5;2,0,1,3,4;0;23340
NearestNeighborhood;17;data/FIS5-1.txt;5;2,0,1,3,4;0;23340
NearestNeighborhood;18;data/FIS5-1.txt;5;2,0,1,3,4;0;23340
NearestNeighborhood;19;data/FIS5-1.txt;5;2,0,1,3,4;0;23340
NearestNeighborhood;20;data/FIS5-1.txt;5;2,0,1,3,4;0;23340
NearestNeighborhood;21;data/FIS5-1.txt;5;2,0,1,3,4;0;23340
NearestNeighborhood;22;data/FIS5-1.txt;5;2,0,1,3,4;0;23340
NearestNeighborhood;23;data/FIS5-1.txt;5;2,0,1,3,4;0;23340
NearestNeighborhood;24;data/FIS5-1.txt;5;2,0,1,3,4;0;23340
NearestNeighborhood;25;data/FIS5-1.txt;5;2,0,1,3,4;0;23340
NearestNeighborhood;26;data/FIS5-1.txt;5;2,0,1,3,4;0;23340
NearestNeighborhood;27;data/FIS5-1.txt;5;2,0,1,3,4;0;23340
NearestNeighborhood;28;data/FIS5-1.txt;5;2,0,1,3,4;0;23340
NearestNeighborhood;29;data/FIS5-1.txt;5;2,0,1,3,4;0;23340
NearestNeighborhood;30;data/FIS5-1.txt;5;2,0,1,3,4;0;23340
NearestNeighborhood;1;data/FIS5-2.txt;5;3,0,2,1,4;0;16085
NearestNeighborhood;2;data/FIS5-2.txt;5;3,0,2,1,4;0;16085
NearestNeighborhood;3;data/FIS5-2.txt;5;3,0,2,1,4;0;16085
NearestNeighborhood;4;data/FIS5-2.txt;5;3,0,2,1,4;0;16085
NearestNeighborhood;5;data/FIS5-2.txt;5;3,0,2,1,4;0;16085
NearestNeighborhood;6;data/FIS5-2.txt;5;3,0,2,1,4;0;16085
NearestNeighborhood;7;data/FIS5-2.txt;5;3,0,2,1,4;0;16085
NearestNeighborhood;8;data/FIS5-2.txt;5;3,0,2,1,4;0;16085
NearestNeighborhood;9;data/FIS5-2.txt;5;3,0,2,1,4;0;16085
NearestNeighborhood;10;data/FIS5-2.txt;5;3,0,2,1,4;0;16085
NearestNeighborhood;11;data/FIS5-2.txt;5;3,0,2,1,4;0;16085
NearestNeighborhood;12;data/FIS5-2.txt;5;3,0,2,1,4;0;16085
NearestNeighborhood;13;data/FIS5-2.txt;5;3,0,2,1,4;0;16085
NearestNeighborhood;14;data/FIS5-2.txt;5;3,0,2,1,4;0;16085
NearestNeighborhood;15;data/FIS5-2.txt;5;3,0,2,1,4;0;16085
NearestNeighborhood;16;data/FIS5-2.txt;5;3,0,2,1,4;0;16085
NearestNeighborhood;17;data/FIS5-2.txt;5;3,0,2,1,4;0;16085
NearestNeighborhood;18;data/FIS5-2.txt;5;3,0,2,1,4;0;16085
NearestNeighborhood;19;data/FIS5-2.txt;5;3,0,2,1,4;0;16085
NearestNeighborhood;20;data/FIS5-2.txt;5;3,0,2,1,4;0;16085
NearestNeighborhood;21;data/FIS5-2.txt;5;3,0,2,1,4;0;16085
NearestNeighborhood;22;data/FIS5-2.txt;5;3,0,2,1,4;0;16085
NearestNeighborhood;23;data/FIS5-2.txt;5;3,0,2,1,4;0;16085
NearestNeighborhood;24;data/FIS5-2.txt;5;3,0,2,1,4;0;16085
NearestNeighborhood;25;data/FIS5-2.txt;5;3,0,2,1,4;0;16085
NearestNeighborhood;26;data/FIS5-2.txt;5;3,0,2,1,4;0;16085
NearestNeighborhood;27;data/FIS5-2.txt;5;3,0,2,1,4;0;16085
NearestNeighborhood;28;data/FIS5-2.txt;5;3,0,2,1,4;0;16085
NearestNeighborhood;29;data/FIS5-2.txt;5;3,0,2,1,4;0;16085
NearestNeighborhood;30;data/FIS5-2.txt;5;3,0,2,1,4;0;16085
NearestNeighborhood;1;data/FIS5-3.txt;5;1,2,4,3,0;0;26660
NearestNeighborhood;2;data/FIS5-3.txt;5;1,2,4,3,0;0;26660
NearestNeighborhood;3;data/FIS5-3.txt;5;1,2,4,3,0;0;26660
NearestNeighborhood;4;data/FIS5-3.txt;5;1,2,4,3,0;0;26660
NearestNeighborhood;5;data/FIS5-3.txt;5;1,2,4,3,0;0;26660
NearestNeighborhood;6;data/FIS5-3.txt;5;1,2,4,3,0;0;26660
NearestNeighborhood;7;data/FIS5-3.txt;5;1,2,4,3,0;0;26660
NearestNeighborhood;8;data/FIS5-3.txt;5;1,2,4,3,0;0;26660
NearestNeighborhood;9;data/FIS5-3.txt;5;1,2,4,3,0;0;26660
NearestNeighborhood;10;data/FIS5-3.txt;5;1,2,4,3,0;0;26660
NearestNeighborhood;11;data/FIS5-3.txt;5;1,2,4,3,0;0;26660
NearestNeighborhood;12;data/FIS5-3.txt;5;1,2,4,3,0;0;26660
NearestNeighborhood;13;data/FIS5-3.txt;5;1,2,4,3,0;0;26660
NearestNeighborhood;14;data/FIS5-3.txt;5;1,2,4,3,0;0;26660
NearestNeighborhood;15;data/FIS5-3.txt;5;1,2,4,3,0;0;26660
NearestNeighborhood;16;data/FIS5-3.txt;5;1,2,4,3,0;0;26660
NearestNeighborhood;17;data/FIS5-3.txt;5;1,2,4,3,0;0;26660
NearestNeighborhood;18;data/FIS5-3.txt;5;1,2,4,3,0;0;26660
NearestNeighborhood;19;data/FIS5-3.txt;5;1,2,4,3,0;0;26660
NearestNeighborhood;20;data/FIS5-3.txt;5;1,2,4,3,0;0;26660
NearestNeighborhood;21;data/FIS5-3.txt;5;1,2,4,3,0;0;26660
NearestNeighborhood;22;data/FIS5-3.txt;5;1,2,4,3,0;0;26660
NearestNeighborhood;23;data/FIS5-3.txt;5;1,2,4,3,0;0;26660
NearestNeighborhood;24;data/FIS5-3.txt;5;1,2,4,3,0;0;26660
NearestNeighborhood;25;data/FIS5-3.txt;5;1,2,4,3,0;0;26660
NearestNeighborhood;26;data/FIS5-3.txt;5;1,2,4,3,0;0;26660
NearestNeighborhood;27;data/FIS5-3.txt;5;1,2,4,3,0;0;26660
NearestNeighborhood;28;data/FIS5-3.txt;5;1,2,4,3,0;0;26660
NearestNeighborhood;29;data/FIS5-3.txt;5;1,2,4,3,0;0;26660
NearestNeighborhood;30;data/FIS5-3.txt;5;1,2,4,3,0;0;26660
NearestNeighborhood;1;data/FIS5-4.txt;5;2,3,4,0,1;0;20802
NearestNeighborhood;2;data/FIS5-4.txt;5;2,3,4,0,1;0;20802
NearestNeighborhood;3;data/FIS5-4.txt;5;2,3,4,0,1;0;20802
NearestNeighborhood;4;data/FIS5-4.txt;5;2,3,4,0,1;0;20802
NearestNeighborhood;5;data/FIS5-4.txt;5;2,3,4,0,1;0;20802
NearestNeighborhood;6;data/FIS5-4.txt;5;2,3,4,0,1;0;20802
NearestNeighborhood;7;data/FIS5-4.txt;5;2,3,4,0,1;0;20802
NearestNeighborhood;8;data/FIS5-4.txt;5;2,3,4,0,1;0;20802
NearestNeighborhood;9;data/FIS5-4.txt;5;2,3,4,0,1;0;20802
NearestNeighborhood;10;data/FIS5-4.txt;5;2,3,4,0,1;0;20802
NearestNeighborhood;11;data/FIS5-4.txt;5;2,3,4,0,1;0;20802
NearestNeighborhood;12;data/FIS5-4.txt;5;2,3,4,0,1;0;20802
NearestNeighborhood;13;data/FIS5-4.txt;5;2,3,4,0,1;0;20802
NearestNeighborhood;14;data/FIS5-4.txt;5;2,3,4,0,1;0;20802
NearestNeighborhood;15;data/FIS5-4.txt;5;2,3,4,0,1;0;20802
NearestNeighborhood;16;data/FIS5-4.txt;5;2,3,4,0,1;0;20802
NearestNeighborhood;17;data/FIS5-4.txt;5;2,3,4,0,1;0;20802
NearestNeighborhood;18;data/FIS5-4.txt;5;2,3,4,0,1;0;20802
NearestNeighborhood;19;data/FIS5-4.txt;5;2,3,4,0,1;0;20802
NearestNeighborhood;20;data/FIS5-4.txt;5;2,3,4,0,1;0;20802
NearestNeighborhood;21;data/FIS5-4.txt;5;2,3,4,0,1;0;20802
NearestNeighborhood;22;data/FIS5-4.txt;5;2,3,4,0,1;0;20802
NearestNeighborhood;23;data/FIS5-4.txt;5;2,3,4,0,1;0;20802
NearestNeighborhood;24;data/FIS5-4.txt;5;2,3,4,0,1;0;20802
NearestNeighborhood;25;data/FIS5-4.txt;5;2,3,4,0,1;0;20802
NearestNeighborhood;26;data/FIS5-4.txt;5;2,3,4,0,1;0;20802
NearestNeighborhood;27;data/FIS5-4.txt;5;2,3,4,0,1;0;20802
NearestNeighborhood;28;data/FIS5-4.txt;5;2,3,4,0,1;0;20802
NearestNeighborhood;29;data/FIS5-4.txt;5;2,3,4,0,1;0;20802
NearestNeighborhood;30;data/FIS5-4.txt;5;2,3,4,0,1;0;20802
NearestNeighborhood;1;data/FIS6-0.txt;6;2,5,3,4,0,1;0;15576
NearestNeighborhood;2;data/FIS6-0.txt;6;2,5,3,4,0,1;0;15576
NearestNeighborhood;3;data/FIS6-0.txt;6;2,5,3,4,0,1;0;15576
NearestNeighborhood;4;data/FIS6-0.txt;6;2,5,3,4,0,1;0;15576
NearestNeighborhood;5;data/FIS6-0.txt;6;2,5,3,4,0,1;0;15576
NearestNeighborhood;6;data/FIS6-0.txt;6;2,5,3,4,0,1;0;15576
NearestNeighborhood;7;data/FIS6-0.txt;6;2,5,3,4,0,1;0;15576
NearestNeighborhood;8;data/FIS6-0.txt;6;2,5,3,4,0,1;0;15576
NearestNeighborhood;9;data/FIS6-0.txt;6;2,5,3,4,0,1;0;15576
NearestNeighborhood;10;data/FIS6-0.txt;6;2,5,3,4,0,1;0;15576
NearestNeighborhood;11;data/FIS6-0.txt;6;2,5,3,4,0,1;0;15576
NearestNeighborhood;12;data/FIS6-0.txt;6;2,5,3,4,0,1;0;15576
NearestNeighborhood;13;data/FIS6-0.txt;6;2,5,3,4,0,1;0;15576
NearestNeighborhood;14;data/FIS6-0.txt;6;2,5,3,4,0,1;0;15576
NearestNeighborhood;15;data/FIS6-0.txt;6;2,5,3,4,0,1;0;15576
NearestNeighborhood;16;data/FIS6-0.txt;6;2,5,3,4,0,1;0;15576
NearestNeighborhood;17;data/FIS6-0.txt;6;2,5,3,4,0,1;0;15576
NearestNeighborhood;18;data/FIS6-0.txt;6;2,5,3,4,0,1;0;15576
NearestNeighborhood;19;data/FIS6-0.txt;6;2,5,3,4,0,1;0;15576
NearestNeighborhood;20;data/FIS6-0.txt;6;2,5,3,4,0,1;0;15576
NearestNeighborhood;21;data/FIS6-0.txt;6;2,5,3,4,0,1;0;15576
NearestNeighborhood;22;data/FIS6-0.txt;6;2,5,3,4,0,1;0;15576
NearestNeighborhood;23;data/FIS6-0.txt;6;2,5,3,4,0,1;0;15576
NearestNeighborhood;24;data/FIS6-0.txt;6;2,5,3,4,0,1;0;15576
NearestNeighborhood;25;data/FIS6-0.txt;6;2,5,3,4,0,1;0;15576
NearestNeighborhood;26;data/FIS6-0.txt;6;2,5,3,4,0,1;0;15576
NearestNeighborhood;27;data/FIS6-0.txt;6;2,5,3,4,0,1;0;15576
NearestNeighborhood;28;data/FIS6-0.txt;6;2,5,3,4,0,1;0;15576
NearestNeighborhood;29;data/FIS6-0.txt;6;2,5,3,4,0,1;0;15576
NearestNeighborhood;30;data/FIS6-0.txt;6;2,5,3,4,0,1;0;15576
NearestNeighborhood;1;data/FIS6-1.txt;6;2,5,4,3,1,0;0;23008
NearestNeighborhood;2;data/FIS6-1.txt;6;2,5,4,3,1,0;0;23008
NearestNeighborhood;3;data/FIS6-1.txt;6;2,5,4,3,1,0;0;23008
NearestNeighborhood;4;data/FIS6-1.txt;6;2,5,4,3,1,0;0;23008
NearestNeighborhood;5;data/FIS6-1.txt;6;2,5,4,3,1,0;0;23008
NearestNeighborhood;6;data/FIS6-1.txt;6;2,5,4,3,1,0;0;23008
NearestNeighborhood;7;data/FIS6-1.txt;6;2,5,4,3,1,0;0;23008
NearestNeighborhood;8;data/FIS6-1.txt;6;2,5,4,3,1,0;0;23008
NearestNeighborhood;9;data/FIS6-1.txt;6;2,5,4,3,1,0;0;23008
NearestNeighborhood;10;data/FIS6-1.txt;6;2,5,4,3,1,0;0;23008
NearestNeighborhood;11;data/FIS6-1.txt;6;2,5,4,3,1,0;0;23008
NearestNeighborhood;12;data/FIS6-1.txt;6;2,5,4,3,1,0;0;23008
NearestNeighborhood;13;data/FIS6-1.txt;6;2,5,4,3,1,0;0;23008
NearestNeighborhood;14;data/FIS6-1.txt;6;2,5,4,3,1,0;0;23008
NearestNeighborhood;15;data/FIS6-1.txt;6;2,5,4,3,1,0;0;23008
NearestNeighborhood;16;data/FIS6-1.txt;6;2,5,4,3,1,0;0;23008
NearestNeighborhood;17;data/FIS6-1.txt;6;2,5,4,3,1,0;0;23008
NearestNeighborhood;18;data/FIS6-1.txt;6;2,5,4,3,1,0;0;23008
NearestNeighborhood;19;data/FIS6-1.txt;6;2,5,4,3,1,0;0;23008
NearestNeighborhood;20;data/FIS6-1.txt;6;2,5,4,3,1,0;0;23008
NearestNeighborhood;21;data/FIS6-1.txt;6;2,5,4,3,1,0;0;23008
NearestNeighborhood;22;data/FIS6-1.txt;6;2,5,4,3,1,0;0;23008
NearestNeighborhood;23;data/FIS6-1.txt;6;2,5,4,3,1,0;0;23008
NearestNeighborhood;24;data/FIS6-1.txt;6;2,5,4,3,1,0;0;23008
NearestNeighborhood;25;data/FIS6-1.txt;6;2,5,4,3,1,0;0;23008
NearestNeighborhood;26;data/FIS6-1.txt;6;2,5,4,3,1,0;0;23008
NearestNeighborhood;27;data/FIS6-1.txt;6;2,5,4,3,1,0;0;23008
NearestNeighborhood;28;data/FIS6-1.txt;6;2,5,4,3,1,0;0;23008
NearestNeighborhood;29;data/FIS6-1.txt;6;2,5,4,3,1,0;0;23008
NearestNeighborhood;30;data/FIS6-1.txt;6;2,5,4,3,1,0;0;23008
NearestNeighborhood;1;data/FIS6-2.txt;6;2,0,5,4,1,3;0;28953
NearestNeighborhood;2;data/FIS6-2.txt;6;2,0,5,4,1,3;0;28953
NearestNeighborhood;3;data/FIS6-2.txt;6;2,0,5,4,1,3;0;28953
NearestNeighborhood;4;data/FIS6-2.txt;6;2,0,5,4,1,3;0;28953
NearestNeighborhood;5;data/FIS6-2.txt;6;2,0,5,4,1,3;0;28953
NearestNeighborhood;6;data/FIS6-2.txt;6;2,0,5,4,1,3;0;28953
NearestNeighborhood;7;data/FIS6-2.txt;6;2,0,5,4,1,3;0;28953
NearestNeighborhood;8;data/FIS6-2.txt;6;2,0,5,4,1,3;0;28953
NearestNeighborhood;9;data/FIS6-2.txt;6;2,0,5,4,1,3;0;28953
NearestNeighborhood;10;data/FIS6-2.txt;6;2,0,5,4,1,3;0;28953
NearestNeighborhood;11;data/FIS6-2.txt;6;2,0,5,4,1,3;0;28953
NearestNeighborhood;12;data/FIS6-2.txt;6;2,0,5,4,1,3;0;28953
NearestNeighborhood;13;data/FIS6-2.txt;6;2,0,5,4,1,3;0;28953
NearestNeighborhood;14;data/FIS6-2.txt;6;2,0,5,4,1,3;0;28953
NearestNeighborhood;15;data/FIS6-2.txt;6;2,0,5,4,1,3;0;28953
NearestNeighborhood;16;data/FIS6-2.txt;6;2,0,5,4,1,3;0;28953
NearestNeighborhood;17;data/FIS6-2.txt;6;2,0,5,4,1,3;0;28953
NearestNeighborhood;18;data/FIS6-2.txt;6;2,0,5,4,1,3;0;28953
NearestNeighborhood;19;data/FIS6-2.txt;6;2,0,5,4,1,3;0;28953
NearestNeighborhood;20;data/FIS6-2.txt;6;2,0,5,4,1,3;0;28953
NearestNeighborhood;21;data/FIS6-2.txt;6;2,0,5,4,1,3;0;28953
NearestNeighborhood;22;data/FIS6-2.txt;6;2,0,5,4,1,3;0;28953
NearestNeighborhood;23;data/FIS6-2.txt;6;2,0,5,4,1,3;0;28953
NearestNeighborhood;24;data/FIS6-2.txt;6;2,0,5,4,1,3;0;28953
NearestNeighborhood;25;data/FIS6-2.txt;6;2,0,5,4,1,3;0;28953
NearestNeighborhood;26;data/FIS6-2.txt;6;2,0,5,4,1,3;0;28953
NearestNeighborhood;27;data/FIS6-2.txt;6;2,0,5,4,1,3;0;28953
NearestNeighborhood;28;data/FIS6-2.txt;6;2,0,5,4,1,3;0;28953
NearestNeighborhood;29;data/FIS6-2.txt;6;2,0,5,4,1,3;0;28953
NearestNeighborhood;30;data/FIS6-2.txt;6;2,0,5,4,1,3;0;28953
NearestNeighborhood;1;data/FIS6-3.txt;6;1,0,2,4,5,3;0;15966
NearestNeighborhood;2;data/FIS6-3.txt;6;1,0,2,4,5,3;0;15966
NearestNeighborhood;3;data/FIS6-3.txt;6;1,0,2,4,5,3;0;15966
NearestNeighborhood;4;data/FIS6-3.txt;6;1,0,2,4,5,3;0;15966
NearestNeighborhood;5;data/FIS6-3.txt;6;1,0,2,4,5,3;0;15966
NearestNeighborhood;6;data/FIS6-3.txt;6;1,0,2,4,5,3;0;15966
NearestNeighborhood;7;data/FIS6-3.txt;6;1,0,2,4,5,3;0;15966
NearestNeighborhood;8;data/FIS6-3.txt;6;1,0,2,4,5,3;0;15966
NearestNeighborhood;9;data/FIS6-3.txt;6;1,0,2,4,5,3;0;15966
NearestNeighborhood;10;data/FIS6-3.txt;6;1,0,2,4,5,3;0;15966
NearestNeighborhood;11;data/FIS6-3.txt;6;1,0,2,4,5,3;0;15966
NearestNeighborhood;12;data/FIS6-3.txt;6;1,0,2,4,5,3;0;15966
NearestNeighborhood;13;data/FIS6-3.txt;6;1,0,2,4,5,3;0;15966
NearestNeighborhood;14;data/FIS6-3.txt;6;1,0,2,4,5,3;0;15966
NearestNeighborhood;15;data/FIS6-3.txt;6;1,0,2,4,5,3;0;15966
NearestNeighborhood;16;data/FIS6-3.txt;6;1,0,2,4,5,3;0;15966
NearestNeighborhood;17;data/FIS6-3.txt;6;1,0,2,4,5,3;0;15966
NearestNeighborhood;18;data/FIS6-3.txt;6;1,0,2,4,5,3;0;15966
NearestNeighborhood;19;data/FIS6-3.txt;6;1,0,2,4,5,3;0;15966
NearestNeighborhood;20;data/FIS6-3.txt;6;1,0,2,4,5,3;0;15966
NearestNeighborhood;21;data/FIS6-3.txt;6;1,0,2,4,5,3;0;15966
NearestNeighborhood;22;data/FIS6-3.txt;6;1,0,2,4,5,3;0;15966
NearestNeighborhood;23;data/FIS6-3.txt;6;1,0,2,4,5,3;0;15966
NearestNeighborhood;24;data/FIS6-3.txt;6;1,0,2,4,5,3;0;15966
NearestNeighborhood;25;data/FIS6-3.txt;6;1,0,2,4,5,3;0;15966
NearestNeighborhood;26;data/FIS6-3.txt;6;1,0,2,4,5,3;0;15966
NearestNeighborhood;27;data/FIS6-3.txt;6;1,0,2,4,5,3;0;15966
NearestNeighborhood;28;data/FIS6-3.txt;6;1,0,2,4,5,3;0;15966
NearestNeighborhood;29;data/FIS6-3.txt;6;1,0,2,4,5,3;0;15966
NearestNeighborhood;30;data/FIS6-3.txt;6;1,0,2,4,5,3;0;15966
NearestNeighborhood;1;data/FIS6-4.txt;6;4,2,0,5,3,1;0;18820
NearestNeighborhood;2;data/FIS6-4.txt;6;4,2,0,5,3,1;0;18820
NearestNeighborhood;3;data/FIS6-4.txt;6;4,2,0,5,3,1;0;18820
NearestNeighborhood;4;data/FIS6-4.txt;6;4,2,0,5,3,1;0;18820
NearestNeighborhood;5;data/FIS6-4.txt;6;4,2,0,5,3,1;0;18820
NearestNeighborhood;6;data/FIS6-4.txt;6;4,2,0,5,3,1;0;18820
NearestNeighborhood;7;data/FIS6-4.txt;6;4,2,0,5,3,1;0;18820
NearestNeighborhood;8;data/FIS6-4.txt;6;4,2,0,5,3,1;0;18820
NearestNeighborhood;9;data/FIS6-4.txt;6;4,2,0,5,3,1;0;18820
NearestNeighborhood;10;data/FIS6-4.txt;6;4,2,0,5,3,1;0;18820
NearestNeighborhood;11;data/FIS6-4.txt;6;4,2,0,5,3,1;0;18820
NearestNeighborhood;12;data/FIS6-4.txt;6;4,2,0,5,3,1;0;18820
NearestNeighborhood;13;data/FIS6-4.txt;6;4,2,0,5,3,1;0;18820
NearestNeighborhood;14;data/FIS6-4.txt;6;4,2,0,5,3,1;0;18820
NearestNeighborhood;15;data/FIS6-4.txt;6;4,2,0,5,3,1;0;18820
NearestNeighborhood;16;data/FIS6-4.txt;6;4,2,0,5,3,1;0;18820
NearestNeighborhood;17;data/FIS6-4.txt;6;4,2,0,5,3,1;0;18820
NearestNeighborhood;18;data/FIS6-4.txt;6;4,2,0,5,3,1;0;18820
NearestNeighborhood;19;data/FIS6-4.txt;6;4,2,0,5,3,1;0;18820
NearestNeighborhood;20;data/FIS6-4.txt;6;4,2,0,5,3,1;0;18820
NearestNeighborhood;21;data/FIS6-4.txt;6;4,2,0,5,3,1;0;18820
NearestNeighborhood;22;data/FIS6-4.txt;6;4,2,0,5,3,1;0;18820
NearestNeighborhood;23;data/FIS6-4.txt;6;4,2,0,5,3,1;0;18820
NearestNeighborhood;24;data/FIS6-4.txt;6;4,2,0,5,3,1;0;18820
NearestNeighborhood;25;data/FIS6-4.txt;6;4,2,0,5,3,1;0;18820
NearestNeighborhood;26;data/FIS6-4.txt;6;4,2,0,5,3,1;0;18820
NearestNeighborhood;27;data/FIS6-4.txt;6;4,2,0,5,3,1;0;18820
NearestNeighborhood;28;data/FIS6-4.txt;6;4,2,0,5,3,1;0;18820
NearestNeighborhood;29;data/FIS6-4.txt;6;4,2,0,5,3,1;0;18820
NearestNeighborhood;30;data/FIS6-4.txt;6;4,2,0,5,3,1;0;18820
NearestNeighborhood;1;data/FIS7-0.txt;7;3,0,1,4,2,6,5;0;25162
NearestNeighborhood;2;data/FIS7-0.txt;7;3,0,1,4,2,6,5;0;25162
NearestNeighborhood;3;data/FIS7-0.txt;7;3,0,1,4,2,6,5;0;25162
NearestNeighborhood;4;data/FIS7-0.txt;7;3,0,1,4,2,6,5;0;25162
NearestNeighborhood;5;data/FIS7-0.txt;7;3,0,1,4,2,6,5;0;25162
NearestNeighborhood;6;data/FIS7-0.txt;7;3,0,1,4,2,6,5;0;25162
NearestNeighborhood;7;data/FIS7-0.txt;7;3,0,1,4,2,6,5;0;25162
NearestNeighborhood;8;data/FIS7-0.txt;7;3,0,1,4,2,6,5;0;25162
NearestNeighborhood;9;data/FIS7-0.txt;7;3,0,1,4,2,6,5;0;25162
NearestNeighborhood;10;data/FIS7-0.txt;7;3,0,1,4,2,6,5;0;25162
NearestNeighborhood;11;data/FIS7-0.txt;7;3,0,1,4,2,6,5;0;25162
NearestNeighborhood;12;data/FIS7-0.txt;7;3,0,1,4,2,6,5;0;25162
NearestNeighborhood;13;data/FIS7-0.txt;7;3,0,1,4,2,6,5;0;25162
NearestNeighborhood;14;data/FIS7-0.txt;7;3,0,1,4,2,6,5;0;25162
NearestNeighborhood;15;data/FIS7-0.txt;7;3,0,1,4,2,6,5;0;25162
NearestNeighborhood;16;data/FIS7-0.txt;7;3,0,1,4,2,6,5;0;25162
NearestNeighborhood;17;data/FIS7-0.txt;7;3,0,1,4,2,6,5;0;25162
NearestNeighborhood;18;data/FIS7-0.txt;7;3,0,1,4,2,6,5;0;25162
NearestNeighborhood;19;data/FIS7-0.txt;7;3,0,1,4,2,6,5;0;25162
NearestNeighborhood;20;data/FIS7-0.txt;7;3,0,1,4,2,6,5;0;25162
NearestNeighborhood;21;data/FIS7-0.txt;7;3,0,1,4,2,6,5;0;25162
NearestNeighborhood;22;data/FIS7-0.txt;7;3,0,1,4,2,6,5;0;25162
NearestNeighborhood;23;data/FIS7-0.txt;7;3,0,1,4,2,6,5;0;25162
NearestNeighborhood;24;data/FIS7-0.txt;7;3,0,1,4,2,6,5;0;25162
NearestNeighborhood;25;data/FIS7-0.txt;7;3,0,1,4,2,6,5;0;25162
NearestNeighborhood;26;data/FIS7-0.txt;7;3,0,1,4,2,6,5;0;25162
NearestNeighborhood;27;data/FIS7-0.txt;7;3,0,1,4,2,6,5;0;25162
NearestNeighborhood;28;data/FIS7-0.txt;7;3,0,1,4,2,6,5;0;25162
NearestNeighborhood;29;data/FIS7-0.txt;7;3,0,1,4,2,6,5;0;25162
NearestNeighborhood;30;data/FIS7-0.txt;7;3,0,1,4,2,6,5;0;25162
NearestNeighborhood;1;data/FIS7-1.txt;7;1,0,2,6,3,4,5;0;26044
NearestNeighborhood;2;data/FIS7-1.txt;7;1,0,2,6,3,4,5;0;26044
NearestNeighborhood;3;data/FIS7-1.txt;7;1,0,2,6,3,4,5;0;26044
NearestNeighborhood;4;data/FIS7-1.txt;7;1,0,2,6,3,4,5;0;26044
NearestNeighborhood;5;data/FIS7-1.txt;7;1,0,2,6,3,4,5;0;26044
NearestNeighborhood;6;data/FIS7-1.txt;7;1,0,2,6,3,4,5;0;26044
NearestNeighborhood;7;data/FIS7-1.txt;7;1,0,2,6,3,4,5;0;26044
NearestNeighborhood;8;data/FIS7-1.txt;7;1,0,2,6,3,4,5;0;26044
NearestNeighborhood;9;data/FIS7-1.txt;7;1,0,2,6,3,4,5;0;26044
NearestNeighborhood;10;data/FIS7-1.txt;7;1,0,2,6,3,4,5;0;26044
NearestNeighborhood;11;data/FIS7-1.txt;7;1,0,2,6,3,4,5;0;26044
NearestNeighborhood;12;data/FIS7-1.txt;7;1,0,2,6,3,4,5;0;26044
NearestNeighborhood;13;data/FIS7-1.txt;7;1,0,2,6,3,4,5;0;26044
NearestNeighborhood;14;data/FIS7-1.txt;7;1,0,2,6,3,4,5;0;26044
NearestNeighborhood;15;data/FIS7-1.txt;7;1,0,2,6,3,4,5;0;26044
NearestNeighborhood;16;data/FIS7-1.txt;7;1,0,2,6,3,4,5;0;26044
NearestNeighborhood;17;data/FIS7-1.txt;7;1,0,2,6,3,4,5;0;26044
NearestNeighborhood;18;data/FIS7-1.txt;7;1,0,2,6,3,4,5;0;26044
NearestNeighborhood;19;data/FIS7-1.txt;7;1,0,2,6,3,4,5;0;26044
NearestNeighborhood;20;data/FIS7-1.txt;7;1,0,2,6,3,4,5;0;26044
NearestNeighborhood;21;data/FIS7-1.txt;7;1,0,2,6,3,4,5;0;26044
NearestNeighborhood;22;data/FIS7-1.txt;7;1,0,2,6,3,4,5;0;26044
NearestNeighborhood;23;data/FIS7-1.txt;7;1,0,2,6,3,4,5;0;26044
NearestNeighborhood;24;data/FIS7-1.txt;7;1,0,2,6,3,4,5;0;26044
NearestNeighborhood;25;data/FIS7-1.txt;7;1,0,2,6,3,4,5;0;26044
NearestNeighborhood;26;data/FIS7-1.txt;7;1,0,2,6,3,4,5;0;26044
NearestNeighborhood;27;data/FIS7-1.txt;7;1,0,2,6,3,4,5;0;26044
NearestNeighborhood;28;data/FIS7-1.txt;7;1,0,2,6,3,4,5;0;26044
NearestNeighborhood;29;data/FIS7-1.txt;7;1,0,2,6,3,4,5;0;26044
NearestNeighborhood;30;data/FIS7-1.txt;7;1,0,2,6,3,4,5;0;26044
NearestNeighborhood;1;data/FIS7-2.txt;7;5,6,4,2,1,3,0;0;11414
NearestNeighborhood;2;data/FIS7-2.txt;7;5,6,4,2,1,3,0;0;11414
NearestNeighborhood;3;data/FIS7-2.txt;7;5,6,4,2,1,3,0;0;11414
NearestNeighborhood;4;data/FIS7-2.txt;7;5,6,4,2,1,3,0;0;11414
NearestNeighborhood;5;data/FIS7-2.txt;7;5,6,4,2,1,3,0;0;11414
NearestNeighborhood;6;data/FIS7-2.txt;7;5,6,4,2,1,3,0;0;11414
NearestNeighborhood;7;data/FIS7-2.txt;7;5,6,4,2,1,3,0;0;11414
NearestNeighborhood;8;data/FIS7-2.txt;7;5,6,4,2,1,3,0;0;11414
NearestNeighborhood;9;data/FIS7-2.txt;7;5,6,4,2,1,3,0;0;11414
NearestNeighborhood;10;data/FIS7-2.txt;7;5,6,4,2,1,3,0;0;11414
NearestNeighborhood;11;data/FIS7-2.txt;7;5,6,4,2,1,3,0;0;11414
NearestNeighborhood;12;data/FIS7-2.txt;7;5,6,4,2,1,3,0;0;11414
NearestNeighborhood;13;data/FIS7-2.txt;7;5,6,4,2,1,3,0;0;11414
NearestNeighborhood;14;data/FIS7-2.txt;7;5,6,4,2,1,3,0;0;11414
NearestNeighborhood;15;data/FIS7-2.txt;7;5,6,4,2,1,3,0;0;11414
NearestNeighborhood;16;data/FIS7-2.txt;7;5,6,4,2,1,3,0;0;11414
NearestNeighborhood;17;data/FIS7-2.txt;7;5,6,4,2,1,3,0;0;11414
NearestNeighborhood;18;data/FIS7-2.txt;7;5,6,4,2,1,3,0;0;11414
NearestNeighborhood;19;data/FIS7-2.txt;7;5,6,4,2,1,3,0;0;11414
NearestNeighborhood;20;data/FIS7-2.txt;7;5,6,4,2,1,3,0;0;11414
NearestNeighborhood;21;data/FIS7-2.txt;7;5,6,4,2,1,3,0;0;11414
NearestNeighborhood;22;data/FIS7-2.txt;7;5,6,4,2,1,3,0;0;11414
NearestNeighborhood;23;data/FIS7-2.txt;7;5,6,4,2,1,3,0;0;11414
NearestNeighborhood;24;data/FIS7-2.txt;7;5,6,4,2,1,3,0;0;11414
NearestNeighborhood;25;data/FIS7-2.txt;7;5,6,4,2,1,3,0;0;11414
NearestNeighborhood;26;data/FIS7-2.txt;7;5,6,4,2,1,3,0;0;11414
NearestNeighborhood;27;data/FIS7-2.txt;7;5,6,4,2,1,3,0;0;11414
NearestNeighborhood;28;data/FIS7-2.txt;7;5,6,4,2,1,3,0;0;11414
NearestNeighborhood;29;data/FIS7-2.txt;7;5,6,4,2,1,3,0;0;11414
NearestNeighborhood;30;data/FIS7-2.txt;7;5,6,4,2,1,3,0;0;11414
NearestNeighborhood;1;data/FIS7-3.txt;7;2,0,1,6,4,5,3;0;28154
NearestNeighborhood;2;data/FIS7-3.txt;7;2,0,1,6,4,5,3;0;28154
NearestNeighborhood;3;data/FIS7-3.txt;7;2,0,1,6,4,5,3;0;28154
NearestNeighborhood;4;data/FIS7-3.txt;7;2,0,1,6,4,5,3;0;28154
NearestNeighborhood;5;data/FIS7-3.txt;7;2,0,1,6,4,5,3;0;28154
NearestNeighborhood;6;data/FIS7-3.txt;7;2,0,1,6,4,5,3;0;28154
NearestNeighborhood;7;data/FIS7-3.txt;7;2,0,1,6,4,5,3;0;28154
NearestNeighborhood;8;data/FIS7-3.txt;7;2,0,1,6,4,5,3;0;28154
NearestNeighborhood;9;data/FIS7-3.txt;7;2,0,1,6,4,5,3;0;28154
NearestNeighborhood;10;data/FIS7-3.txt;7;2,0,1,6,4,5,3;0;28154
NearestNeighborhood;11;data/FIS7-3.txt;7;2,0,1,6,4,5,3;0;28154
NearestNeighborhood;12;data/FIS7-3.txt;7;2,0,1,6,4,5,3;0;28154
NearestNeighborhood;13;data/FIS7-3.txt;7;2,0,1,6,4,5,3;0;28154
NearestNeighborhood;14;data/FIS7-3.txt;7;2,0,1,6,4,5,3;0;28154
NearestNeighborhood;15;data/FIS7-3.txt;7;2,0,1,6,4,5,3;0;28154
NearestNeighborhood;16;data/FIS7-3.txt;7;2,0,1,6,4,5,3;0;28154
NearestNeighborhood;17;data/FIS7-3.txt;7;2,0,1,6,4,5,3;0;28154
NearestNeighborhood;18;data/FIS7-3.txt;7;2,0,1,6,4,5,3;0;28154
NearestNeighborhood;19;data/FIS7-3.txt;7;2,0,1,6,4,5,3;0;28154
NearestNeighborhood;20;data/FIS7-3.txt;7;2,0,1,6,4,5,3;0;28154
NearestNeighborhood;21;data/FIS7-3.txt;7;2,0,1,6,4,5,3;0;28154
NearestNeighborhood;22;data/FIS7-3.txt;7;2,0,1,6,4,5,3;0;28154
NearestNeighborhood;23;data/FIS7-3.txt;7;2,0,1,6,4,5,3;0;28154
NearestNeighborhood;24;data/FIS7-3.txt;7;2,0,1,6,4,5,3;0;28154
NearestNeighborhood;25;data/FIS7-3.txt;7;2,0,1,6,4,5,3;0;28154
NearestNeighborhood;26;data/FIS7-3.txt;7;2,0,1,6,4,5,3;0;28154
NearestNeighborhood;27;data/FIS7-3.txt;7;2,0,1,6,4,5,3;0;28154
NearestNeighborhood;28;data/FIS7-3.txt;7;2,0,1,6,4,5,3;0;28154
NearestNeighborhood;29;data/FIS7-3.txt;7;2,0,1,6,4,5,3;0;28154
NearestNeighborhood;30;data/FIS7-3.txt;7;2,0,1,6,4,5,3;0;28154
NearestNeighborhood;1;data/FIS7-4.txt;7;3,1,4,2,6,5,0;0;32022
NearestNeighborhood;2;data/FIS7-4.txt;7;3,1,4,2,6,5,0;0;32022
NearestNeighborhood;3;data/FIS7-4.txt;7;3,1,4,2,6,5,0;0;32022
NearestNeighborhood;4;data/FIS7-4.txt;7;3,1,4,2,6,5,0;0;32022
NearestNeighborhood;5;data/FIS7-4.txt;7;3,1,4,2,6,5,0;0;32022
NearestNeighborhood;6;data/FIS7-4.txt;7;3,1,4,2,6,5,0;0;32022
NearestNeighborhood;7;data/FIS7-4.txt;7;3,1,4,2,6,5,0;0;32022
NearestNeighborhood;8;data/FIS7-4.txt;7;3,1,4,2,6,5,0;0;32022
NearestNeighborhood;9;data/FIS7-4.txt;7;3,1,4,2,6,5,0;0;32022
NearestNeighborhood;10;data/FIS7-4.txt;7;3,1,4,2,6,5,0;0;32022
NearestNeighborhood;11;data/FIS7-4.txt;7;3,1,4,2,6,5,0;0;32022
NearestNeighborhood;12;data/FIS7-4.txt;7;3,1,4,2,6,5,0;0;32022
NearestNeighborhood;13;data/FIS7-4.txt;7;3,1,4,2,6,5,0;0;32022
NearestNeighborhood;14;data/FIS7-4.txt;7;3,1,4,2,6,5,0;0;32022
NearestNeighborhood;15;data/FIS7-4.txt;7;3,1,4,2,6,5,0;0;32022
NearestNeighborhood;16;data/FIS7-4.txt;7;3,1,4,2,6,5,0;0;32022
NearestNeighborhood;17;data/FIS7-4.txt;7;3,1,4,2,6,5,0;0;32022
NearestNeighborhood;18;data/FIS7-4.txt;7;3,1,4,2,6,5,0;0;32022
NearestNeighborhood;19;data/FIS7-4.txt;7;3,1,4,2,6,5,0;0;32022
NearestNeighborhood;20;data/FIS7-4.txt;7;3,1,4,2,6,5,0;0;32022
NearestNeighborhood;21;data/FIS7-4.txt;7;3,1,4,2,6,5,0;0;32022
NearestNeighborhood;22;data/FIS7-4.txt;7;3,1,4,2,6,5,0;0;32022
NearestNeighborhood;23;data/FIS7-4.txt;7;3,1,4,2,6,5,0;0;32022
NearestNeighborhood;24;data/FIS7-4.txt;7;3,1,4,2,6,5,0;0;32022
NearestNeighborhood;25;data/FIS7-4.txt;7;3,1,4,2,6,5,0;0;32022
NearestNeighborhood;26;data/FIS7-4.txt;7;3,1,4,2,6,5,0;0;32022
NearestNeighborhood;27;data/FIS7-4.txt;7;3,1,4,2,6,5,0;0;32022
NearestNeighborhood;28;data/FIS7-4.txt;7;3,1,4,2,6,5,0;0;32022
NearestNeighborhood;29;data/FIS7-4.txt;7;3,1,4,2,6,5,0;0;32022
NearestNeighborhood;30;data/FIS7-4.txt;7;3,1,4,2,6,5,0;0;32022
NearestNeighborhood;1;data/FIS8-0.txt;8;5,3,0,7,1,2,6,4;0;20047
NearestNeighborhood;2;data/FIS8-0.txt;8;5,3,0,7,1,2,6,4;0;20047
NearestNeighborhood;3;data/FIS8-0.txt;8;5,3,0,7,1,2,6,4;0;20047
NearestNeighborhood;4;data/FIS8-0.txt;8;5,3,0,7,1,2,6,4;0;20047
NearestNeighborhood;5;data/FIS8-0.txt;8;5,3,0,7,1,2,6,4;0;20047
NearestNeighborhood;6;data/FIS8-0.txt;8;5,3,0,7,1,2,6,4;0;20047
NearestNeighborhood;7;data/FIS8-0.txt;8;5,3,0,7,1,2,6,4;0;20047
NearestNeighborhood;8;data/FIS8-0.txt;8;5,3,0,7,1,2,6,4;0;20047
NearestNeighborhood;9;data/FIS8-0.txt;8;5,3,0,7,1,2,6,4;0;20047
NearestNeighborhood;10;data/FIS8-0.txt;8;5,3,0,7,1,2,6,4;0;20047
NearestNeighborhood;11;data/FIS8-0.txt;8;5,3,0,7,1,2,6,4;0;20047
NearestNeighborhood;12;data/FIS8-0.txt;8;5,3,0,7,1,2,6,4;0;20047
NearestNeighborhood;13;data/FIS8-0.txt;8;5,3,0,7,1,2,6,4;0;20047
NearestNeighborhood;14;data/FIS8-0.txt;8;5,3,0,7,1,2,6,4;0;20047
NearestNeighborhood;15;data/FIS8-0.txt;8;5,3,0,7,1,2,6,4;0;20047
NearestNeighborhood;16;data/FIS8-0.txt;8;5,3,0,7,1,2,6,4;0;20047
NearestNeighborhood;17;data/FIS8-0.txt;8;5,3,0,7,1,2,6,4;0;20047
NearestNeighborhood;18;data/FIS8-0.txt;8;5,3,0,7,1,2,6,4;0;20047
NearestNeighborhood;19;data/FIS8-0.txt;8;5,3,0,7,1,2,6,4;0;20047
NearestNeighborhood;20;data/FIS8-0.txt;8;5,3,0,7,1,2,6,4;0;20047
NearestNeighborhood;21;data/FIS8-0.txt;8;5,3,0,7,1,2,6,4;0;20047
NearestNeighborhood;22;data/FIS8-0.txt;8;5,3,0,7,1,2,6,4;0;20047
NearestNeighborhood;23;data/FIS8-0.txt;8;5,3,0,7,1,2,6,4;0;20047
NearestNeighborhood;24;data/FIS8-0.txt;8;5,3,0,7,1,2,6,4;0;20047
NearestNeighborhood;25;data/FIS8-0.txt;8;5,3,0,7,1,2,6,4;0;20047
NearestNeighborhood;26;data/FIS8-0.txt;8;5,3,0,7,1,2,6,4;0;20047
NearestNeighborhood;27;data/FIS8-0.txt;8;5,3,0,7,1,2,6,4;0;20047
NearestNeighborhood;28;data/FIS8-0.txt;8;5,3,0,7,1,2,6,4;0;20047
NearestNeighborhood;29;data/FIS8-0.txt;8;5,3,0,7,1,2,6,4;0;20047
NearestNeighborhood;30;data/FIS8-0.txt;8;5,3,0,7,1,2,6,4;0;20047
NearestNeighborhood;1;data/FIS8-1.txt;8;7,6,2,5,1,4,0,3;0;26583
NearestNeighborhood;2;data/FIS8-1.txt;8;7,6,2,5,1,4,0,3;0;26583
NearestNeighborhood;3;data/FIS8-1.txt;8;7,6,2,5,1,4,0,3;0;26583
NearestNeighborhood;4;data/FIS8-1.txt;8;7,6,2,5,1,4,0,3;0;26583
NearestNeighborhood;5;data/FIS8-1.txt;8;7,6,2,5,1,4,0,3;0;26583
NearestNeighborhood;6;data/FIS8-1.txt;8;7,6,2,5,1,4,0,3;0;26583
NearestNeighborhood;7;data/FIS8-1.txt;8;7,6,2,5,1,4,0,3;0;26583
NearestNeighborhood;8;data/FIS8-1.txt;8;7,6,2,5,1,4,0,3;0;26583
NearestNeighborhood;9;data/FIS8-1.txt;8;7,6,2,5,1,4,0,3;0;26583
NearestNeighborhood;10;data/FIS8-1.txt;8;7,6,2,5,1,4,0,3;0;26583
NearestNeighborhood;11;data/FIS8-1.txt;8;7,6,2,5,1,4,0,3;0;26583
NearestNeighborhood;12;data/FIS8-1.txt;8;7,6,2,5,1,4,0,3;0;26583
NearestNeighborhood;13;data/FIS8-1.txt;8;7,6,2,5,1,4,0,3;0;26583
NearestNeighborhood;14;data/FIS8-1.txt;8;7,6,2,5,1,4,0,3;0;26583
NearestNeighborhood;15;data/FIS8-1.txt;8;7,6,2,5,1,4,0,3;0;26583
NearestNeighborhood;16;data/FIS8-1.txt;8;7,6,2,5,1,4,0,3;0;26583
NearestNeighborhood;17;data/FIS8-1.txt;8;7,6,2,5,1,4,0,3;0;26583
NearestNeighborhood;18;data/FIS8-1.txt;8;7,6,2,5,1,4,0,3;0;26583
NearestNeighborhood;19;data/FIS8-1.txt;8;7,6,2,5,1,4,0,3;0;26583
NearestNeighborhood;20;data/FIS8-1.txt;8;7,6,2,5,1,4,0,3;0;26583
NearestNeighborhood;21;data/FIS8-1.txt;8;7,6,2,5,1,4,0,3;0;26583
NearestNeighborhood;22;data/FIS8-1.txt;8;7,6,2,5,1,4,0,3;0;26583
NearestNeighborhood;23;data/FIS8-1.txt;8;7,6,2,5,1,4,0,3;0;26583
NearestNeighborhood;24;data/FIS8-1.txt;8;7,6,2,5,1,4,0,3;0;26583
NearestNeighborhood;25;data/FIS8-1.txt;8;7,6,2,5,1,4,0,3;0;26583
NearestNeighborhood;26;data/FIS8-1.txt;8;7,6,2,5,1,4,0,3;0;26583
NearestNeighborhood;27;data/FIS8-1.txt;8;7,6,2,5,1,4,0,3;0;26583
NearestNeighborhood;28;data/FIS8-1.txt;8;7,6,2,5,1,4,0,3;0;26583
NearestNeighborhood;29;data/FIS8-1.txt;8;7,6,2,5,1,4,0,3;0;26583
NearestNeighborhood;30;data/FIS8-1.txt;8;7,6,2,5,1,4,0,3;0;26583
NearestNeighborhood;1;data/FIS8-2.txt;8;7,5,6,1,3,0,4,2;0;12652
NearestNeighborhood;2;data/FIS8-2.txt;8;7,5,6,1,3,0,4,2;0;12652
NearestNeighborhood;3;data/FIS8-2.txt;8;7,5,6,1,3,0,4,2;0;12652
NearestNeighborhood;4;data/FIS8-2.txt;8;7,5,6,1,3,0,4,2;0;12652
NearestNeighborhood;5;data/FIS8-2.txt;8;7,5,6,1,3,0,4,2;0;12652
NearestNeighborhood;6;data/FIS8-2.txt;8;7,5,6,1,3,0,4,2;0;12652
NearestNeighborhood;7;data/FIS8-2.txt;8;7,5,6,1,3,0,4,2;0;12652
NearestNeighborhood;8;data/FIS8-2.txt;8;7,5,6,1,3,0,4,2;0;12652
NearestNeighborhood;9;data/FIS8-2.txt;8;7,5,6,1,3,0,4,2;0;12652
NearestNeighborhood;10;data/FIS8-2.txt;8;7,5,6,1,3,0,4,2;0;12652
NearestNeighborhood;11;data/FIS8-2.txt;8;7,5,6,1,3,0,4,2;0;12652
NearestNeighborhood;12;data/FIS8-2.txt;8;7,5,6,1,3,0,4,2;0;12652
NearestNeighborhood;13;data/FIS8-2.txt;8;7,5,6,1,3,0,4,2;0;12652
NearestNeighborhood;14;data/FIS8-2.txt;8;7,5,6,1,3,0,4,2;0;12652
NearestNeighborhood;15;data/FIS8-2.txt;8;7,5,6,1,3,0,4,2;0;12652
NearestNeighborhood;16;data/FIS8-2.txt;8;7,5,6,1,3,0,4,2;0;12652
NearestNeighborhood;17;data/FIS8-2.txt;8;7,5,6,1,3,0,4,2;0;12652
NearestNeighborhood;18;data/FIS8-2.txt;8;7,5,6,1,3,0,4,2;0;12652
NearestNeighborhood;19;data/FIS8-2.txt;8;7,5,6,1,3,0,4,2;0;12652
NearestNeighborhood;20;data/FIS8-2.txt;8;7,5,6,1,3,0,4,2;0;12652
NearestNeighborhood;21;data/FIS8-2.txt;8;7,5,6,1,3,0,4,2;0;12652
NearestNeighborhood;22;data/FIS8-2.txt;8;7,5,6,1,3,0,4,2;0;12652
NearestNeighborhood;23;data/FIS8-2.txt;8;7,5,6,1,3,0,4,2;0;12652
NearestNeighborhood;24;data/FIS8-2.txt;8;7,5,6,1,3,0,4,2;0;12652
NearestNeighborhood;25;data/FIS8-2.txt;8;7,5,6,1,3,0,4,2;0;12652
NearestNeighborhood;26;data/FIS8-2.txt;8;7,5,6,1,3,0,4,2;0;12652
NearestNeighborhood;27;data/FIS8-2.txt;8;7,5,6,1,3,0,4,2;0;12652
NearestNeighborhood;28;data/FIS8-2.txt;8;7,5,6,1,3,0,4,2;0;12652
NearestNeighborhood;29;data/FIS8-2.txt;8;7,5,6,1,3,0,4,2;0;12652
NearestNeighborhood;30;data/FIS8-2.txt;8;7,5,6,1,3,0,4,2;0;12652
NearestNeighborhood;1;data/FIS8-3.txt;8;4,3,0,6,2,7,1,5;0;31777
NearestNeighborhood;2;data/FIS8-3.txt;8;4,3,0,6,2,7,1,5;0;31777
NearestNeighborhood;3;data/FIS8-3.txt;8;4,3,0,6,2,7,1,5;0;31777
NearestNeighborhood;4;data/FIS8-3.txt;8;4,3,0,6,2,7,1,5;0;31777
NearestNeighborhood;5;data/FIS8-3.txt;8;4,3,0,6,2,7,1,5;0;31777
NearestNeighborhood;6;data/FIS8-3.txt;8;4,3,0,6,2,7,1,5;0;31777
NearestNeighborhood;7;data/FIS8-3.txt;8;4,3,0,6,2,7,1,5;0;31777
NearestNeighborhood;8;data/FIS8-3.txt;8;4,3,0,6,2,7,1,5;0;31777
NearestNeighborhood;9;data/FIS8-3.txt;8;4,3,0,6,2,7,1,5;0;31777
NearestNeighborhood;10;data/FIS8-3.txt;8;4,3,0,6,2,7,1,5;0;31777
NearestNeighborhood;11;data/FIS8-3.txt;8;4,3,0,6,2,7,1,5;0;31777
NearestNeighborhood;12;data/FIS8-3.txt;8;4,3,0,6,2,7,1,5;0;31777
NearestNeighborhood;13;data/FIS8-3.txt;8;4,3,0,6,2,7,1,5;0;31777
NearestNeighborhood;14;data/FIS8-3.txt;8;4,3,0,6,2,7,1,5;0;31777
NearestNeighborhood;15;data/FIS8-3.txt;8;4,3,0,6,2,7,1,5;0;31777
NearestNeighborhood;16;data/FIS8-3.txt;8;4,3,0,6,2,7,1,5;0;31777
NearestNeighborhood;17;data/FIS8-3.txt;8;4,3,0,6,2,7,1,5;0;31777
NearestNeighborhood;18;data/FIS8-3.txt;8;4,3,0,6,2,7,1,5;0;31777
NearestNeighborhood;19;data/FIS8-3.txt;8;4,3,0,6,2,7,1,5;0;31777
NearestNeighborhood;20;data/FIS8-3.txt;8;4,3,0,6,2,7,1,5;0;31777
NearestNeighborhood;21;data/FIS8-3.txt;8;4,3,0,6,2,7,1,5;0;31777
NearestNeighborhood;22;data/FIS8-3.txt;8;4,3,0,6,2,7,1,5;0;31777
NearestNeighborhood;23;data/FIS8-3.txt;8;4,3,0,6,2,7,1,5;0;31777
NearestNeighborhood;24;data/FIS8-3.txt;8;4,3,0,6,2,7,1,5;0;31777
NearestNeighborhood;25;data/FIS8-3.txt;8;4,3,0,6,2,7,1,5;0;31777
NearestNeighborhood;26;data/FIS8-3.txt;8;4,3,0,6,2,7,1,5;0;31777
NearestNeighborhood;27;data/FIS8-3.txt;8;4,3,0,6,2,7,1,5;0;31777
NearestNeighborhood;28;data/FIS8-3.txt;8;4,3,0,6,2,7,1,5;0;31777
NearestNeighborhood;29;data/FIS8-3.txt;8;4,3,0,6,2,7,1,5;0;31777
NearestNeighborhood;30;data/FIS8-3.txt;8;4,3,0,6,2,7,1,5;0;31777
NearestNeighborhood;1;data/FIS8-4.txt;8;0,2,4,6,5,1,3,7;0;20972
NearestNeighborhood;2;data/FIS8-4.txt;8;0,2,4,6,5,1,3,7;0;20972
NearestNeighborhood;3;data/FIS8-4.txt;8;0,2,4,6,5,1,3,7;0;20972
NearestNeighborhood;4;data/FIS8-4.txt;8;0,2,4,6,5,1,3,7;0;20972
NearestNeighborhood;5;data/FIS8-4.txt;8;0,2,4,6,5,1,3,7;0;20972
NearestNeighborhood;6;data/FIS8-4.txt;8;0,2,4,6,5,1,3,7;0;20972
NearestNeighborhood;7;data/FIS8-4.txt;8;0,2,4,6,5,1,3,7;0;20972
NearestNeighborhood;8;data/FIS8-4.txt;8;0,2,4,6,5,1,3,7;0;20972
NearestNeighborhood;9;data/FIS8-4.txt;8;0,2,4,6,5,1,3,7;0;20972
NearestNeighborhood;10;data/FIS8-4.txt;8;0,2,4,6,5,1,3,7;0;20972
NearestNeighborhood;11;data/FIS8-4.txt;8;0,2,4,6,5,1,3,7;0;20972
NearestNeighborhood;12;data/FIS8-4.txt;8;0,2,4,6,5,1,3,7;0;20972
NearestNeighborhood;13;data/FIS8-4.txt;8;0,2,4,6,5,1,3,7;0;20972
NearestNeighborhood;14;data/FIS8-4.txt;8;0,2,4,6,5,1,3,7;0;20972
NearestNeighborhood;15;data/FIS8-4.txt;8;0,2,4,6,5,1,3,7;0;20972
NearestNeighborhood;16;data/FIS8-4.txt;8;0,2,4,6,5,1,3,7;0;20972
NearestNeighborhood;17;data/FIS8-4.txt;8;0,2,4,6,5,1,3,7;0;20972
NearestNeighborhood;18;data/FIS8-4.txt;8;0,2,4,6,5,1,3,7;0;20972
NearestNeighborhood;19;data/FIS8-4.txt;8;0,2,4,6,5,1,3,7;0;20972
NearestNeighborhood;20;data/FIS8-4.txt;8;0,2,4,6,5,1,3,7;0;20972
NearestNeighborhood;21;data/FIS8-4.txt;8;0,2,4,6,5,1,3,7;0;20972
NearestNeighborhood;22;data/FIS8-4.txt;8;0,2,4,6,5,1,3,7;0;20972
NearestNeighborhood;23;data/FIS8-4.txt;8;0,2,4,6,5,1,3,7;0;20972
NearestNeighborhood;24;data/FIS8-4.txt;8;0,2,4,6,5,1,3,7;0;20972
NearestNeighborhood;25;data/FIS8-4.txt;8;0,2,4,6,5,1,3,7;0;20972
NearestNeighborhood;26;data/FIS8-4.txt;8;0,2,4,6,5,1,3,7;0;20972
NearestNeighborhood;27;data/FIS8-4.txt;8;0,2,4,6,5,1,3,7;0;20972
NearestNeighborhood;28;data/FIS8-4.txt;8;0,2,4,6,5,1,3,7;0;20972
NearestNeighborhood;29;data/FIS8-4.txt;8;0,2,4,6,5,1,3,7;0;20972
NearestNeighborhood;30;data/FIS8-4.txt;8;0,2,4,6,5,1,3,7;0;20972
NearestNeighborhood;1;data/FIS9-0.txt;9;0,4,5,6,1,3,2,7,8;0;19211
NearestNeighborhood;2;data/FIS9-0.txt;9;0,4,5,6,1,3,2,7,8;0;19211
NearestNeighborhood;3;data/FIS9-0.txt;9;0,4,5,6,1,3,2,7,8;0;19211
NearestNeighborhood;4;data/FIS9-0.txt;9;0,4,5,6,1,3,2,7,8;0;19211
NearestNeighborhood;5;data/FIS9-0.txt;9;0,4,5,6,1,3,2,7,8;0;19211
NearestNeighborhood;6;data/FIS9-0.txt;9;0,4,5,6,1,3,2,7,8;0;19211
NearestNeighborhood;7;data/FIS9-0.txt;9;0,4,5,6,1,3,2,7,8;0;19211
NearestNeighborhood;8;data/FIS9-0.txt;9;0,4,5,6,1,3,2,7,8;0;19211
NearestNeighborhood;9;data/FIS9-0.txt;9;0,4,5,6,1,3,2,7,8;0;19211
NearestNeighborhood;10;data/FIS9-0.txt;9;0,4,5,6,1,3,2,7,8;0;19211
NearestNeighborhood;11;data/FIS9-0.txt;9;0,4,5,6,1,3,2,7,8;0;19211
NearestNeighborhood;12;data/FIS9-0.txt;9;0,4,5,6,1,3,2,7,8;0;19211
NearestNeighborhood;13;data/FIS9-0.txt;9;0,4,5,6,1,3,2,7,8;0;19211
NearestNeighborhood;14;data/FIS9-0.txt;9;0,4,5,6,1,3,2,7,8;0;19211
NearestNeighborhood;15;data/FIS9-0.txt;9;0,4,5,6,1,3,2,7,8;0;19211
NearestNeighborhood;16;data/FIS9-0.txt;9;0,4,5,6,1,3,2,7,8;0;19211
NearestNeighborhood;17;data/FIS9-0.txt;9;0,4,5,6,1,3,2,7,8;0;19211
NearestNeighborhood;18;data/FIS9-0.txt;9;0,4,5,6,1,3,2,7,8;0;19211
NearestNeighborhood;19;data/FIS9-0.txt;9;0,4,5,6,1,3,2,7,8;0;19211
NearestNeighborhood;20;data/FIS9-0.txt;9;0,4,5,6,1,3,2,7,8;0;19211
NearestNeighborhood;21;data/FIS9-0.txt;9;0,4,5,6,1,3,2,7,8;0;19211
NearestNeighborhood;22;data/FIS9-0.txt;9;0,4,5,6,1,3,2,7,8;0;19211
NearestNeighborhood;23;data/FIS9-0.txt;9;0,4,5,6,1,3,2,7,8;0;19211
NearestNeighborhood;24;data/FIS9-0.txt;9;0,4,5,6,1,3,2,7,8;0;19211
NearestNeighborhood;25;data/FIS9-0.txt;9;0,4,5,6,1,3,2,7,8;0;19211
NearestNeighborhood;26;data/FIS9-0.txt;9;0,4,5,6,1,3,2,7,8;0;19211
NearestNeighborhood;27;data/FIS9-0.txt;9;0,4,5,6,1,3,2,7,8;0;19211
NearestNeighborhood;28;data/FIS9-0.txt;9;0,4,5,6,1,3,2,7,8;0;19211
NearestNeighborhood;29;data/FIS9-0.txt;9;0,4,5,6,1,3,2,7,8;0;19211
NearestNeighborhood;30;data/FIS9-0.txt;9;0,4,5,6,1,3,2,7,8;0;19211
NearestNeighborhood;1;data/FIS9-1.txt;9;6,0,1,3,2,7,5,8,4;0;26092
NearestNeighborhood;2;data/FIS9-1.txt;9;6,0,1,3,2,7,5,8,4;0;26092
NearestNeighborhood;3;data/FIS9-1.txt;9;6,0,1,3,2,7,5,8,4;0;26092
NearestNeighborhood;4;data/FIS9-1.txt;9;6,0,1,3,2,7,5,8,4;0;26092
NearestNeighborhood;5;data/FIS9-1.txt;9;6,0,1,3,2,7,5,8,4;0;26092
NearestNeighborhood;6;data/FIS9-1.txt;9;6,0,1,3,2,7,5,8,4;0;26092
NearestNeighborhood;7;data/FIS9-1.txt;9;6,0,1,3,2,7,5,8,4;0;26092
NearestNeighborhood;8;data/FIS9-1.txt;9;6,0,1,3,2,7,5,8,4;0;26092
NearestNeighborhood;9;data/FIS9-1.txt;9;6,0,1,3,2,7,5,8,4;0;26092
NearestNeighborhood;10;data/FIS9-1.txt;9;6,0,1,3,2,7,5,8,4;0;26092
NearestNeighborhood;11;data/FIS9-1.txt;9;6,0,1,3,2,7,5,8,4;0;26092
NearestNeighborhood;12;data/FIS9-1.txt;9;6,0,1,3,2,7,5,8,4;0;26092
NearestNeighborhood;13;data/FIS9-1.txt;9;6,0,1,3,2,7,5,8,4;0;26092
NearestNeighborhood;14;data/FIS9-1.txt;9;6,0,1,3,2,7,5,8,4;0;26092
NearestNeighborhood;15;data/FIS9-1.txt;9;6,0,1,3,2,7,5,8,4;0;26092
NearestNeighborhood;16;data/FIS9-1.txt;9;6,0,1,3,2,7,5,8,4;0;26092
NearestNeighborhood;17;data/FIS9-1.txt;9;6,0,1,3,2,7,5,8,4;0;26092
NearestNeighborhood;18;data/FIS9-1.txt;9;6,0,1,3,2,7,5,8,4;0;26092
NearestNeighborhood;19;data/FIS9-1.txt;9;6,0,1,3,2,7,5,8,4;0;26092
NearestNeighborhood;20;data/FIS9-1.txt;9;6,0,1,3,2,7,5,8,4;0;26092
NearestNeighborhood;21;data/FIS9-1.txt;9;6,0,1,3,2,7,5,8,4;0;26092
NearestNeighborhood;22;data/FIS9-1.txt;9;6,0,1,3,2,7,5,8,4;0;26092
NearestNeighborhood;23;data/FIS9-1.txt;9;6,0,1,3,2,7,5,8,4;0;26092
NearestNeighborhood;24;data/FIS9-1.txt;9;6,0,1,3,2,7,5,8,4;0;26092
NearestNeighborhood;25;data/FIS9-1.txt;9;6,0,1,3,2,7,5,8,4;0;26092
NearestNeighborhood;26;data/FIS9-1.txt;9;6,0,1,3,2,7,5,8,4;0;26092
NearestNeighborhood;27;data/FIS9-1.txt;9;6,0,1,3,2,7,5,8,4;0;26092
NearestNeighborhood;28;data/FIS9-1.txt;9;6,0,1,3,2,7,5,8,4;0;26092
NearestNeighborhood;29;data/FIS9-1.txt;9;6,0,1,3,2,7,5,8,4;0;26092
NearestNeighborhood;30;data/FIS9-1.txt;9;6,0,1,3,2,7,5,8,4;0;26092
NearestNeighborhood;1;data/FIS9-2.txt;9;8,3,2,1,0,7,5,4,6;0;30088
NearestNeighborhood;2;data/FIS9-2.txt;9;8,3,2,1,0,7,5,4,6;0;30088
NearestNeighborhood;3;data/FIS9-2.txt;9;8,3,2,1,0,7,5,4,6;0;30088
NearestNeighborhood;4;data/FIS9-2.txt;9;8,3,2,1,0,7,5,4,6;0;30088
NearestNeighborhood;5;data/FIS9-2.txt;9;8,3,2,1,0,7,5,4,6;0;30088
NearestNeighborhood;6;data/FIS9-2.txt;9;8,3,2,1,0,7,5,4,6;0;30088
NearestNeighborhood;7;data/FIS9-2.txt;9;8,3,2,1,0,7,5,4,6;0;30088
NearestNeighborhood;8;data/FIS9-2.txt;9;8,3,2,1,0,7,5,4,6;0;30088
NearestNeighborhood;9;data/FIS9-2.txt;9;8,3,2,1,0,7,5,4,6;0;30088
NearestNeighborhood;10;data/FIS9-2.txt;9;8,3,2,1,0,7,5,4,6;0;30088
NearestNeighborhood;11;data/FIS9-2.txt;9;8,3,2,1,0,7,5,4,6;0;30088
NearestNeighborhood;12;data/FIS9-2.txt;9;8,3,2,1,0,7,5,4,6;0;30088
NearestNeighborhood;13;data/FIS9-2.txt;9;8,3,2,1,0,7,5,4,6;0;30088
NearestNeighborhood;14;data/FIS9-2.txt;9;8,3,2,1,0,7,5,4,6;0;30088
NearestNeighborhood;15;data/FIS9-2.txt;9;8,3,2,1,0,7,5,4,6;0;30088
NearestNeighborhood;16;data/FIS9-2.txt;9;8,3,2,1,0,7,5,4,6;0;30088
NearestNeighborhood;17;data/FIS9-2.txt;9;8,3,2,1,0,7,5,4,6;0;30088
NearestNeighborhood;18;data/FIS9-2.txt;9;8,3,2,1,0,7,5,4,6;0;30088
NearestNeighborhood;19;data/FIS9-2.txt;9;8,3,2,1,0,7,5,4,6;0;30088
NearestNeighborhood;20;data/FIS9-2.txt;9;8,3,2,1,0,7,5,4,6;0;30088
NearestNeighborhood;21;data/FIS9-2.txt;9;8,3,2,1,0,7,5,4,6;0;30088
NearestNeighborhood;22;data/FIS9-2.txt;9;8,3,2,1,0,7,5,4,6;0;30088
NearestNeighborhood;23;data/FIS9-2.txt;9;8,3,2,1,0,7,5,4,6;0;30088
NearestNeighborhood;24;data/FIS9-2.txt;9;8,3,2,1,0,7,5,4,6;0;30088
NearestNeighborhood;25;data/FIS9-2.txt;9;8,3,2,1,0,7,5,4,6;0;30088
NearestNeighborhood;26;data/FIS9-2.txt;9;8,3,2,1,0,7,5,4,6;0;30088
NearestNeighborhood;27;data/FIS9-2.txt;9;8,3,2,1,0,7,5,4,6;0;30088
NearestNeighborhood;28;data/FIS9-2.txt;9;8,3,2,1,0,7,5,4,6;0;30088
NearestNeighborhood;29;data/FIS9-2.txt;9;8,3,2,1,0,7,5,4,6;0;30088
NearestNeighborhood;30;data/FIS9-2.txt;9;8,3,2,1,0,7,5,4,6;0;30088
NearestNeighborhood;1;data/FIS9-3.txt;9;8,7,0,1,3,5,6,4,2;0;25015
NearestNeighborhood;2;data/FIS9-3.txt;9;8,7,0,1,3,5,6,4,2;0;25015
NearestNeighborhood;3;data/FIS9-3.txt;9;8,7,0,1,3,5,6,4,2;0;25015
NearestNeighborhood;4;data/FIS9-3.txt;9;8,7,0,1,3,5,6,4,2;0;25015
NearestNeighborhood;5;data/FIS9-3.txt;9;8,7,0,1,3,5,6,4,2;0;25015
NearestNeighborhood;6;data/FIS9-3.txt;9;8,7,0,1,3,5,6,4,2;0;25015
NearestNeighborhood;7;data/FIS9-3.txt;9;8,7,0,1,3,5,6,4,2;0;25015
NearestNeighborhood;8;data/FIS9-3.txt;9;8,7,0,1,3,5,6,4,2;0;25015
NearestNeighborhood;9;data/FIS9-3.txt;9;8,7,0,1,3,5,6,4,2;0;25015
NearestNeighborhood;10;data/FIS9-3.txt;9;8,7,0,1,3,5,6,4,2;0;25015
NearestNeighborhood;11;data/FIS9-3.txt;9;8,7,0,1,3,5,6,4,2;0;25015
NearestNeighborhood;12;data/FIS9-3.txt;9;8,7,0,1,3,5,6,4,2;0;25015
NearestNeighborhood;13;data/FIS9-3.txt;9;8,7,0,1,3,5,6,4,2;0;25015
NearestNeighborhood;14;data/FIS9-3.txt;9;8,7,0,1,3,5,6,4,2;0;25015
NearestNeighborhood;15;data/FIS9-3.txt;9;8,7,0,1,3,5,6,4,2;0;25015
NearestNeighborhood;16;data/FIS9-3.txt;9;8,7,0,1,3,5,6,4,2;0;25015
NearestNeighborhood;17;data/FIS9-3.txt;9;8,7,0,1,3,5,6,4,2;0;25015
NearestNeighborhood;18;data/FIS9-3.txt;9;8,7,0,1,3,5,6,4,2;0;25015
NearestNeighborhood;19;data/FIS9-3.txt;9;8,7,0,1,3,5,6,4,2;0;25015
NearestNeighborhood;20;data/FIS9-3.txt;9;8,7,0,1,3,5,6,4,2;0;25015
NearestNeighborhood;21;data/FIS9-3.txt;9;8,7,0,1,3,5,6,4,2;0;25015
NearestNeighborhood;22;data/FIS9-3.txt;9;8,7,0,1,3,5,6,4,2;0;25015
NearestNeighborhood;23;data/FIS9-3.txt;9;8,7,0,1,3,5,6,4,2;0;25015
NearestNeighborhood;24;data/FIS9-3.txt;9;8,7,0,1,3,5,6,4,2;0;25015
NearestNeighborhood;25;data/FIS9-3.txt;9;8,7,0,1,3,5,6,4,2;0;25015
NearestNeighborhood;26;data/FIS9-3.txt;9;8,7,0,1,3,5,6,4,2;0;25015
NearestNeighborhood;27;data/FIS9-3.txt;9;8,7,0,1,3,5,6,4,2;0;25015
NearestNeighborhood;28;data/FIS9-3.txt;9;8,7,0,1,3,5,6,4,2;0;25015
NearestNeighborhood;29;data/FIS9-3.txt;9;8,7,0,1,3,5,6,4,2;0;25015
NearestNeighborhood;30;data/FIS9-3.txt;9;8,7,0,1,3,5,6,4,2;0;25015
NearestNeighborhood;1;data/FIS9-4.txt;9;3,8,6,7,2,5,0,4,1;0;20505
NearestNeighborhood;2;data/FIS9-4.txt;9;3,8,6,7,2,5,0,4,1;0;20505
NearestNeighborhood;3;data/FIS9-4.txt;9;3,8,6,7,2,5,0,4,1;0;20505
NearestNeighborhood;4;data/FIS9-4.txt;9;3,8,6,7,2,5,0,4,1;0;20505
NearestNeighborhood;5;data/FIS9-4.txt;9;3,8,6,7,2,5,0,4,1;0;20505
NearestNeighborhood;6;data/FIS9-4.txt;9;3,8,6,7,2,5,0,4,1;0;20505
NearestNeighborhood;7;data/FIS9-4.txt;9;3,8,6,7,2,5,0,4,1;0;20505
NearestNeighborhood;8;data/FIS9-4.txt;9;3,8,6,7,2,5,0,4,1;0;20505
NearestNeighborhood;9;data/FIS9-4.txt;9;3,8,6,7,2,5,0,4,1;0;20505
NearestNeighborhood;10;data/FIS9-4.txt;9;3,8,6,7,2,5,0,4,1;0;20505
NearestNeighborhood;11;data/FIS9-4.txt;9;3,8,6,7,2,5,0,4,1;0;20505
NearestNeighborhood;12;data/FIS9-4.txt;9;3,8,6,7,2,5,0,4,1;0;20505
NearestNeighborhood;13;data/FIS9-4.txt;9;3,8,6,7,2,5,0,4,1;0;20505
NearestNeighborhood;14;data/FIS9-4.txt;9;3,8,6,7,2,5,0,4,1;0;20505
NearestNeighborhood;15;data/FIS9-4.txt;9;3,8,6,7,2,5,0,4,1;0;20505
NearestNeighborhood;16;data/FIS9-4.txt;9;3,8,6,7,2,5,0,4,1;0;20505
NearestNeighborhood;17;data/FIS9-4.txt;9;3,8,6,7,2,5,0,4,1;0;20505
NearestNeighborhood;18;data/FIS9-4.txt;9;3,8,6,7,2,5,0,4,1;0;20505
NearestNeighborhood;19;data/FIS9-4.txt;9;3,8,6,7,2,5,0,4,1;0;20505
NearestNeighborhood;20;data/FIS9-4.txt;9;3,8,6,7,2,5,0,4,1;0;20505
NearestNeighborhood;21;data/FIS9-4.txt;9;3,8,6,7,2,5,0,4,1;0;20505
NearestNeighborhood;22;data/FIS9-4.txt;9;3,8,6,7,2,5,0,4,1;0;20505
NearestNeighborhood;23;data/FIS9-4.txt;9;3,8,6,7,2,5,0,4,1;0;20505
NearestNeighborhood;24;data/FIS9-4.txt;9;3,8,6,7,2,5,0,4,1;0;20505
NearestNeighborhood;25;data/FIS9-4.txt;9;3,8,6,7,2,5,0,4,1;0;20505
NearestNeighborhood;26;data/FIS9-4.txt;9;3,8,6,7,2,5,0,4,1;0;20505
NearestNeighborhood;27;data/FIS9-4.txt;9;3,8,6,7,2,5,0,4,1;0;20505
NearestNeighborhood;28;data/FIS9-4.txt;9;3,8,6,7,2,5,0,4,1;0;20505
NearestNeighborhood;29;data/FIS9-4.txt;9;3,8,6,7,2,5,0,4,1;0;20505
NearestNeighborhood;30;data/FIS9-4.txt;9;3,8,6,7,2,5,0,4,1;0;20505
NearestNeighborhood;1;data/FIS10-0.txt;10;2,4,5,7,6,8,3,0,1,9;0;22741
NearestNeighborhood;2;data/FIS10-0.txt;10;2,4,5,7,6,8,3,0,1,9;0;22741
NearestNeighborhood;3;data/FIS10-0.txt;10;2,4,5,7,6,8,3,0,1,9;0;22741
NearestNeighborhood;4;data/FIS10-0.txt;10;2,4,5,7,6,8,3,0,1,9;0;22741
NearestNeighborhood;5;data/FIS10-0.txt;10;2,4,5,7,6,8,3,0,1,9;0;22741
NearestNeighborhood;6;data/FIS10-0.txt;10;2,4,5,7,6,8,3,0,1,9;0;22741
NearestNeighborhood;7;data/FIS10-0.txt;10;2,4,5,7,6,8,3,0,1,9;0;22741
NearestNeighborhood;8;data/FIS10-0.txt;10;2,4,5,7,6,8,3,0,1,9;0;22741
NearestNeighborhood;9;data/FIS10-0.txt;10;2,4,5,7,6,8,3,0,1,9;0;22741
NearestNeighborhood;10;data/FIS10-0.txt;10;2,4,5,7,6,8,3,0,1,9;0;22741
NearestNeighborhood;11;data/FIS10-0.txt;10;2,4,5,7,6,8,3,0,1,9;0;22741
NearestNeighborhood;12;data/FIS10-0.txt;10;2,4,5,7,6,8,3,0,1,9;0;22741
NearestNeighborhood;13;data/FIS10-0.txt;10;2,4,5,7,6,8,3,0,1,9;0;22741
NearestNeighborhood;14;data/FIS10-0.txt;10;2,4,5,7,6,8,3,0,1,9;0;22741
NearestNeighborhood;15;data/FIS10-0.txt;10;2,4,5,7,6,8,3,0,1,9;0;22741
NearestNeighborhood;16;data/FIS10-0.txt;10;2,4,5,7,6,8,3,0,1,9;0;22741
NearestNeighborhood;17;data/FIS10-0.txt;10;2,4,5,7,6,8,3,0,1,9;0;22741
NearestNeighborhood;18;data/FIS10-0.txt;10;2,4,5,7,6,8,3,0,1,9;0;22741
NearestNeighborhood;19;data/FIS10-0.txt;10;2,4,5,7,6,8,3,0,1,9;0;22741
NearestNeighborhood;20;data/FIS10-0.txt;10;2,4,5,7,6,8,3,0,1,9;0;22741
NearestNeighborhood;21;data/FIS10-0.txt;10;2,4,5,7,6,8,3,0,1,9;0;22741
NearestNeighborhood;22;data/FIS10-0.txt;10;2,4,5,7,6,8,3,0,1,9;0;22741
NearestNeighborhood;23;data/FIS10-0.txt;10;2,4,5,7,6,8,3,0,1,9;0;22741
NearestNeighborhood;24;data/FIS10-0.txt;10;2,4,5,7,6,8,3,0,1,9;0;22741
NearestNeighborhood;25;data/FIS10-0.txt;10;2,4,5,7,6,8,3,0,1,9;0;22741
NearestNeighborhood;26;data/FIS10-0.txt;10;2,4,5,7,6,8,3,0,1,9;0;22741
NearestNeighborhood;27;data/FIS10-0.txt;10;2,4,5,7,6,8,3,0,1,9;0;22741
NearestNeighborhood;28;data/FIS10-0.txt;10;2,4,5,7,6,8,3,0,1,9;0;22741
NearestNeighborhood;29;data/FIS10-0.txt;10;2,4,5,7,6,8,3,0,1,9;0;22741
NearestNeighborhood;30;data/FIS10-0.txt;10;2,4,5,7,6,8,3,0,1,9;0;22741
NearestNeighborhood;1;data/FIS10-1.txt;10;3,0,2,5,4,9,6,8,1,7;0;32502
NearestNeighborhood;2;data/FIS10-1.txt;10;3,0,2,5,4,9,6,8,1,7;0;32502
NearestNeighborhood;3;data/FIS10-1.txt;10;3,0,2,5,4,9,6,8,1,7;0;32502
NearestNeighborhood;4;data/FIS10-1.txt;10;3,0,2,5,4,9,6,8,1,7;0;32502
NearestNeighborhood;5;data/FIS10-1.txt;10;3,0,2,5,4,9,6,8,1,7;0;32502
NearestNeighborhood;6;data/FIS10-1.txt;10;3,0,2,5,4,9,6,8,1,7;0;32502
NearestNeighborhood;7;data/FIS10-1.txt;10;3,0,2,5,4,9,6,8,1,7;0;32502
NearestNeighborhood;8;data/FIS10-1.txt;10;3,0,2,5,4,9,6,8,1,7;0;32502
NearestNeighborhood;9;data/FIS10-1.txt;10;3,0,2,5,4,9,6,8,1,7;0;32502
NearestNeighborhood;10;data/FIS10-1.txt;10;3,0,2,5,4,9,6,8,1,7;0;32502
NearestNeighborhood;11;data/FIS10-1.txt;10;3,0,2,5,4,9,6,8,1,7;0;32502
NearestNeighborhood;12;data/FIS10-1.txt;10;3,0,2,5,4,9,6,8,1,7;0;32502
NearestNeighborhood;13;data/FIS10-1.txt;10;3,0,2,5,4,9,6,8,1,7;0;32502
NearestNeighborhood;14;data/FIS10-1.txt;10;3,0,2,5,4,9,6,8,1,7;0;32502
NearestNeighborhood;15;data/FIS10-1.txt;10;3,0,2,5,4,9,6,8,1,7;0;32502
NearestNeighborhood;16;data/FIS10-1.txt;10;3,0,2,5,4,9,6,8,1,7;0;32502
NearestNeighborhood;17;data/FIS10-1.txt;10;3,0,2,5,4,9,6,8,1,7;0;32502
NearestNeighborhood;18;data/FIS10-1.txt;10;3,0,2,5,4,9,6,8,1,7;0;32502
NearestNeighborhood;19;data/FIS10-1.txt;10;3,0,2,5,4,9,6,8,1,7;0;32502
NearestNeighborhood;20;data/FIS10-1.txt;10;3,0,2,5,4,9,6,8,1,7;0;32502
NearestNeighborhood;21;data/FIS10-1.txt;10;3,0,2,5,4,9,6,8,1,7;0;32502
NearestNeighborhood;22;data/FIS10-1.txt;10;3,0,2,5,4,9,6,8,1,7;0;32502
NearestNeighborhood;23;data/FIS10-1.txt;10;3,0,2,5,4,9,6,8,1,7;0;32502
NearestNeighborhood;24;data/FIS10-1.txt;10;3,0,2,5,4,9,6,8,1,7;0;32502
NearestNeighborhood;25;data/FIS10-1.txt;10;3,0,2,5,4,9,6,8,1,7;0;32502
NearestNeighborhood;26;data/FIS10-1.txt;10;3,0,2,5,4,9,6,8,1,7;0;32502
NearestNeighborhood;27;data/FIS10-1.txt;10;3,0,2,5,4,9,6,8,1,7;0;32502
NearestNeighborhood;28;data/FIS10-1.txt;10;3,0,2,5,4,9,6,8,1,7;0;32502
NearestNeighborhood;29;data/FIS10-1.txt;10;3,0,2,5,4,9,6,8,1,7;0;32502
NearestNeighborhood;30;data/FIS10-1.txt;10;3,0,2,5,4,9,6,8,1,7;0;32502
NearestNeighborhood;1;data/FIS10-2.txt;10;0,1,5,7,9,8,4,3,2,6;0;26722
NearestNeighborhood;2;data/FIS10-2.txt;10;0,1,5,7,9,8,4,3,2,6;0;26722
NearestNeighborhood;3;data/FIS10-2.txt;10;0,1,5,7,9,8,4,3,2,6;0;26722
NearestNeighborhood;4;data/FIS10-2.txt;10;0,1,5,7,9,8,4,3,2,6;0;26722
NearestNeighborhood;5;data/FIS10-2.txt;10;0,1,5,7,9,8,4,3,2,6;0;26722
NearestNeighborhood;6;data/FIS10-2.txt;10;0,1,5,7,9,8,4,3,2,6;0;26722
NearestNeighborhood;7;data/FIS10-2.txt;10;0,1,5,7,9,8,4,3,2,6;0;26722
NearestNeighborhood;8;data/FIS10-2.txt;10;0,1,5,7,9,8,4,3,2,6;0;26722
NearestNeighborhood;9;data/FIS10-2.txt;10;0,1,5,7,9,8,4,3,2,6;0;26722
NearestNeighborhood;10;data/FIS10-2.txt;10;0,1,5,7,9,8,4,3,2,6;0;26722
NearestNeighborhood;11;data/FIS10-2.txt;10;0,1,5,7,9,8,4,3,2,6;0;26722
NearestNeighborhood;12;data/FIS10-2.txt;10;0,1,5,7,9,8,4,3,2,6;0;26722
NearestNeighborhood;13;data/FIS10-2.txt;10;0,1,5,7,9,8,4,3,2,6;0;26722
NearestNeighborhood;14;data/FIS10-2.txt;10;0,1,5,7,9,8,4,3,2,6;0;26722
NearestNeighborhood;15;data/FIS10-2.txt;10;0,1,5,7,9,8,4,3,2,6;0;26722
NearestNeighborhood;16;data/FIS10-2.txt;10;0,1,5,7,9,8,4,3,2,6;0;26722
NearestNeighborhood;17;data/FIS10-2.txt;10;0,1,5,7,9,8,4,3,2,6;0;26722
NearestNeighborhood;18;data/FIS10-2.txt;10;0,1,5,7,9,8,4,3,2,6;0;26722
NearestNeighborhood;19;data/FIS10-2.txt;10;0,1,5,7,9,8,4,3,2,6;0;26722
NearestNeighborhood;20;data/FIS10-2.txt;10;0,1,5,7,9,8,4,3,2,6;0;26722
NearestNeighborhood;21;data/FIS10-2.txt;10;0,1,5,7,9,8,4,3,2,6;0;26722
NearestNeighborhood;22;data/FIS10-2.txt;10;0,1,5,7,9,8,4,3,2,6;0;26722
NearestNeighborhood;23;data/FIS10-2.txt;10;0,1,5,7,9,8,4,3,2,6;0;26722
NearestNeighborhood;24;data/FIS10-2.txt;10;0,1,5,7,9,8,4,3,2,6;0;26722
NearestNeighborhood;25;data/FIS10-2.txt;10;0,1,5,7,9,8,4,3,2,6;0;26722
NearestNeighborhood;26;data/FIS10-2.txt;10;0,1,5,7,9,8,4,3,2,6;0;26722
NearestNeighborhood;27;data/FIS10-2.txt;10;0,1,5,7,9,8,4,3,2,6;0;26722
NearestNeighborhood;28;data/FIS10-2.txt;10;0,1,5,7,9,8,4,3,2,6;0;26722
NearestNeighborhood;29;data/FIS10-2.txt;10;0,1,5,7,9,8,4,3,2,6;0;26722
NearestNeighborhood;30;data/FIS10-2.txt;10;0,1,5,7,9,8,4,3,2,6;0;26722
NearestNeighborhood;1;data/FIS10-3.txt;10;1,0,2,4,3,6,8,7,9,5;0;18313
NearestNeighborhood;2;data/FIS10-3.txt;10;1,0,2,4,3,6,8,7,9,5;0;18313
NearestNeighborhood;3;data/FIS10-3.txt;10;1,0,2,4,3,6,8,7,9,5;0;18313
NearestNeighborhood;4;data/FIS10-3.txt;10;1,0,2,4,3,6,8,7,9,5;0;18313
NearestNeighborhood;5;data/FIS10-3.txt;10;1,0,2,4,3,6,8,7,9,5;0;18313
NearestNeighborhood;6;data/FIS10-3.txt;10;1,0,2,4,3,6,8,7,9,5;0;18313
NearestNeighborhood;7;data/FIS10-3.txt;10;1,0,2,4,3,6,8,7,9,5;0;18313
NearestNeighborhood;8;data/FIS10-3.txt;10;1,0,2,4,3,6,8,7,9,5;0;18313
NearestNeighborhood;9;data/FIS10-3.txt;10;1,0,2,4,3,6,8,7,9,5;0;18313
NearestNeighborhood;10;data/FIS10-3.txt;10;1,0,2,4,3,6,8,7,9,5;0;18313
NearestNeighborhood;11;data/FIS10-3.txt;10;1,0,2,4,3,6,8,7,9,5;0;18313
NearestNeighborhood;12;data/FIS10-3.txt;10;1,0,2,4,3,6,8,7,9,5;0;18313
NearestNeighborhood;13;data/FIS10-3.txt;10;1,0,2,4,3,6,8,7,9,5;0;18313
NearestNeighborhood;14;data/FIS10-3.txt;10;1,0,2,4,3,6,8,7,9,5;0;18313
NearestNeighborhood;15;data/FIS10-3.txt;10;1,0,2,4,3,6,8,7,9,5;0;18313
NearestNeighborhood;16;data/FIS10-3.txt;10;1,0,2,4,3,6,8,7,9,5;0;18313
NearestNeighborhood;17;data/FIS10-3.txt;10;1,0,2,4,3,6,8,7,9,5;0;18313
NearestNeighborhood;18;data/FIS10-3.txt;10;1,0,2,4,3,6,8,7,9,5;0;18313
NearestNeighborhood;19;data/FIS10-3.txt;10;1,0,2,4,3,6,8,7,9,5;0;18313
NearestNeighborhood;20;data/FIS10-3.txt;10;1,0,2,4,3,6,8,7,9,5;0;18313
NearestNeighborhood;21;data/FIS10-3.txt;10;1,0,2,4,3,6,8,7,9,5;0;18313
NearestNeighborhood;22;data/FIS10-3.txt;10;1,0,2,4,3,6,8,7,9,5;0;18313
NearestNeighborhood;23;data/FIS10-3.txt;10;1,0,2,4,3,6,8,7,9,5;0;18313
NearestNeighborhood;24;data/FIS10-3.txt;10;1,0,2,4,3,6,8,7,9,5;0;18313
NearestNeighborhood;25;data/FIS10-3.txt;10;1,0,2,4,3,6,8,7,9,5;0;18313
NearestNeighborhood;26;data/FIS10-3.txt;10;1,0,2,4,3,6,8,7,9,5;0;18313
NearestNeighborhood;27;data/FIS10-3.txt;10;1,0,2,4,3,6,8,7,9,5;0;18313
NearestNeighborhood;28;data/FIS10-3.txt;10;1,0,2,4,3,6,8,7,9,5;0;18313
NearestNeighborhood;29;data/FIS10-3.txt;10;1,0,2,4,3,6,8,7,9,5;0;18313
NearestNeighborhood;30;data/FIS10-3.txt;10;1,0,2,4,3,6,8,7,9,5;0;18313
NearestNeighborhood;1;data/FIS10-4.txt;10;7,1,2,8,6,9,5,3,0,4;0;20887
NearestNeighborhood;2;data/FIS10-4.txt;10;7,1,2,8,6,9,5,3,0,4;0;20887
NearestNeighborhood;3;data/FIS10-4.txt;10;7,1,2,8,6,9,5,3,0,4;0;20887
NearestNeighborhood;4;data/FIS10-4.txt;10;7,1,2,8,6,9,5,3,0,4;0;20887
NearestNeighborhood;5;data/FIS10-4.txt;10;7,1,2,8,6,9,5,3,0,4;0;20887
NearestNeighborhood;6;data/FIS10-4.txt;10;7,1,2,8,6,9,5,3,0,4;0;20887
NearestNeighborhood;7;data/FIS10-4.txt;10;7,1,2,8,6,9,5,3,0,4;0;20887
NearestNeighborhood;8;data/FIS10-4.txt;10;7,1,2,8,6,9,5,3,0,4;0;20887
NearestNeighborhood;9;data/FIS10-4.txt;10;7,1,2,8,6,9,5,3,0,4;0;20887
NearestNeighborhood;10;data/FIS10-4.txt;10;7,1,2,8,6,9,5,3,0,4;0;20887
NearestNeighborhood;11;data/FIS10-4.txt;10;7,1,2,8,6,9,5,3,0,4;0;20887
NearestNeighborhood;12;data/FIS10-4.txt;10;7,1,2,8,6,9,5,3,0,4;0;20887
NearestNeighborhood;13;data/FIS10-4.txt;10;7,1,2,8,6,9,5,3,0,4;0;20887
NearestNeighborhood;14;data/FIS10-4.txt;10;7,1,2,8,6,9,5,3,0,4;0;20887
NearestNeighborhood;15;data/FIS10-4.txt;10;7,1,2,8,6,9,5,3,0,4;0;20887
NearestNeighborhood;16;data/FIS10-4.txt;10;7,1,2,8,6,9,5,3,0,4;0;20887
NearestNeighborhood;17;data/FIS10-4.txt;10;7,1,2,8,6,9,5,3,0,4;0;20887
NearestNeighborhood;18;data/FIS10-4.txt;10;7,1,2,8,6,9,5,3,0,4;0;20887
NearestNeighborhood;19;data/FIS10-4.txt;10;7,1,2,8,6,9,5,3,0,4;0;20887
NearestNeighborhood;20;data/FIS10-4.txt;10;7,1,2,8,6,9,5,3,0,4;0;20887
NearestNeighborhood;21;data/FIS10-4.txt;10;7,1,2,8,6,9,5,3,0,4;0;20887
NearestNeighborhood;22;data/FIS10-4.txt;10;7,1,2,8,6,9,5,3,0,4;0;20887
NearestNeighborhood;23;data/FIS10-4.txt;10;7,1,2,8,6,9,5,3,0,4;0;20887
NearestNeighborhood;24;data/FIS10-4.txt;10;7,1,2,8,6,9,5,3,0,4;0;20887
NearestNeighborhood;25;data/FIS10-4.txt;10;7,1,2,8,6,9,5,3,0,4;0;20887
NearestNeighborhood;26;data/FIS10-4.txt;10;7,1,2,8,6,9,5,3,0,4;0;20887
NearestNeighborhood;27;data/FIS10-4.txt;10;7,1,2,8,6,9,5,3,0,4;0;20887
NearestNeighborhood;28;data/FIS10-4.txt;10;7,1,2,8,6,9,5,3,0,4;0;20887
NearestNeighborhood;29;data/FIS10-4.txt;10;7,1,2,8,6,9,5,3,0,4;0;20887
NearestNeighborhood;30;data/FIS10-4.txt;10;7,1,2,8,6,9,5,3,0,4;0;20887
NearestNeighborhood;1;data/FIS11-0.txt;11;2,10,8,6,1,0,4,3,7,5,9;0;30269
NearestNeighborhood;2;data/FIS11-0.txt;11;2,10,8,6,1,0,4,3,7,5,9;0;30269
NearestNeighborhood;3;data/FIS11-0.txt;11;2,10,8,6,1,0,4,3,7,5,9;0;30269
NearestNeighborhood;4;data/FIS11-0.txt;11;2,10,8,6,1,0,4,3,7,5,9;0;30269
NearestNeighborhood;5;data/FIS11-0.txt;11;2,10,8,6,1,0,4,3,7,5,9;0;30269
NearestNeighborhood;6;data/FIS11-0.txt;11;2,10,8,6,1,0,4,3,7,5,9;0;30269
NearestNeighborhood;7;data/FIS11-0.txt;11;2,10,8,6,1,0,4,3,7,5,9;0;30269
NearestNeighborhood;8;data/FIS11-0.txt;11;2,10,8,6,1,0,4,3,7,5,9;0;30269
NearestNeighborhood;9;data/FIS11-0.txt;11;2,10,8,6,1,0,4,3,7,5,9;0;30269
NearestNeighborhood;10;data/FIS11-0.txt;11;2,10,8,6,1,0,4,3,7,5,9;0;30269
NearestNeighborhood;11;data/FIS11-0.txt;11;2,10,8,6,1,0,4,3,7,5,9;0;30269
NearestNeighborhood;12;data/FIS11-0.txt;11;2,10,8,6,1,0,4,3,7,5,9;0;30269
NearestNeighborhood;13;data/FIS11-0.txt;11;2,10,8,6,1,0,4,3,7,5,9;0;30269
NearestNeighborhood;14;data/FIS11-0.txt;11;2,10,8,6,1,0,4,3,7,5,9;0;30269
NearestNeighborhood;15;data/FIS11-0.txt;11;2,10,8,6,1,0,4,3,7,5,9;0;30269
NearestNeighborhood;16;data/FIS11-0.txt;11;2,10,8,6,1,0,4,3,7,5,9;0;30269
NearestNeighborhood;17;data/FIS11-0.txt;11;2,10,8,6,1,0,4,3,7,5,9;0;30269
NearestNeighborhood;18;data/FIS11-0.txt;11;2,10,8,6,1,0,4,3,7,5,9;0;30269
NearestNeighborhood;19;data/FIS11-0.txt;11;2,10,8,6,1,0,4,3,7,5,9;0;30269
NearestNeighborhood;20;data/FIS11-0.txt;11;2,10,8,6,1,0,4,3,7,5,9;0;30269
NearestNeighborhood;21;data/FIS11-0.txt;11;2,10,8,6,1,0,4,3,7,5,9;0;30269
NearestNeighborhood;22;data/FIS11-0.txt;11;2,10,8,6,1,0,4,3,7,5,9;0;30269
NearestNeighborhood;23;data/FIS11-0.txt;11;2,10,8,6,1,0,4,3,7,5,9;0;30269
NearestNeighborhood;24;data/FIS11-0.txt;11;2,10,8,6,1,0,4,3,7,5,9;0;30269
NearestNeighborhood;25;data/FIS11-0.txt;11;2,10,8,6,1,0,4,3,7,5,9;0;30269
NearestNeighborhood;26;data/FIS11-0.txt;11;2,10,8,6,1,0,4,3,7,5,9;0;30269
NearestNeighborhood;27;data/FIS11-0.txt;11;2,10,8,6,1,0,4,3,7,5,9;0;30269
NearestNeighborhood;28;data/FIS11-0.txt;11;2,10,8,6,1,0,4,3,7,5,9;0;30269
NearestNeighborhood;29;data/FIS11-0.txt;11;2,10,8,6,1,0,4,3,7,5,9;0;30269
NearestNeighborhood;30;data/FIS11-0.txt;11;2,10,8,6,1,0,4,3,7,5,9;0;30269
NearestNeighborhood;1;data/FIS11-1.txt;11;9,10,0,8,1,2,4,3,5,7,6;0;42037
NearestNeighborhood;2;data/FIS11-1.txt;11;9,10,0,8,1,2,4,3,5,7,6;0;42037
NearestNeighborhood;3;data/FIS11-1.txt;11;9,10,0,8,1,2,4,3,5,7,6;0;42037
NearestNeighborhood;4;data/FIS11-1.txt;11;9,10,0,8,1,2,4,3,5,7,6;0;42037
NearestNeighborhood;5;data/FIS11-1.txt;11;9,10,0,8,1,2,4,3,5,7,6;0;42037
NearestNeighborhood;6;data/FIS11-1.txt;11;9,10,0,8,1,2,4,3,5,7,6;0;42037
NearestNeighborhood;7;data/FIS11-1.txt;11;9,10,0,8,1,2,4,3,5,7,6;0;42037
NearestNeighborhood;8;data/FIS11-1.txt;11;9,10,0,8,1,2,4,3,5,7,6;0;42037
NearestNeighborhood;9;data/FIS11-1.txt;11;9,10,0,8,1,2,4,3,5,7,6;0;42037
NearestNeighborhood;10;data/FIS11-1.txt;11;9,10,0,8,1,2,4,3,5,7,6;0;42037
NearestNeighborhood;11;data/FIS11-1.txt;11;9,10,0,8,1,2,4,3,5,7,6;0;42037
NearestNeighborhood;12;data/FIS11-1.txt;11;9,10,0,8,1,2,4,3,5,7,6;0;42037
NearestNeighborhood;13;data/FIS11-1.txt;11;9,10,0,8,1,2,4,3,5,7,6;0;42037
NearestNeighborhood;14;data/FIS11-1.txt;11;9,10,0,8,1,2,4,3,5,7,6;0;42037
NearestNeighborhood;15;data/FIS11-1.txt;11;9,10,0,8,1,2,4,3,5,7,6;0;42037
NearestNeighborhood;16;data/FIS11-1.txt;11;9,10,0,8,1,2,4,3,5,7,6;0;42037
NearestNeighborhood;17;data/FIS11-1.txt;11;9,10,0,8,1,2,4,3,5,7,6;0;42037
NearestNeighborhood;18;data/FIS11-1.txt;11;9,10,0,8,1,2,4,3,5,7,6;0;42037
NearestNeighborhood;19;data/FIS11-1.txt;11;9,10,0,8,1,2,4,3,5,7,6;0;42037
NearestNeighborhood;20;data/FIS11-1.txt;11;9,10,0,8,1,2,4,3,5,7,6;0;42037
NearestNeighborhood;21;data/FIS11-1.txt;11;9,10,0,8,1,2,4,3,5,7,6;0;42037
NearestNeighborhood;22;data/FIS11-1.txt;11;9,10,0,8,1,2,4,3,5,7,6;0;42037
NearestNeighborhood;23;data/FIS11-1.txt;11;9,10,0,8,1,2,4,3,5,7,6;0;42037
NearestNeighborhood;24;data/FIS11-1.txt;11;9,10,0,8,1,2,4,3,5,7,6;0;42037
NearestNeighborhood;25;data/FIS11-1.txt;11;9,10,0,8,1,2,4,3,5,7,6;0;42037
NearestNeighborhood;26;data/FIS11-1.txt;11;9,10,0,8,1,2,4,3,5,7,6;0;42037
NearestNeighborhood;27;data/FIS11-1.txt;11;9,10,0,8,1,2,4,3,5,7,6;0;42037
NearestNeighborhood;28;data/FIS11-1.txt;11;9,10,0,8,1,2,4,3,5,7,6;0;42037
NearestNeighborhood;29;data/FIS11-1.txt;11;9,10,0,8,1,2,4,3,5,7,6;0;42037
NearestNeighborhood;30;data/FIS11-1.txt;11;9,10,0,8,1,2,4,3,5,7,6;0;42037
NearestNeighborhood;1;data/FIS11-2.txt;11;0,10,9,8,4,2,3,5,6,7,1;0;36921
NearestNeighborhood;2;data/FIS11-2.txt;11;0,10,9,8,4,2,3,5,6,7,1;0;36921
NearestNeighborhood;3;data/FIS11-2.txt;11;0,10,9,8,4,2,3,5,6,7,1;0;36921
NearestNeighborhood;4;data/FIS11-2.txt;11;0,10,9,8,4,2,3,5,6,7,1;0;36921
NearestNeighborhood;5;data/FIS11-2.txt;11;0,10,9,8,4,2,3,5,6,7,1;0;36921
NearestNeighborhood;6;data/FIS11-2.txt;11;0,10,9,8,4,2,3,5,6,7,1;0;36921
NearestNeighborhood;7;data/FIS11-2.txt;11;0,10,9,8,4,2,3,5,6,7,1;0;36921
NearestNeighborhood;8;data/FIS11-2.txt;11;0,10,9,8,4,2,3,5,6,7,1;0;36921
NearestNeighborhood;9;data/FIS11-2.txt;11;0,10,9,8,4,2,3,5,6,7,1;0;36921
NearestNeighborhood;10;data/FIS11-2.txt;11;0,10,9,8,4,2,3,5,6,7,1;0;36921
NearestNeighborhood;11;data/FIS11-2.txt;11;0,10,9,8,4,2,3,5,6,7,1;0;36921
NearestNeighborhood;12;data/FIS11-2.txt;11;0,10,9,8,4,2,3,5,6,7,1;0;36921
NearestNeighborhood;13;data/FIS11-2.txt;11;0,10,9,8,4,2,3,5,6,7,1;0;36921
NearestNeighborhood;14;data/FIS11-2.txt;11;0,10,9,8,4,2,3,5,6,7,1;0;36921
NearestNeighborhood;15;data/FIS11-2.txt;11;0,10,9,8,4,2,3,5,6,7,1;0;36921
NearestNeighborhood;16;data/FIS11-2.txt;11;0,10,9,8,4,2,3,5,6,7,1;0;36921
NearestNeighborhood;17;data/FIS11-2.txt;11;0,10,9,8,4,2,3,5,6,7,1;0;36921
NearestNeighborhood;18;data/FIS11-2.txt;11;0,10,9,8,4,2,3,5,6,7,1;0;36921
NearestNeighborhood;19;data/FIS11-2.txt;11;0,10,9,8,4,2,3,5,6,7,1;0;36921
NearestNeighborhood;20;data/FIS11-2.txt;11;0,10,9,8,4,2,3,5,6,7,1;0;36921
NearestNeighborhood;21;data/FIS11-2.txt;11;0,10,9,8,4,2,3,5,6,7,1;0;36921
NearestNeighborhood;22;data/FIS11-2.txt;11;0,10,9,8,4,2,3,5,6,7,1;0;36921
NearestNeighborhood;23;data/FIS11-2.txt;11;0,10,9,8,4,2,3,5,6,7,1;0;36921
NearestNeighborhood;24;data/FIS11-2.txt;11;0,10,9,8,4,2,3,5,6,7,1;0;36921
NearestNeighborhood;25;data/FIS11-2.txt;11;0,10,9,8,4,2,3,5,6,7,1;0;36921
NearestNeighborhood;26;data/FIS11-2.txt;11;0,10,9,8,4,2,3,5,6,7,1;0;36921
NearestNeighborhood;27;data/FIS11-2.txt;11;0,10,9,8,4,2,3,5,6,7,1;0;36921
NearestNeighborhood;28;data/FIS11-2.txt;11;0,10,9,8,4,2,3,5,6,7,1;0;36921
NearestNeighborhood;29;data/FIS11-2.txt;11;0,10,9,8,4,2,3,5,6,7,1;0;36921
NearestNeighborhood;30;data/FIS11-2.txt;11;0,10,9,8,4,2,3,5,6,7,1;0;36921
NearestNeighborhood;1;data/FIS11-3.txt;11;0,1,2,6,7,5,8,10,3,4,9;0;30650
NearestNeighborhood;2;data/FIS11-3.txt;11;0,1,2,6,7,5,8,10,3,4,9;0;30650
NearestNeighborhood;3;data/FIS11-3.txt;11;0,1,2,6,7,5,8,10,3,4,9;0;30650
NearestNeighborhood;4;data/FIS11-3.txt;11;0,1,2,6,7,5,8,10,3,4,9;0;30650
NearestNeighborhood;5;data/FIS11-3.txt;11;0,1,2,6,7,5,8,10,3,4,9;0;30650
NearestNeighborhood;6;data/FIS11-3.txt;11;0,1,2,6,7,5,8,10,3,4,9;0;30650
NearestNeighborhood;7;data/FIS11-3.txt;11;0,1,2,6,7,5,8,10,3,4,9;0;30650
NearestNeighborhood;8;data/FIS11-3.txt;11;0,1,2,6,7,5,8,10,3,4,9;0;30650
NearestNeighborhood;9;data/FIS11-3.txt;11;0,1,2,6,7,5,8,10,3,4,9;0;30650
NearestNeighborhood;10;data/FIS11-3.txt;11;0,1,2,6,7,5,8,10,3,4,9;0;30650
NearestNeighborhood;11;data/FIS11-3.txt;11;0,1,2,6,7,5,8,10,3,4,9;0;30650
NearestNeighborhood;12;data/FIS11-3.txt;11;0,1,2,6,7,5,8,10,3,4,9;0;30650
NearestNeighborhood;13;data/FIS11-3.txt;11;0,1,2,6,7,5,8,10,3,4,9;0;30650
NearestNeighborhood;14;data/FIS11-3.txt;11;0,1,2,6,7,5,8,10,3,4,9;0;30650
NearestNeighborhood;15;data/FIS11-3.txt;11;0,1,2,6,7,5,8,10,3,4,9;0;30650
NearestNeighborhood;16;data/FIS11-3.txt;11;0,1,2,6,7,5,8,10,3,4,9;0;30650
NearestNeighborhood;17;data/FIS11-3.txt;11;0,1,2,6,7,5,8,10,3,4,9;0;30650
NearestNeighborhood;18;data/FIS11-3.txt;11;0,1,2,6,7,5,8,10,3,4,9;0;30650
NearestNeighborhood;19;data/FIS11-3.txt;11;0,1,2,6,7,5,8,10,3,4,9;0;30650
NearestNeighborhood;20;data/FIS11-3.txt;11;0,1,2,6,7,5,8,10,3,4,9;0;30650
NearestNeighborhood;21;data/FIS11-3.txt;11;0,1,2,6,7,5,8,10,3,4,9;0;30650
NearestNeighborhood;22;data/FIS11-3.txt;11;0,1,2,6,7,5,8,10,3,4,9;0;30650
NearestNeighborhood;23;data/FIS11-3.txt;11;0,1,2,6,7,5,8,10,3,4,9;0;30650
NearestNeighborhood;24;data/FIS11-3.txt;11;0,1,2,6,7,5,8,10,3,4,9;0;30650
NearestNeighborhood;25;data/FIS11-3.txt;11;0,1,2,6,7,5,8,10,3,4,9;0;30650
NearestNeighborhood;26;data/FIS11-3.txt;11;0,1,2,6,7,5,8,10,3,4,9;0;30650
NearestNeighborhood;27;data/FIS11-3.txt;11;0,1,2,6,7,5,8,10,3,4,9;0;30650
NearestNeighborhood;28;data/FIS11-3.txt;11;0,1,2,6,7,5,8,10,3,4,9;0;30650
NearestNeighborhood;29;data/FIS11-3.txt;11;0,1,2,6,7,5,8,10,3,4,9;0;30650
NearestNeighborhood;30;data/FIS11-3.txt;11;0,1,2,6,7,5,8,10,3,4,9;0;30650
NearestNeighborhood;1;data/FIS11-4.txt;11;9,1,8,4,0,3,5,7,10,2,6;0;28576
NearestNeighborhood;2;data/FIS11-4.txt;11;9,1,8,4,0,3,5,7,10,2,6;0;28576
NearestNeighborhood;3;data/FIS11-4.txt;11;9,1,8,4,0,3,5,7,10,2,6;0;28576
NearestNeighborhood;4;data/FIS11-4.txt;11;9,1,8,4,0,3,5,7,10,2,6;0;28576
NearestNeighborhood;5;data/FIS11-4.txt;11;9,1,8,4,0,3,5,7,10,2,6;0;28576
NearestNeighborhood;6;data/FIS11-4.txt;11;9,1,8,4,0,3,5,7,10,2,6;0;28576
NearestNeighborhood;7;data/FIS11-4.txt;11;9,1,8,4,0,3,5,7,10,2,6;0;28576
NearestNeighborhood;8;data/FIS11-4.txt;11;9,1,8,4,0,3,5,7,10,2,6;0;28576
NearestNeighborhood;9;data/FIS11-4.txt;11;9,1,8,4,0,3,5,7,10,2,6;0;28576
NearestNeighborhood;10;data/FIS11-4.txt;11;9,1,8,4,0,3,5,7,10,2,6;0;28576
NearestNeighborhood;11;data/FIS11-4.txt;11;9,1,8,4,0,3,5,7,10,2,6;0;28576
NearestNeighborhood;12;data/FIS11-4.txt;11;9,1,8,4,0,3,5,7,10,2,6;0;28576
NearestNeighborhood;13;data/FIS11-4.txt;11;9,1,8,4,0,3,5,7,10,2,6;0;28576
NearestNeighborhood;14;data/FIS11-4.txt;11;9,1,8,4,0,3,5,7,10,2,6;0;28576
NearestNeighborhood;15;data/FIS11-4.txt;11;9,1,8,4,0,3,5,7,10,2,6;0;28576
NearestNeighborhood;16;data/FIS11-4.txt;11;9,1,8,4,0,3,5,7,10,2,6;0;28576
NearestNeighborhood;17;data/FIS11-4.txt;11;9,1,8,4,0,3,5,7,10,2,6;0;28576
NearestNeighborhood;18;data/FIS11-4.txt;11;9,1,8,4,0,3,5,7,10,2,6;0;28576
NearestNeighborhood;19;data/FIS11-4.txt;11;9,1,8,4,0,3,5,7,10,2,6;0;28576
NearestNeighborhood;20;data/FIS11-4.txt;11;9,1,8,4,0,3,5,7,10,2,6;0;28576
NearestNeighborhood;21;data/FIS11-4.txt;11;9,1,8,4,0,3,5,7,10,2,6;0;28576
NearestNeighborhood;22;data/FIS11-4.txt;11;9,1,8,4,0,3,5,7,10,2,6;0;28576
NearestNeighborhood;23;data/FIS11-4.txt;11;9,1,8,4,0,3,5,7,10,2,6;0;28576
NearestNeighborhood;24;data/FIS11-4.txt;11;9,1,8,4,0,3,5,7,10,2,6;0;28576
NearestNeighborhood;25;data/FIS11-4.txt;11;9,1,8,4,0,3,5,7,10,2,6;0;28576
NearestNeighborhood;26;data/FIS11-4.txt;11;9,1,8,4,0,3,5,7,10,2,6;0;28576
NearestNeighborhood;27;data/FIS11-4.txt;11;9,1,8,4,0,3,5,7,10,2,6;0;28576
NearestNeighborhood;28;data/FIS11-4.txt;11;9,1,8,4,0,3,5,7,10,2,6;0;28576
NearestNeighborhood;29;data/FIS11-4.txt;11;9,1,8,4,0,3,5,7,10,2,6;0;28576
NearestNeighborhood;30;data/FIS11-4.txt;11;9,1,8,4,0,3,5,7,10,2,6;0;28576
NearestNeighborhood;1;data/FIS12-0.txt;12;6,2,3,10,8,11,9,1,4,0,7,5;0;32092
NearestNeighborhood;2;data/FIS12-0.txt;12;6,2,3,10,8,11,9,1,4,0,7,5;0;32092
NearestNeighborhood;3;data/FIS12-0.txt;12;6,2,3,10,8,11,9,1,4,0,7,5;0;32092
NearestNeighborhood;4;data/FIS12-0.txt;12;6,2,3,10,8,11,9,1,4,0,7,5;0;32092
NearestNeighborhood;5;data/FIS12-0.txt;12;6,2,3,10,8,11,9,1,4,0,7,5;0;32092
NearestNeighborhood;6;data/FIS12-0.txt;12;6,2,3,10,8,11,9,1,4,0,7,5;0;32092
NearestNeighborhood;7;data/FIS12-0.txt;12;6,2,3,10,8,11,9,1,4,0,7,5;0;32092
NearestNeighborhood;8;data/FIS12-0.txt;12;6,2,3,10,8,11,9,1,4,0,7,5;0;32092
NearestNeighborhood;9;data/FIS12-0.txt;12;6,2,3,10,8,11,9,1,4,0,7,5;0;32092
NearestNeighborhood;10;data/FIS12-0.txt;12;6,2,3,10,8,11,9,1,4,0,7,5;0;32092
NearestNeighborhood;11;data/FIS12-0.txt;12;6,2,3,10,8,11,9,1,4,0,7,5;0;32092
NearestNeighborhood;12;data/FIS12-0.txt;12;6,2,3,10,8,11,9,1,4,0,7,5;0;32092
NearestNeighborhood;13;data/FIS12-0.txt;12;6,2,3,10,8,11,9,1,4,0,7,5;0;32092
NearestNeighborhood;14;data/FIS12-0.txt;12;6,2,3,10,8,11,9,1,4,0,7,5;0;32092
NearestNeighborhood;15;data/FIS12-0.txt;12;6,2,3,10,8,11,9,1,4,0,7,5;0;32092
NearestNeighborhood;16;data/FIS12-0.txt;12;6,2,3,10,8,11,9,1,4,0,7,5;0;32092
NearestNeighborhood;17;data/FIS12-0.txt;12;6,2,3,10,8,11,9,1,4,0,7,5;0;32092
NearestNeighborhood;18;data/FIS12-0.txt;12;6,2,3,10,8,11,9,1,4,0,7,5;0;32092
NearestNeighborhood;19;data/FIS12-0.txt;12;6,2,3,10,8,11,9,1,4,0,7,5;0;32092
NearestNeighborhood;20;data/FIS12-0.txt;12;6,2,3,10,8,11,9,1,4,0,7,5;0;32092
NearestNeighborhood;21;data/FIS12-0.txt;12;6,2,3,10,8,11,9,1,4,0,7,5;0;32092
NearestNeighborhood;22;data/FIS12-0.txt;12;6,2,3,10,8,11,9,1,4,0,7,5;0;32092
NearestNeighborhood;23;data/FIS12-0.txt;12;6,2,3,10,8,11,9,1,4,0,7,5;0;32092
NearestNeighborhood;24;data/FIS12-0.txt;12;6,2,3,10,8,11,9,1,4,0,7,5;0;32092
NearestNeighborhood;25;data/FIS12-0.txt;12;6,2,3,10,8,11,9,1,4,0,7,5;0;32092
NearestNeighborhood;26;data/FIS12-0.txt;12;6,2,3,10,8,11,9,1,4,0,7,5;0;32092
NearestNeighborhood;27;data/FIS12-0.txt;12;6,2,3,10,8,11,9,1,4,0,7,5;0;32092
NearestNeighborhood;28;data/FIS12-0.txt;12;6,2,3,10,8,11,9,1,4,0,7,5;0;32092
NearestNeighborhood;29;data/FIS12-0.txt;12;6,2,3,10,8,11,9,1,4,0,7,5;0;32092
NearestNeighborhood;30;data/FIS12-0.txt;12;6,2,3,10,8,11,9,1,4,0,7,5;0;32092
NearestNeighborhood;1;data/FIS12-1.txt;12;2,10,6,11,9,5,8,3,0,1,7,4;0;34249
NearestNeighborhood;2;data/FIS12-1.txt;12;2,10,6,11,9,5,8,3,0,1,7,4;0;34249
NearestNeighborhood;3;data/FIS12-1.txt;12;2,10,6,11,9,5,8,3,0,1,7,4;0;34249
NearestNeighborhood;4;data/FIS12-1.txt;12;2,10,6,11,9,5,8,3,0,1,7,4;0;34249
NearestNeighborhood;5;data/FIS12-1.txt;12;2,10,6,11,9,5,8,3,0,1,7,4;0;34249
NearestNeighborhood;6;data/FIS12-1.txt;12;2,10,6,11,9,5,8,3,0,1,7,4;0;34249
NearestNeighborhood;7;data/FIS12-1.txt;12;2,10,6,11,9,5,8,3,0,1,7,4;0;34249
NearestNeighborhood;8;data/FIS12-1.txt;12;2,10,6,11,9,5,8,3,0,1,7,4;0;34249
NearestNeighborhood;9;data/FIS12-1.txt;12;2,10,6,11,9,5,8,3,0,1,7,4;0;34249
NearestNeighborhood;10;data/FIS12-1.txt;12;2,10,6,11,9,5,8,3,0,1,7,4;0;34249
NearestNeighborhood;11;data/FIS12-1.txt;12;2,10,6,11,9,5,8,3,0,1,7,4;0;34249
NearestNeighborhood;12;data/FIS12-1.txt;12;2,10,6,11,9,5,8,3,0,1,7,4;0;34249
NearestNeighborhood;13;data/FIS12-1.txt;12;2,10,6,11,9,5,8,3,0,1,7,4;0;34249
NearestNeighborhood;14;data/FIS12-1.txt;12;2,10,6,11,9,5,8,3,0,1,7,4;0;34249
NearestNeighborhood;15;data/FIS12-1.txt;12;2,10,6,11,9,5,8,3,0,1,7,4;0;34249
NearestNeighborhood;16;data/FIS12-1.txt;12;2,10,6,11,9,5,8,3,0,1,7,4;0;34249
NearestNeighborhood;17;data/FIS12-1.txt;12;2,10,6,11,9,5,8,3,0,1,7,4;0;34249
NearestNeighborhood;18;data/FIS12-1.txt;12;2,10,6,11,9,5,8,3,0,1,7,4;0;34249
NearestNeighborhood;19;data/FIS12-1.txt;12;2,10,6,11,9,5,8,3,0,1,7,4;0;34249
NearestNeighborhood;20;data/FIS12-1.txt;12;2,10,6,11,9,5,8,3,0,1,7,4;0;34249
NearestNeighborhood;21;data/FIS12-1.txt;12;2,10,6,11,9,5,8,3,0,1,7,4;0;34249
NearestNeighborhood;22;data/FIS12-1.txt;12;2,10,6,11,9,5,8,3,0,1,7,4;0;34249
NearestNeighborhood;23;data/FIS12-1.txt;12;2,10,6,11,9,5,8,3,0,1,7,4;0;34249
NearestNeighborhood;24;data/FIS12-1.txt;12;2,10,6,11,9,5,8,3,0,1,7,4;0;34249
NearestNeighborhood;25;data/FIS12-1.txt;12;2,10,6,11,9,5,8,3,0,1,7,4;0;34249
NearestNeighborhood;26;data/FIS12-1.txt;12;2,10,6,11,9,5,8,3,0,1,7,4;0;34249
NearestNeighborhood;27;data/FIS12-1.txt;12;2,10,6,11,9,5,8,3,0,1,7,4;0;34249
NearestNeighborhood;28;data/FIS12-1.txt;12;2,10,6,11,9,5,8,3,0,1,7,4;0;34249
NearestNeighborhood;29;data/FIS12-1.txt;12;2,10,6,11,9,5,8,3,0,1,7,4;0;34249
NearestNeighborhood;30;data/FIS12-1.txt;12;2,10,6,11,9,5,8,3,0,1,7,4;0;34249
NearestNeighborhood;1;data/FIS12-2.txt;12;1,9,0,6,2,8,7,10,11,4,5,3;0;30916
NearestNeighborhood;2;data/FIS12-2.txt;12;1,9,0,6,2,8,7,10,11,4,5,3;0;30916
NearestNeighborhood;3;data/FIS12-2.txt;12;1,9,0,6,2,8,7,10,11,4,5,3;0;30916
NearestNeighborhood;4;data/FIS12-2.txt;12;1,9,0,6,2,8,7,10,11,4,5,3;0;30916
NearestNeighborhood;5;data/FIS12-2.txt;12;1,9,0,6,2,8,7,10,11,4,5,3;0;30916
NearestNeighborhood;6;data/FIS12-2.txt;12;1,9,0,6,2,8,7,10,11,4,5,3;0;30916
NearestNeighborhood;7;data/FIS12-2.txt;12;1,9,0,6,2,8,7,10,11,4,5,3;0;30916
NearestNeighborhood;8;data/FIS12-2.txt;12;1,9,0,6,2,8,7,10,11,4,5,3;0;30916
NearestNeighborhood;9;data/FIS12-2.txt;12;1,9,0,6,2,8,7,10,11,4,5,3;0;30916
NearestNeighborhood;10;data/FIS12-2.txt;12;1,9,0,6,2,8,7,10,11,4,5,3;0;30916
NearestNeighborhood;11;data/FIS12-2.txt;12;1,9,0,6,2,8,7,10,11,4,5,3;0;30916
NearestNeighborhood;12;data/FIS12-2.txt;12;1,9,0,6,2,8,7,10,11,4,5,3;0;30916
NearestNeighborhood;13;data/FIS12-2.txt;12;1,9,0,6,2,8,7,10,11,4,5,3;0;30916
NearestNeighborhood;14;data/FIS12-2.txt;12;1,9,0,6,2,8,7,10,11,4,5,3;0;30916
NearestNeighborhood;15;data/FIS12-2.txt;12;1,9,0,6,2,8,7,10,11,4,5,3;0;30916
NearestNeighborhood;16;data/FIS12-2.txt;12;1,9,0,6,2,8,7,10,11,4,5,3;0;30916
NearestNeighborhood;17;data/FIS12-2.txt;12;1,9,0,6,2,8,7,10,11,4,5,3;0;30916
NearestNeighborhood;18;data/FIS12-2.txt;12;1,9,0,6,2,8,7,10,11,4,5,3;0;30916
NearestNeighborhood;19;data/FIS12-2.txt;12;1,9,0,6,2,8,7,10,11,4,5,3;0;30916
NearestNeighborhood;20;data/FIS12-2.txt;12;1,9,0,6,2,8,7,10,11,4,5,3;0;30916
NearestNeighborhood;21;data/FIS12-2.txt;12;1,9,0,6,2,8,7,10,11,4,5,3;0;30916
NearestNeighborhood;22;data/FIS12-2.txt;12;1,9,0,6,2,8,7,10,11,4,5,3;0;30916
NearestNeighborhood;23;data/FIS12-2.txt;12;1,9,0,6,2,8,7,10,11,4,5,3;0;30916
NearestNeighborhood;24;data/FIS12-2.txt;12;1,9,0,6,2,8,7,10,11,4,5,3;0;30916
NearestNeighborhood;25;data/FIS12-2.txt;12;1,9,0,6,2,8,7,10,11,4,5,3;0;30916
NearestNeighborhood;26;data/FIS12-2.txt;12;1,9,0,6,2,8,7,10,11,4,5,3;0;30916
NearestNeighborhood;27;data/FIS12-2.txt;12;1,9,0,6,2,8,7,10,11,4,5,3;0;30916
NearestNeighborhood;28;data/FIS12-2.txt;12;1,9,0,6,2,8,7,10,11,4,5,3;0;30916
NearestNeighborhood;29;data/FIS12-2.txt;12;1,9,0,6,2,8,7,10,11,4,5,3;0;30916
NearestNeighborhood;30;data/FIS12-2.txt;12;1,9,0,6,2,8,7,10,11,4,5,3;0;30916
NearestNeighborhood;1;data/FIS12-3.txt;12;4,7,5,9,10,6,3,1,2,11,8,0;0;24067
NearestNeighborhood;2;data/FIS12-3.txt;12;4,7,5,9,10,6,3,1,2,11,8,0;0;24067
NearestNeighborhood;3;data/FIS12-3.txt;12;4,7,5,9,10,6,3,1,2,11,8,0;0;24067
NearestNeighborhood;4;data/FIS12-3.txt;12;4,7,5,9,10,6,3,1,2,11,8,0;0;24067
NearestNeighborhood;5;data/FIS12-3.txt;12;4,7,5,9,10,6,3,1,2,11,8,0;0;24067
NearestNeighborhood;6;data/FIS12-3.txt;12;4,7,5,9,10,6,3,1,2,11,8,0;0;24067
NearestNeighborhood;7;data/FIS12-3.txt;12;4,7,5,9,10,6,3,1,2,11,8,0;0;24067
NearestNeighborhood;8;data/FIS12-3.txt;12;4,7,5,9,10,6,3,1,2,11,8,0;0;24067
NearestNeighborhood;9;data/FIS12-3.txt;12;4,7,5,9,10,6,3,1,2,11,8,0;0;24067
NearestNeighborhood;10;data/FIS12-3.txt;12;4,7,5,9,10,6,3,1,2,11,8,0;0;24067
NearestNeighborhood;11;data/FIS12-3.txt;12;4,7,5,9,10,6,3,1,2,11,8,0;0;24067
NearestNeighborhood;12;data/FIS12-3.txt;12;4,7,5,9,10,6,3,1,2,11,8,0;0;24067
NearestNeighborhood;13;data/FIS12-3.txt;12;4,7,5,9,10,6,3,1,2,11,8,0;0;24067
NearestNeighborhood;14;data/FIS12-3.txt;12;4,7,5,9,10,6,3,1,2,11,8,0;0;24067
NearestNeighborhood;15;data/FIS12-3.txt;12;4,7,5,9,10,6,3,1,2,11,8,0;0;24067
NearestNeighborhood;16;data/FIS12-3.txt;12;4,7,5,9,10,6,3,1,2,11,8,0;0;24067
NearestNeighborhood;17;data/FIS12-3.txt;12;4,7,5,9,10,6,3,1,2,11,8,0;0;24067
NearestNeighborhood;18;data/FIS12-3.txt;12;4,7,5,9,10,6,3,1,2,11,8,0;0;24067
NearestNeighborhood;19;data/FIS12-3.txt;12;4,7,5,9,10,6,3,1,2,11,8,0;0;24067
NearestNeighborhood;20;data/FIS12-3.txt;12;4,7,5,9,10,6,3,1,2,11,8,0;0;24067
NearestNeighborhood;21;data/FIS12-3.txt;12;4,7,5,9,10,6,3,1,2,11,8,0;0;24067
NearestNeighborhood;22;data/FIS12-3.txt;12;4,7,5,9,10,6,3,1,2,11,8,0;0;24067
NearestNeighborhood;23;data/FIS12-3.txt;12;4,7,5,9,10,6,3,1,2,11,8,0;0;24067
NearestNeighborhood;24;data/FIS12-3.txt;12;4,7,5,9,10,6,3,1,2,11,8,0;0;24067
NearestNeighborhood;25;data/FIS12-3.txt;12;4,7,5,9,10,6,3,1,2,11,8,0;0;24067
NearestNeighborhood;26;data/FIS12-3.txt;12;4,7,5,9,10,6,3,1,2,11,8,0;0;24067
NearestNeighborhood;27;data/FIS12-3.txt;12;4,7,5,9,10,6,3,1,2,11,8,0;0;24067
NearestNeighborhood;28;data/FIS12-3.txt;12;4,7,5,9,10,6,3,1,2,11,8,0;0;24067
NearestNeighborhood;29;data/FIS12-3.txt;12;4,7,5,9,10,6,3,1,2,11,8,0;0;24067
NearestNeighborhood;30;data/FIS12-3.txt;12;4,7,5,9,10,6,3,1,2,11,8,0;0;24067
NearestNeighborhood;1;data/FIS12-4.txt;12;3,9,6,10,7,1,4,5,11,8,2,0;0;33877
NearestNeighborhood;2;data/FIS12-4.txt;12;3,9,6,10,7,1,4,5,11,8,2,0;0;33877
NearestNeighborhood;3;data/FIS12-4.txt;12;3,9,6,10,7,1,4,5,11,8,2,0;0;33877
NearestNeighborhood;4;data/FIS12-4.txt;12;3,9,6,10,7,1,4,5,11,8,2,0;0;33877
NearestNeighborhood;5;data/FIS12-4.txt;12;3,9,6,10,7,1,4,5,11,8,2,0;0;33877
NearestNeighborhood;6;data/FIS12-4.txt;12;3,9,6,10,7,1,4,5,11,8,2,0;0;33877
NearestNeighborhood;7;data/FIS12-4.txt;12;3,9,6,10,7,1,4,5,11,8,2,0;0;33877
NearestNeighborhood;8;data/FIS12-4.txt;12;3,9,6,10,7,1,4,5,11,8,2,0;0;33877
NearestNeighborhood;9;data/FIS12-4.txt;12;3,9,6,10,7,1,4,5,11,8,2,0;0;33877
NearestNeighborhood;10;data/FIS12-4.txt;12;3,9,6,10,7,1,4,5,11,8,2,0;0;33877
NearestNeighborhood;11;data/FIS12-4.txt;12;3,9,6,10,7,1,4,5,11,8,2,0;0;33877
NearestNeighborhood;12;data/FIS12-4.txt;12;3,9,6,10,7,1,4,5,11,8,2,0;0;33877
NearestNeighborhood;13;data/FIS12-4.txt;12;3,9,6,10,7,1,4,5,11,8,2,0;0;33877
NearestNeighborhood;14;data/FIS12-4.txt;12;3,9,6,10,7,1,4,5,11,8,2,0;0;33877
NearestNeighborhood;15;data/FIS12-4.txt;12;3,9,6,10,7,1,4,5,11,8,2,0;0;33877
NearestNeighborhood;16;data/FIS12-4.txt;12;3,9,6,10,7,1,4,5,11,8,2,0;0;33877
NearestNeighborhood;17;data/FIS12-4.txt;12;3,9,6,10,7,1,4,5,11,8,2,0;0;33877
NearestNeighborhood;18;data/FIS12-4.txt;12;3,9,6,10,7,1,4,5,11,8,2,0;0;33877
NearestNeighborhood;19;data/FIS12-4.txt;12;3,9,6,10,7,1,4,5,11,8,2,0;0;33877
NearestNeighborhood;20;data/FIS12-4.txt;12;3,9,6,10,7,1,4,5,11,8,2,0;0;33877
NearestNeighborhood;21;data/FIS12-4.txt;12;3,9,6,10,7,1,4,5,11,8,2,0;0;33877
NearestNeighborhood;22;data/FIS12-4.txt;12;3,9,6,10,7,1,4,5,11,8,2,0;0;33877
NearestNeighborhood;23;data/FIS12-4.txt;12;3,9,6,10,7,1,4,5,11,8,2,0;0;33877
NearestNeighborhood;24;data/FIS12-4.txt;12;3,9,6,10,7,1,4,5,11,8,2,0;0;33877
NearestNeighborhood;25;data/FIS12-4.txt;12;3,9,6,10,7,1,4,5,11,8,2,0;0;33877
NearestNeighborhood;26;data/FIS12-4.txt;12;3,9,6,10,7,1,4,5,11,8,2,0;0;33877
NearestNeighborhood;27;data/FIS12-4.txt;12;3,9,6,10,7,1,4,5,11,8,2,0;0;33877
NearestNeighborhood;28;data/FIS12-4.txt;12;3,9,6,10,7,1,4,5,11,8,2,0;0;33877
NearestNeighborhood;29;data/FIS12-4.txt;12;3,9,6,10,7,1,4,5,11,8,2,0;0;33877
NearestNeighborhood;30;data/FIS12-4.txt;12;3,9,6,10,7,1,4,5,11,8,2,0;0;33877
NearestNeighborhood;1;data/FIS13-0.txt;13;1,6,7,11,8,9,2,0,4,12,10,3,5;0;41706
NearestNeighborhood;2;data/FIS13-0.txt;13;1,6,7,11,8,9,2,0,4,12,10,3,5;0;41706
NearestNeighborhood;3;data/FIS13-0.txt;13;1,6,7,11,8,9,2,0,4,12,10,3,5;0;41706
NearestNeighborhood;4;data/FIS13-0.txt;13;1,6,7,11,8,9,2,0,4,12,10,3,5;0;41706
NearestNeighborhood;5;data/FIS13-0.txt;13;1,6,7,11,8,9,2,0,4,12,10,3,5;0;41706
NearestNeighborhood;6;data/FIS13-0.txt;13;1,6,7,11,8,9,2,0,4,12,10,3,5;0;41706
NearestNeighborhood;7;data/FIS13-0.txt;13;1,6,7,11,8,9,2,0,4,12,10,3,5;0;41706
NearestNeighborhood;8;data/FIS13-0.txt;13;1,6,7,11,8,9,2,0,4,12,10,3,5;0;41706
NearestNeighborhood;9;data/FIS13-0.txt;13;1,6,7,11,8,9,2,0,4,12,10,3,5;0;41706
NearestNeighborhood;10;data/FIS13-0.txt;13;1,6,7,11,8,9,2,0,4,12,10,3,5;0;41706
NearestNeighborhood;11;data/FIS13-0.txt;13;1,6,7,11,8,9,2,0,4,12,10,3,5;0;41706
NearestNeighborhood;12;data/FIS13-0.txt;13;1,6,7,11,8,9,2,0,4,12,10,3,5;0;41706
NearestNeighborhood;13;data/FIS13-0.txt;13;1,6,7,11,8,9,2,0,4,12,10,3,5;0;41706
NearestNeighborhood;14;data/FIS13-0.txt;13;1,6,7,11,8,9,2,0,4,12,10,3,5;0;41706
NearestNeighborhood;15;data/FIS13-0.txt;13;1,6,7,11,8,9,2,0,4,12,10,3,5;0;41706
NearestNeighborhood;16;data/FIS13-0.txt;13;1,6,7,11,8,9,2,0,4,12,10,3,5;0;41706
NearestNeighborhood;17;data/FIS13-0.txt;13;1,6,7,11,8,9,2,0,4,12,10,3,5;0;41706
NearestNeighborhood;18;data/FIS13-0.txt;13;1,6,7,11,8,9,2,0,4,12,10,3,5;0;41706
NearestNeighborhood;19;data/FIS13-0.txt;13;1,6,7,11,8,9,2,0,4,12,10,3,5;0;41706
NearestNeighborhood;20;data/FIS13-0.txt;13;1,6,7,11,8,9,2,0,4,12,10,3,5;0;41706
NearestNeighborhood;21;data/FIS13-0.txt;13;1,6,7,11,8,9,2,0,4,12,10,3,5;0;41706
NearestNeighborhood;22;data/FIS13-0.txt;13;1,6,7,11,8,9,2,0,4,12,10,3,5;0;41706
NearestNeighborhood;23;data/FIS13-0.txt;13;1,6,7,11,8,9,2,0,4,12,10,3,5;0;41706
NearestNeighborhood;24;data/FIS13-0.txt;13;1,6,7,11,8,9,2,0,4,12,10,3,5;0;41706
NearestNeighborhood;25;data/FIS13-0.txt;13;1,6,7,11,8,9,2,0,4,12,10,3,5;0;41706
NearestNeighborhood;26;data/FIS13-0.txt;13;1,6,7,11,8,9,2,0,4,12,10,3,5;0;41706
NearestNeighborhood;27;data/FIS13-0.txt;13;1,6,7,11,8,9,2,0,4,12,10,3,5;0;41706
NearestNeighborhood;28;data/FIS13-0.txt;13;1,6,7,11,8,9,2,0,4,12,10,3,5;0;41706
NearestNeighborhood;29;data/FIS13-0.txt;13;1,6,7,11,8,9,2,0,4,12,10,3,5;0;41706
NearestNeighborhood;30;data/FIS13-0.txt;13;1,6,7,11,8,9,2,0,4,12,10,3,5;0;41706
NearestNeighborhood;1;data/FIS13-1.txt;13;8,11,7,1,4,0,12,5,10,9,2,6,3;0;37462
NearestNeighborhood;2;data/FIS13-1.txt;13;8,11,7,1,4,0,12,5,10,9,2,6,3;0;37462
NearestNeighborhood;3;data/FIS13-1.txt;13;8,11,7,1,4,0,12,5,10,9,2,6,3;0;37462
NearestNeighborhood;4;data/FIS13-1.txt;13;8,11,7,1,4,0,12,5,10,9,2,6,3;0;37462
NearestNeighborhood;5;data/FIS13-1.txt;13;8,11,7,1,4,0,12,5,10,9,2,6,3;0;37462
NearestNeighborhood;6;data/FIS13-1.txt;13;8,11,7,1,4,0,12,5,10,9,2,6,3;0;37462
NearestNeighborhood;7;data/FIS13-1.txt;13;8,11,7,1,4,0,12,5,10,9,2,6,3;0;37462
NearestNeighborhood;8;data/FIS13-1.txt;13;8,11,7,1,4,0,12,5,10,9,2,6,3;0;37462
NearestNeighborhood;9;data/FIS13-1.txt;13;8,11,7,1,4,0,12,5,10,9,2,6,3;0;37462
NearestNeighborhood;10;data/FIS13-1.txt;13;8,11,7,1,4,0,12,5,10,9,2,6,3;0;37462
NearestNeighborhood;11;data/FIS13-1.txt;13;8,11,7,1,4,0,12,5,10,9,2,6,3;0;37462
NearestNeighborhood;12;data/FIS13-1.txt;13;8,11,7,1,4,0,12,5,10,9,2,6,3;0;37462
NearestNeighborhood;13;data/FIS13-1.txt;13;8,11,7,1,4,0,12,5,10,9,2,6,3;0;37462
NearestNeighborhood;14;data/FIS13-1.txt;13;8,11,7,1,4,0,12,5,10,9,2,6,3;0;37462
NearestNeighborhood;15;data/FIS13-1.txt;13;8,11,7,1,4,0,12,5,10,9,2,6,3;0;37462
NearestNeighborhood;16;data/FIS13-1.txt;13;8,11,7,1,4,0,12,5,10,9,2,6,3;0;37462
NearestNeighborhood;17;data/FIS13-1.txt;13;8,11,7,1,4,0,12,5,10,9,2,6,3;0;37462
NearestNeighborhood;18;data/FIS13-1.txt;13;8,11,7,1,4,0,12,5,10,9,2,6,3;0;37462
NearestNeighborhood;19;data/FIS13-1.txt;13;8,11,7,1,4,0,12,5,10,9,2,6,3;0;37462
NearestNeighborhood;20;data/FIS13-1.txt;13;8,11,7,1,4,0,12,5,10,9,2,6,3;0;37462
NearestNeighborhood;21;data/FIS13-1.txt;13;8,11,7,1,4,0,12,5,10,9,2,6,3;0;37462
NearestNeighborhood;22;data/FIS13-1.txt;13;8,11,7,1,4,0,12,5,10,9,2,6,3;0;37462
NearestNeighborhood;23;data/FIS13-1.txt;13;8,11,7,1,4,0,12,5,10,9,2,6,3;0;37462
NearestNeighborhood;24;data/FIS13-1.txt;13;8,11,7,1,4,0,12,5,10,9,2,6,3;0;37462
NearestNeighborhood;25;data/FIS13-1.txt;13;8,11,7,1,4,0,12,5,10,9,2,6,3;0;37462
NearestNeighborhood;26;data/FIS13-1.txt;13;8,11,7,1,4,0,12,5,10,9,2,6,3;0;37462
NearestNeighborhood;27;data/FIS13-1.txt;13;8,11,7,1,4,0,12,5,10,9,2,6,3;0;37462
NearestNeighborhood;28;data/FIS13-1.txt;13;8,11,7,1,4,0,12,5,10,9,2,6,3;0;37462
NearestNeighborhood;29;data/FIS13-1.txt;13;8,11,7,1,4,0,12,5,10,9,2,6,3;0;37462
NearestNeighborhood;30;data/FIS13-1.txt;13;8,11,7,1,4,0,12,5,10,9,2,6,3;0;37462
NearestNeighborhood;1;data/FIS13-2.txt;13;3,4,8,9,10,12,11,1,6,0,2,7,5;0;30796
NearestNeighborhood;2;data/FIS13-2.txt;13;3,4,8,9,10,12,11,1,6,0,2,7,5;0;30796
NearestNeighborhood;3;data/FIS13-2.txt;13;3,4,8,9,10,12,11,1,6,0,2,7,5;0;30796
NearestNeighborhood;4;data/FIS13-2.txt;13;3,4,8,9,10,12,11,1,6,0,2,7,5;0;30796
NearestNeighborhood;5;data/FIS13-2.txt;13;3,4,8,9,10,12,11,1,6,0,2,7,5;0;30796
NearestNeighborhood;6;data/FIS13-2.txt;13;3,4,8,9,10,12,11,1,6,0,2,7,5;0;30796
NearestNeighborhood;7;data/FIS13-2.txt;13;3,4,8,9,10,12,11,1,6,0,2,7,5;0;30796
NearestNeighborhood;8;data/FIS13-2.txt;13;3,4,8,9,10,12,11,1,6,0,2,7,5;0;30796
NearestNeighborhood;9;data/FIS13-2.txt;13;3,4,8,9,10,12,11,1,6,0,2,7,5;0;30796
NearestNeighborhood;10;data/FIS13-2.txt;13;3,4,8,9,10,12,11,1,6,0,2,7,5;0;30796
NearestNeighborhood;11;data/FIS13-2.txt;13;3,4,8,9,10,12,11,1,6,0,2,7,5;0;30796
NearestNeighborhood;12;data/FIS13-2.txt;13;3,4,8,9,10,12,11,1,6,0,2,7,5;0;30796
NearestNeighborhood;13;data/FIS13-2.txt;13;3,4,8,9,10,12,11,1,6,0,2,7,5;0;30796
NearestNeighborhood;14;data/FIS13-2.txt;13;3,4,8,9,10,12,11,1,6,0,2,7,5;0;30796
NearestNeighborhood;15;data/FIS13-2.txt;13;3,4,8,9,10,12,11,1,6,0,2,7,5;0;30796
NearestNeighborhood;16;data/FIS13-2.txt;13;3,4,8,9,10,12,11,1,6,0,2,7,5;0;30796
NearestNeighborhood;17;data/FIS13-2.txt;13;3,4,8,9,10,12,11,1,6,0,2,7,5;0;30796
NearestNeighborhood;18;data/FIS13-2.txt;13;3,4,8,9,10,12,11,1,6,0,2,7,5;0;30796
NearestNeighborhood;19;data/FIS13-2.txt;13;3,4,8,9,10,12,11,1,6,0,2,7,5;0;30796
NearestNeighborhood;20;data/FIS13-2.txt;13;3,4,8,9,10,12,11,1,6,0,2,7,5;0;30796
NearestNeighborhood;21;data/FIS13-2.txt;13;3,4,8,9,10,12,11,1,6,0,2,7,5;0;30796
NearestNeighborhood;22;data/FIS13-2.txt;13;3,4,8,9,10,12,11,1,6,0,2,7,5;0;30796
NearestNeighborhood;23;data/FIS13-2.txt;13;3,4,8,9,10,12,11,1,6,0,2,7,5;0;30796
NearestNeighborhood;24;data/FIS13-2.txt;13;3,4,8,9,10,12,11,1,6,0,2,7,5;0;30796
NearestNeighborhood;25;data/FIS13-2.txt;13;3,4,8,9,10,12,11,1,6,0,2,7,5;0;30796
NearestNeighborhood;26;data/FIS13-2.txt;13;3,4,8,9,10,12,11,1,6,0,2,7,5;0;30796
NearestNeighborhood;27;data/FIS13-2.txt;13;3,4,8,9,10,12,11,1,6,0,2,7,5;0;30796
NearestNeighborhood;28;data/FIS13-2.txt;13;3,4,8,9,10,12,11,1,6,0,2,7,5;0;30796
NearestNeighborhood;29;data/FIS13-2.txt;13;3,4,8,9,10,12,11,1,6,0,2,7,5;0;30796
NearestNeighborhood;30;data/FIS13-2.txt;13;3,4,8,9,10,12,11,1,6,0,2,7,5;0;30796
NearestNeighborhood;1;data/FIS13-3.txt;13;0,8,10,9,4,3,2,7,11,12,1,5,6;0;34267
NearestNeighborhood;2;data/FIS13-3.txt;13;0,8,10,9,4,3,2,7,11,12,1,5,6;0;34267
NearestNeighborhood;3;data/FIS13-3.txt;13;0,8,10,9,4,3,2,7,11,12,1,5,6;0;34267
NearestNeighborhood;4;data/FIS13-3.txt;13;0,8,10,9,4,3,2,7,11,12,1,5,6;0;34267
NearestNeighborhood;5;data/FIS13-3.txt;13;0,8,10,9,4,3,2,7,11,12,1,5,6;0;34267
NearestNeighborhood;6;data/FIS13-3.txt;13;0,8,10,9,4,3,2,7,11,12,1,5,6;0;34267
NearestNeighborhood;7;data/FIS13-3.txt;13;0,8,10,9,4,3,2,7,11,12,1,5,6;0;34267
NearestNeighborhood;8;data/FIS13-3.txt;13;0,8,10,9,4,3,2,7,11,12,1,5,6;0;34267
NearestNeighborhood;9;data/FIS13-3.txt;13;0,8,10,9,4,3,2,7,11,12,1,5,6;0;34267
NearestNeighborhood;10;data/FIS13-3.txt;13;0,8,10,9,4,3,2,7,11,12,1,5,6;0;34267
NearestNeighborhood;11;data/FIS13-3.txt;13;0,8,10,9,4,3,2,7,11,12,1,5,6;0;34267
NearestNeighborhood;12;data/FIS13-3.txt;13;0,8,10,9,4,3,2,7,11,12,1,5,6;0;34267
NearestNeighborhood;13;data/FIS13-3.txt;13;0,8,10,9,4,3,2,7,11,12,1,5,6;0;34267
NearestNeighborhood;14;data/FIS13-3.txt;13;0,8,10,9,4,3,2,7,11,12,1,5,6;0;34267
NearestNeighborhood;15;data/FIS13-3.txt;13;0,8,10,9,4,3,2,7,11,12,1,5,6;0;34267
NearestNeighborhood;16;data/FIS13-3.txt;13;0,8,10,9,4,3,2,7,11,12,1,5,6;0;34267
NearestNeighborhood;17;data/FIS13-3.txt;13;0,8,10,9,4,3,2,7,11,12,1,5,6;0;34267
NearestNeighborhood;18;data/FIS13-3.txt;13;0,8,10,9,4,3,2,7,11,12,1,5,6;0;34267
NearestNeighborhood;19;data/FIS13-3.txt;13;0,8,10,9,4,3,2,7,11,12,1,5,6;0;34267
NearestNeighborhood;20;data/FIS13-3.txt;13;0,8,10,9,4,3,2,7,11,12,1,5,6;0;34267
NearestNeighborhood;21;data/FIS13-3.txt;13;0,8,10,9,4,3,2,7,11,12,1,5,6;0;34267
NearestNeighborhood;22;data/FIS13-3.txt;13;0,8,10,9,4,3,2,7,11,12,1,5,6;0;34267
NearestNeighborhood;23;data/FIS13-3.txt;13;0,8,10,9,4,3,2,7,11,12,1,5,6;0;34267
NearestNeighborhood;24;data/FIS13-3.txt;13;0,8,10,9,4,3,2,7,11,12,1,5,6;0;34267
NearestNeighborhood;25;data/FIS13-3.txt;13;0,8,10,9,4,3,2,7,11,12,1,5,6;0;34267
NearestNeighborhood;26;data/FIS13-3.txt;13;0,8,10,9,4,3,2,7,11,12,1,5,6;0;34267
NearestNeighborhood;27;data/FIS13-3.txt;13;0,8,10,9,4,3,2,7,11,12,1,5,6;0;34267
NearestNeighborhood;28;data/FIS13-3.txt;13;0,8,10,9,4,3,2,7,11,12,1,5,6;0;34267
NearestNeighborhood;29;data/FIS13-3.txt;13;0,8,10,9,4,3,2,7,11,12,1,5,6;0;34267
NearestNeighborhood;30;data/FIS13-3.txt;13;0,8,10,9,4,3,2,7,11,12,1,5,6;0;34267
NearestNeighborhood;1;data/FIS13-4.txt;13;3,0,1,4,10,7,12,8,2,5,6,11,9;0;30161
NearestNeighborhood;2;data/FIS13-4.txt;13;3,0,1,4,10,7,12,8,2,5,6,11,9;0;30161
NearestNeighborhood;3;data/FIS13-4.txt;13;3,0,1,4,10,7,12,8,2,5,6,11,9;0;30161
NearestNeighborhood;4;data/FIS13-4.txt;13;3,0,1,4,10,7,12,8,2,5,6,11,9;0;30161
NearestNeighborhood;5;data/FIS13-4.txt;13;3,0,1,4,10,7,12,8,2,5,6,11,9;0;30161
NearestNeighborhood;6;data/FIS13-4.txt;13;3,0,1,4,10,7,12,8,2,5,6,11,9;0;30161
NearestNeighborhood;7;data/FIS13-4.txt;13;3,0,1,4,10,7,12,8,2,5,6,11,9;0;30161
NearestNeighborhood;8;data/FIS13-4.txt;13;3,0,1,4,10,7,12,8,2,5,6,11,9;0;30161
NearestNeighborhood;9;data/FIS13-4.txt;13;3,0,1,4,10,7,12,8,2,5,6,11,9;0;30161
NearestNeighborhood;10;data/FIS13-4.txt;13;3,0,1,4,10,7,12,8,2,5,6,11,9;0;30161
NearestNeighborhood;11;data/FIS13-4.txt;13;3,0,1,4,10,7,12,8,2,5,6,11,9;0;30161
NearestNeighborhood;12;data/FIS13-4.txt;13;3,0,1,4,10,7,12,8,2,5,6,11,9;0;30161
NearestNeighborhood;13;data/FIS13-4.txt;13;3,0,1,4,10,7,12,8,2,5,6,11,9;0;30161
NearestNeighborhood;14;data/FIS13-4.txt;13;3,0,1,4,10,7,12,8,2,5,6,11,9;0;30161
NearestNeighborhood;15;data/FIS13-4.txt;13;3,0,1,4,10,7,12,8,2,5,6,11,9;0;30161
NearestNeighborhood;16;data/FIS13-4.txt;13;3,0,1,4,10,7,12,8,2,5,6,11,9;0;30161
NearestNeighborhood;17;data/FIS13-4.txt;13;3,0,1,4,10,7,12,8,2,5,6,11,9;0;30161
NearestNeighborhood;18;data/FIS13-4.txt;13;3,0,1,4,10,7,12,8,2,5,6,11,9;0;30161
NearestNeighborhood;19;data/FIS13-4.txt;13;3,0,1,4,10,7,12,8,2,5,6,11,9;0;30161
NearestNeighborhood;20;data/FIS13-4.txt;13;3,0,1,4,10,7,12,8,2,5,6,11,9;0;30161
NearestNeighborhood;21;data/FIS13-4.txt;13;3,0,1,4,10,7,12,8,2,5,6,11,9;0;30161
NearestNeighborhood;22;data/FIS13-4.txt;13;3,0,1,4,10,7,12,8,2,5,6,11,9;0;30161
NearestNeighborhood;23;data/FIS13-4.txt;13;3,0,1,4,10,7,12,8,2,5,6,11,9;0;30161
NearestNeighborhood;24;data/FIS13-4.txt;13;3,0,1,4,10,7,12,8,2,5,6,11,9;0;30161
NearestNeighborhood;25;data/FIS13-4.txt;13;3,0,1,4,10,7,12,8,2,5,6,11,9;0;30161
NearestNeighborhood;26;data/FIS13-4.txt;13;3,0,1,4,10,7,12,8,2,5,6,11,9;0;30161
NearestNeighborhood;27;data/FIS13-4.txt;13;3,0,1,4,10,7,12,8,2,5,6,11,9;0;30161
NearestNeighborhood;28;data/FIS13-4.txt;13;3,0,1,4,10,7,12,8,2,5,6,11,9;0;30161
NearestNeighborhood;29;data/FIS13-4.txt;13;3,0,1,4,10,7,12,8,2,5,6,11,9;0;30161
NearestNeighborhood;30;data/FIS13-4.txt;13;3,0,1,4,10,7,12,8,2,5,6,11,9;0;30161
NearestNeighborhood;1;data/FIS14-0.txt;14;13,1,3,7,10,12,11,0,5,8,9,6,4,2;0;35777
NearestNeighborhood;2;data/FIS14-0.txt;14;13,1,3,7,10,12,11,0,5,8,9,6,4,2;0;35777
NearestNeighborhood;3;data/FIS14-0.txt;14;13,1,3,7,10,12,11,0,5,8,9,6,4,2;0;35777
NearestNeighborhood;4;data/FIS14-0.txt;14;13,1,3,7,10,12,11,0,5,8,9,6,4,2;0;35777
NearestNeighborhood;5;data/FIS14-0.txt;14;13,1,3,7,10,12,11,0,5,8,9,6,4,2;0;35777
NearestNeighborhood;6;data/FIS14-0.txt;14;13,1,3,7,10,12,11,0,5,8,9,6,4,2;0;35777
NearestNeighborhood;7;data/FIS14-0.txt;14;13,1,3,7,10,12,11,0,5,8,9,6,4,2;0;35777
NearestNeighborhood;8;data/FIS14-0.txt;14;13,1,3,7,10,12,11,0,5,8,9,6,4,2;0;35777
NearestNeighborhood;9;data/FIS14-0.txt;14;13,1,3,7,10,12,11,0,5,8,9,6,4,2;0;35777
NearestNeighborhood;10;data/FIS14-0.txt;14;13,1,3,7,10,12,11,0,5,8,9,6,4,2;0;35777
NearestNeighborhood;11;data/FIS14-0.txt;14;13,1,3,7,10,12,11,0,5,8,9,6,4,2;0;35777
NearestNeighborhood;12;data/FIS14-0.txt;14;13,1,3,7,10,12,11,0,5,8,9,6,4,2;0;35777
NearestNeighborhood;13;data/FIS14-0.txt;14;13,1,3,7,10,12,11,0,5,8,9,6,4,2;0;35777
NearestNeighborhood;14;data/FIS14-0.txt;14;13,1,3,7,10,12,11,0,5,8,9,6,4,2;0;35777
NearestNeighborhood;15;data/FIS14-0.txt;14;13,1,3,7,10,12,11,0,5,8,9,6,4,2;0;35777
NearestNeighborhood;16;data/FIS14-0.txt;14;13,1,3,7,10,12,11,0,5,8,9,6,4,2;0;35777
NearestNeighborhood;17;data/FIS14-0.txt;14;13,1,3,7,10,12,11,0,5,8,9,6,4,2;0;35777
NearestNeighborhood;18;data/FIS14-0.txt;14;13,1,3,7,10,12,11,0,5,8,9,6,4,2;0;35777
NearestNeighborhood;19;data/FIS14-0.txt;14;13,1,3,7,10,12,11,0,5,8,9,6,4,2;0;35777
NearestNeighborhood;20;data/FIS14-0.txt;14;13,1,3,7,10,12,11,0,5,8,9,6,4,2;0;35777
NearestNeighborhood;21;data/FIS14-0.txt;14;13,1,3,7,10,12,11,0,5,8,9,6,4,2;0;35777
NearestNeighborhood;22;data/FIS14-0.txt;14;13,1,3,7,10,12,11,0,5,8,9,6,4,2;0;35777
NearestNeighborhood;23;data/FIS14-0.txt;14;13,1,3,7,10,12,11,0,5,8,9,6,4,2;0;35777
NearestNeighborhood;24;data/FIS14-0.txt;14;13,1,3,7,10,12,11,0,5,8,9,6,4,2;0;35777
NearestNeighborhood;25;data/FIS14-0.txt;14;13,1,3,7,10,12,11,0,5,8,9,6,4,2;0;35777
NearestNeighborhood;26;data/FIS14-0.txt;14;13,1,3,7,10,12,11,0,5,8,9,6,4,2;0;35777
NearestNeighborhood;27;data/FIS14-0.txt;14;13,1,3,7,10,12,11,0,5,8,9,6,4,2;0;35777
NearestNeighborhood;28;data/FIS14-0.txt;14;13,1,3,7,10,12,11,0,5,8,9,6,4,2;0;35777
NearestNeighborhood;29;data/FIS14-0.txt;14;13,1,3,7,10,12,11,0,5,8,9,6,4,2;0;35777
NearestNeighborhood;30;data/FIS14-0.txt;14;13,1,3,7,10,12,11,0,5,8,9,6,4,2;0;35777
NearestNeighborhood;1;data/FIS14-1.txt;14;0,12,1,13,10,6,8,11,9,7,5,4,2,3;0;44642
NearestNeighborhood;2;data/FIS14-1.txt;14;0,12,1,13,10,6,8,11,9,7,5,4,2,3;0;44642
NearestNeighborhood;3;data/FIS14-1.txt;14;0,12,1,13,10,6,8,11,9,7,5,4,2,3;0;44642
NearestNeighborhood;4;data/FIS14-1.txt;14;0,12,1,13,10,6,8,11,9,7,5,4,2,3;0;44642
NearestNeighborhood;5;data/FIS14-1.txt;14;0,12,1,13,10,6,8,11,9,7,5,4,2,3;0;44642
NearestNeighborhood;6;data/FIS14-1.txt;14;0,12,1,13,10,6,8,11,9,7,5,4,2,3;0;44642
NearestNeighborhood;7;data/FIS14-1.txt;14;0,12,1,13,10,6,8,11,9,7,5,4,2,3;0;44642
NearestNeighborhood;8;data/FIS14-1.txt;14;0,12,1,13,10,6,8,11,9,7,5,4,2,3;0;44642
NearestNeighborhood;9;data/FIS14-1.txt;14;0,12,1,13,10,6,8,11,9,7,5,4,2,3;0;44642
NearestNeighborhood;10;data/FIS14-1.txt;14;0,12,1,13,10,6,8,11,9,7,5,4,2,3;0;44642
NearestNeighborhood;11;data/FIS14-1.txt;14;0,12,1,13,10,6,8,11,9,7,5,4,2,3;0;44642
NearestNeighborhood;12;data/FIS14-1.txt;14;0,12,1,13,10,6,8,11,9,7,5,4,2,3;0;44642
NearestNeighborhood;13;data/FIS14-1.txt;14;0,12,1,13,10,6,8,11,9,7,5,4,2,3;0;44642
NearestNeighborhood;14;data/FIS14-1.txt;14;0,12,1,13,10,6,8,11,9,7,5,4,2,3;0;44642
NearestNeighborhood;15;data/FIS14-1.txt;14;0,12,1,13,10,6,8,11,9,7,5,4,2,3;0;44642
NearestNeighborhood;16;data/FIS14-1.txt;14;0,12,1,13,10,6,8,11,9,7,5,4,2,3;0;44642
NearestNeighborhood;17;data/FIS14-1.txt;14;0,12,1,13,10,6,8,11,9,7,5,4,2,3;0;44642
NearestNeighborhood;18;data/FIS14-1.txt;14;0,12,1,13,10,6,8,11,9,7,5,4,2,3;0;44642
NearestNeighborhood;19;data/FIS14-1.txt;14;0,12,1,13,10,6,8,11,9,7,5,4,2,3;0;44642
NearestNeighborhood;20;data/FIS14-1.txt;14;0,12,1,13,10,6,8,11,9,7,5,4,2,3;0;44642
NearestNeighborhood;21;data/FIS14-1.txt;14;0,12,1,13,10,6,8,11,9,7,5,4,2,3;0;44642
NearestNeighborhood;22;data/FIS14-1.txt;14;0,12,1,13,10,6,8,11,9,7,5,4,2,3;0;44642
NearestNeighborhood;23;data/FIS14-1.txt;14;0,12,1,13,10,6,8,11,9,7,5,4,2,3;0;44642
NearestNeighborhood;24;data/FIS14-1.txt;14;0,12,1,13,10,6,8,11,9,7,5,4,2,3;0;44642
NearestNeighborhood;25;data/FIS14-1.txt;14;0,12,1,13,10,6,8,11,9,7,5,4,2,3;0;44642
NearestNeighborhood;26;data/FIS14-1.txt;14;0,12,1,13,10,6,8,11,9,7,5,4,2,3;0;44642
NearestNeighborhood;27;data/FIS14-1.txt;14;0,12,1,13,10,6,8,11,9,7,5,4,2,3;0;44642
NearestNeighborhood;28;data/FIS14-1.txt;14;0,12,1,13,10,6,8,11,9,7,5,4,2,3;0;44642
NearestNeighborhood;29;data/FIS14-1.txt;14;0,12,1,13,10,6,8,11,9,7,5,4,2,3;0;44642
NearestNeighborhood;30;data/FIS14-1.txt;14;0,12,1,13,10,6,8,11,9,7,5,4,2,3;0;44642
NearestNeighborhood;1;data/FIS14-2.txt;14;9,3,1,0,4,12,13,2,7,11,8,10,5,6;0;31066
NearestNeighborhood;2;data/FIS14-2.txt;14;9,3,1,0,4,12,13,2,7,11,8,10,5,6;0;31066
NearestNeighborhood;3;data/FIS14-2.txt;14;9,3,1,0,4,12,13,2,7,11,8,10,5,6;0;31066
NearestNeighborhood;4;data/FIS14-2.txt;14;9,3,1,0,4,12,13,2,7,11,8,10,5,6;0;31066
NearestNeighborhood;5;data/FIS14-2.txt;14;9,3,1,0,4,12,13,2,7,11,8,10,5,6;0;31066
NearestNeighborhood;6;data/FIS14-2.txt;14;9,3,1,0,4,12,13,2,7,11,8,10,5,6;0;31066
NearestNeighborhood;7;data/FIS14-2.txt;14;9,3,1,0,4,12,13,2,7,11,8,10,5,6;0;31066
NearestNeighborhood;8;data/FIS14-2.txt;14;9,3,1,0,4,12,13,2,7,11,8,10,5,6;0;31066
NearestNeighborhood;9;data/FIS14-2.txt;14;9,3,1,0,4,12,13,2,7,11,8,10,5,6;0;31066
NearestNeighborhood;10;data/FIS14-2.txt;14;9,3,1,0,4,12,13,2,7,11,8,10,5,6;0;31066
NearestNeighborhood;11;data/FIS14-2.txt;14;9,3,1,0,4,12,13,2,7,11,8,10,5,6;0;31066
NearestNeighborhood;12;data/FIS14-2.txt;14;9,3,1,0,4,12,13,2,7,11,8,10,5,6;0;31066
NearestNeighborhood;13;data/FIS14-2.txt;14;9,3,1,0,4,12,13,2,7,11,8,10,5,6;0;31066
NearestNeighborhood;14;data/FIS14-2.txt;14;9,3,1,0,4,12,13,2,7,11,8,10,5,6;0;31066
NearestNeighborhood;15;data/FIS14-2.txt;14;9,3,1,0,4,12,13,2,7,11,8,10,5,6;0;31066
NearestNeighborhood;16;data/FIS14-2.txt;14;9,3,1,0,4,12,13,2,7,11,8,10,5,6;0;31066
NearestNeighborhood;17;data/FIS14-2.txt;14;9,3,1,0,4,12,13,2,7,11,8,10,5,6;0;31066
NearestNeighborhood;18;data/FIS14-2.txt;14;9,3,1,0,4,12,13,2,7,11,8,10,5,6;0;31066
NearestNeighborhood;19;data/FIS14-2.txt;14;9,3,1,0,4,12,13,2,7,11,8,10,5,6;0;31066
NearestNeighborhood;20;data/FIS14-2.txt;14;9,3,1,0,4,12,13,2,7,11,8,10,5,6;0;31066
NearestNeighborhood;21;data/FIS14-2.txt;14;9,3,1,0,4,12,13,2,7,11,8,10,5,6;0;31066
NearestNeighborhood;22;data/FIS14-2.txt;14;9,3,1,0,4,12,13,2,7,11,8,10,5,6;0;31066
NearestNeighborhood;23;data/FIS14-2.txt;14;9,3,1,0,4,12,13,2,7,11,8,10,5,6;0;31066
NearestNeighborhood;24;data/FIS14-2.txt;14;9,3,1,0,4,12,13,2,7,11,8,10,5,6;0;31066
NearestNeighborhood;25;data/FIS14-2.txt;14;9,3,1,0,4,12,13,2,7,11,8,10,5,6;0;31066
NearestNeighborhood;26;data/FIS14-2.txt;14;9,3,1,0,4,12,13,2,7,11,8,10,5,6;0;31066
NearestNeighborhood;27;data/FIS14-2.txt;14;9,3,1,0,4,12,13,2,7,11,8,10,5,6;0;31066
NearestNeighborhood;28;data/FIS14-2.txt;14;9,3,1,0,4,12,13,2,7,11,8,10,5,6;0;31066
NearestNeighborhood;29;data/FIS14-2.txt;14;9,3,1,0,4,12,13,2,7,11,8,10,5,6;0;31066
NearestNeighborhood;30;data/FIS14-2.txt;14;9,3,1,0,4,12,13,2,7,11,8,10,5,6;0;31066
NearestNeighborhood;1;data/FIS14-3.txt;14;3,12,10,13,1,2,4,7,5,8,6,11,9,0;0;34227
NearestNeighborhood;2;data/FIS14-3.txt;14;3,12,10,13,1,2,4,7,5,8,6,11,9,0;0;34227
NearestNeighborhood;3;data/FIS14-3.txt;14;3,12,10,13,1,2,4,7,5,8,6,11,9,0;0;34227
NearestNeighborhood;4;data/FIS14-3.txt;14;3,12,10,13,1,2,4,7,5,8,6,11,9,0;0;34227
NearestNeighborhood;5;data/FIS14-3.txt;14;3,12,10,13,1,2,4,7,5,8,6,11,9,0;0;34227
NearestNeighborhood;6;data/FIS14-3.txt;14;3,12,10,13,1,2,4,7,5,8,6,11,9,0;0;34227
NearestNeighborhood;7;data/FIS14-3.txt;14;3,12,10,13,1,2,4,7,5,8,6,11,9,0;0;34227
NearestNeighborhood;8;data/FIS14-3.txt;14;3,12,10,13,1,2,4,7,5,8,6,11,9,0;0;34227
NearestNeighborhood;9;data/FIS14-3.txt;14;3,12,10,13,1,2,4,7,5,8,6,11,9,0;0;34227
NearestNeighborhood;10;data/FIS14-3.txt;14;3,12,10,13,1,2,4,7,5,8,6,11,9,0;0;34227
NearestNeighborhood;11;data/FIS14-3.txt;14;3,12,10,13,1,2,4,7,5,8,6,11,9,0;0;34227
NearestNeighborhood;12;data/FIS14-3.txt;14;3,12,10,13,1,2,4,7,5,8,6,11,9,0;0;34227
NearestNeighborhood;13;data/FIS14-3.txt;14;3,12,10,13,1,2,4,7,5,8,6,11,9,0;0;34227
NearestNeighborhood;14;data/FIS14-3.txt;14;3,12,10,13,1,2,4,7,5,8,6,11,9,0;0;34227
NearestNeighborhood;15;data/FIS14-3.txt;14;3,12,10,13,1,2,4,7,5,8,6,11,9,0;0;34227
NearestNeighborhood;16;data/FIS14-3.txt;14;3,12,10,13,1,2,4,7,5,8,6,11,9,0;0;34227
NearestNeighborhood;17;data/FIS14-3.txt;14;3,12,10,13,1,2,4,7,5,8,6,11,9,0;0;34227
NearestNeighborhood;18;data/FIS14-3.txt;14;3,12,10,13,1,2,4,7,5,8,6,11,9,0;0;34227
NearestNeighborhood;19;data/FIS14-3.txt;14;3,12,10,13,1,2,4,7,5,8,6,11,9,0;0;34227
NearestNeighborhood;20;data/FIS14-3.txt;14;3,12,10,13,1,2,4,7,5,8,6,11,9,0;0;34227
NearestNeighborhood;21;data/FIS14-3.txt;14;3,12,10,13,1,2,4,7,5,8,6,11,9,0;0;34227
NearestNeighborhood;22;data/FIS14-3.txt;14;3,12,10,13,1,2,4,7,5,8,6,11,9,0;0;34227
NearestNeighborhood;23;data/FIS14-3.txt;14;3,12,10,13,1,2,4,7,5,8,6,11,9,0;0;34227
NearestNeighborhood;24;data/FIS14-3.txt;14;3,12,10,13,1,2,4,7,5,8,6,11,9,0;0;34227
NearestNeighborhood;25;data/FIS14-3.txt;14;3,12,10,13,1,2,4,7,5,8,6,11,9,0;0;34227
NearestNeighborhood;26;data/FIS14-3.txt;14;3,12,10,13,1,2,4,7,5,8,6,11,9,0;0;34227
NearestNeighborhood;27;data/FIS14-3.txt;14;3,12,10,13,1,2,4,7,5,8,6,11,9,0;0;34227
NearestNeighborhood;28;data/FIS14-3.txt;14;3,12,10,13,1,2,4,7,5,8,6,11,9,0;0;34227
NearestNeighborhood;29;data/FIS14-3.txt;14;3,12,10,13,1,2,4,7,5,8,6,11,9,0;0;34227
NearestNeighborhood;30;data/FIS14-3.txt;14;3,12,10,13,1,2,4,7,5,8,6,11,9,0;0;34227
NearestNeighborhood;1;data/FIS14-4.txt;14;13,1,5,0,8,4,7,3,2,12,11,6,9,10;0;35876
NearestNeighborhood;2;data/FIS14-4.txt;14;13,1,5,0,8,4,7,3,2,12,11,6,9,10;0;35876
NearestNeighborhood;3;data/FIS14-4.txt;14;13,1,5,0,8,4,7,3,2,12,11,6,9,10;0;35876
NearestNeighborhood;4;data/FIS14-4.txt;14;13,1,5,0,8,4,7,3,2,12,11,6,9,10;0;35876
NearestNeighborhood;5;data/FIS14-4.txt;14;13,1,5,0,8,4,7,3,2,12,11,6,9,10;0;35876
NearestNeighborhood;6;data/FIS14-4.txt;14;13,1,5,0,8,4,7,3,2,12,11,6,9,10;0;35876
NearestNeighborhood;7;data/FIS14-4.txt;14;13,1,5,0,8,4,7,3,2,12,11,6,9,10;0;35876
NearestNeighborhood;8;data/FIS14-4.txt;14;13,1,5,0,8,4,7,3,2,12,11,6,9,10;0;35876
NearestNeighborhood;9;data/FIS14-4.txt;14;13,1,5,0,8,4,7,3,2,12,11,6,9,10;0;35876
NearestNeighborhood;10;data/FIS14-4.txt;14;13,1,5,0,8,4,7,3,2,12,11,6,9,10;0;35876
NearestNeighborhood;11;data/FIS14-4.txt;14;13,1,5,0,8,4,7,3,2,12,11,6,9,10;0;35876
NearestNeighborhood;12;data/FIS14-4.txt;14;13,1,5,0,8,4,7,3,2,12,11,6,9,10;0;35876
NearestNeighborhood;13;data/FIS14-4.txt;14;13,1,5,0,8,4,7,3,2,12,11,6,9,10;0;35876
NearestNeighborhood;14;data/FIS14-4.txt;14;13,1,5,0,8,4,7,3,2,12,11,6,9,10;0;35876
NearestNeighborhood;15;data/FIS14-4.txt;14;13,1,5,0,8,4,7,3,2,12,11,6,9,10;0;35876
NearestNeighborhood;16;data/FIS14-4.txt;14;13,1,5,0,8,4,7,3,2,12,11,6,9,10;0;35876
NearestNeighborhood;17;data/FIS14-4.txt;14;13,1,5,0,8,4,7,3,2,12,11,6,9,10;0;35876
NearestNeighborhood;18;data/FIS14-4.txt;14;13,1,5,0,8,4,7,3,2,12,11,6,9,10;0;35876
NearestNeighborhood;19;data/FIS14-4.txt;14;13,1,5,0,8,4,7,3,2,12,11,6,9,10;0;35876
NearestNeighborhood;20;data/FIS14-4.txt;14;13,1,5,0,8,4,7,3,2,12,11,6,9,10;0;35876
NearestNeighborhood;21;data/FIS14-4.txt;14;13,1,5,0,8,4,7,3,2,12,11,6,9,10;0;35876
NearestNeighborhood;22;data/FIS14-4.txt;14;13,1,5,0,8,4,7,3,2,12,11,6,9,10;0;35876
NearestNeighborhood;23;data/FIS14-4.txt;14;13,1,5,0,8,4,7,3,2,12,11,6,9,10;0;35876
NearestNeighborhood;24;data/FIS14-4.txt;14;13,1,5,0,8,4,7,3,2,12,11,6,9,10;0;35876
NearestNeighborhood;25;data/FIS14-4.txt;14;13,1,5,0,8,4,7,3,2,12,11,6,9,10;0;35876
NearestNeighborhood;26;data/FIS14-4.txt;14;13,1,5,0,8,4,7,3,2,12,11,6,9,10;0;35876
NearestNeighborhood;27;data/FIS14-4.txt;14;13,1,5,0,8,4,7,3,2,12,11,6,9,10;0;35876
NearestNeighborhood;28;data/FIS14-4.txt;14;13,1,5,0,8,4,7,3,2,12,11,6,9,10;0;35876
NearestNeighborhood;29;data/FIS14-4.txt;14;13,1,5,0,8,4,7,3,2,12,11,6,9,10;0;35876
NearestNeighborhood;30;data/FIS14-4.txt;14;13,1,5,0,8,4,7,3,2,12,11,6,9,10;0;35876
CheapestInsertion;1;data/FIS5-0.txt;5;0,2,1,4,3;0;18430
CheapestInsertion;2;data/FIS5-0.txt;5;0,2,1,4,3;0;18430
CheapestInsertion;3;data/FIS5-0.txt;5;0,2,1,4,3;0;18430
CheapestInsertion;4;data/FIS5-0.txt;5;0,2,1,4,3;0;18430
CheapestInsertion;5;data/FIS5-0.txt;5;0,2,1,4,3;0;18430
CheapestInsertion;6;data/FIS5-0.txt;5;0,2,1,4,3;0;18430
CheapestInsertion;7;data/FIS5-0.txt;5;0,2,1,4,3;0;18430
CheapestInsertion;8;data/FIS5-0.txt;5;0,2,1,4,3;0;18430
CheapestInsertion;9;data/FIS5-0.txt;5;0,2,1,4,3;0;18430
CheapestInsertion;10;data/FIS5-0.txt;5;0,2,1,4,3;0;18430
CheapestInsertion;11;data/FIS5-0.txt;5;0,2,1,4,3;0;18430
CheapestInsertion;12;data/FIS5-0.txt;5;0,2,1,4,3;0;18430
CheapestInsertion;13;data/FIS5-0.txt;5;0,2,1,4,3;0;18430
CheapestInsertion;14;data/FIS5-0.txt;5;0,2,1,4,3;0;18430
CheapestInsertion;15;data/FIS5-0.txt;5;0,2,1,4,3;0;18430
CheapestInsertion;16;data/FIS5-0.txt;5;0,2,1,4,3;0;18430
CheapestInsertion;17;data/FIS5-0.txt;5;0,2,1,4,3;0;18430
CheapestInsertion;18;data/FIS5-0.txt;5;0,2,1,4,3;0;18430
CheapestInsertion;19;data/FIS5-0.txt;5;0,2,1,4,3;0;18430
CheapestInsertion;20;data/FIS5-0.txt;5;0,2,1,4,3;0;18430
CheapestInsertion;21;data/FIS5-0.txt;5;0,2,1,4,3;0;18430
CheapestInsertion;22;data/FIS5-0.txt;5;0,2,1,4,3;0;18430
CheapestInsertion;23;data/FIS5-0.txt;5;0,2,1,4,3;0;18430
CheapestInsertion;24;data/FIS5-0.txt;5;0,2,1,4,3;0;18430
CheapestInsertion;25;data/FIS5-0.txt;5;0,2,1,4,3;0;18430
CheapestInsertion;26;data/FIS5-0.txt;5;0,2,1,4,3;0;18430
CheapestInsertion;27;data/FIS5-0.txt;5;0,2,1,4,3;0;18430
CheapestInsertion;28;data/FIS5-0.txt;5;0,2,1,4,3;0;18430
CheapestInsertion;29;data/FIS5-0.txt;5;0,2,1,4,3;0;18430
CheapestInsertion;30;data/FIS5-0.txt;5;0,2,1,4,3;0;18430
CheapestInsertion;1;data/FIS5-1.txt;5;0,4,2,3,1;0;22351
CheapestInsertion;2;data/FIS5-1.txt;5;0,4,2,3,1;0;22351
CheapestInsertion;3;data/FIS5-1.txt;5;0,4,2,3,1;0;22351
CheapestInsertion;4;data/FIS5-1.txt;5;0,4,2,3,1;0;22351
CheapestInsertion;5;data/FIS5-1.txt;5;0,4,2,3,1;0;22351
CheapestInsertion;6;data/FIS5-1.txt;5;0,4,2,3,1;0;22351
CheapestInsertion;7;data/FIS5-1.txt;5;0,4,2,3,1;0;22351
CheapestInsertion;8;data/FIS5-1.txt;5;0,4,2,3,1;0;22351
CheapestInsertion;9;data/FIS5-1.txt;5;0,4,2,3,1;0;22351
CheapestInsertion;10;data/FIS5-1.txt;5;0,4,2,3,1;0;22351
CheapestInsertion;11;data/FIS5-1.txt;5;0,4,2,3,1;0;22351
CheapestInsertion;12;data/FIS5-1.txt;5;0,4,2,3,1;0;22351
CheapestInsertion;13;data/FIS5-1.txt;5;0,4,2,3,1;0;22351
CheapestInsertion;14;data/FIS5-1.txt;5;0,4,2,3,1;0;22351
CheapestInsertion;15;data/FIS5-1.txt;5;0,4,2,3,1;0;22351
CheapestInsertion;16;data/FIS5-1.txt;5;0,4,2,3,1;0;22351
CheapestInsertion;17;data/FIS5-1.txt;5;0,4,2,3,1;0;22351
CheapestInsertion;18;data/FIS5-1.txt;5;0,4,2,3,1;0;22351
CheapestInsertion;19;data/FIS5-1.txt;5;0,4,2,3,1;0;22351
CheapestInsertion;20;data/FIS5-1.txt;5;0,4,2,3,1;0;22351
CheapestInsertion;21;data/FIS5-1.txt;5;0,4,2,3,1;0;22351
CheapestInsertion;22;data/FIS5-1.txt;5;0,4,2,3,1;0;22351
CheapestInsertion;23;data/FIS5-1.txt;5;0,4,2,3,1;0;22351
CheapestInsertion;24;data/FIS5-1.txt;5;0,4,2,3,1;0;22351
CheapestInsertion;25;data/FIS5-1.txt;5;0,4,2,3,1;0;22351
CheapestInsertion;26;data/FIS5-1.txt;5;0,4,2,3,1;0;22351
CheapestInsertion;27;data/FIS5-1.txt;5;0,4,2,3,1;0;22351
CheapestInsertion;28;data/FIS5-1.txt;5;0,4,2,3,1;0;22351
CheapestInsertion;29;data/FIS5-1.txt;5;0,4,2,3,1;0;22351
CheapestInsertion;30;data/FIS5-1.txt;5;0,4,2,3,1;0;22351
CheapestInsertion;1;data/FIS5-2.txt;5;1,4,2,3,0;0;15356
CheapestInsertion;2;data/FIS5-2.txt;5;1,4,2,3,0;0;15356
CheapestInsertion;3;data/FIS5-2.txt;5;1,4,2,3,0;0;15356
CheapestInsertion;4;data/FIS5-2.txt;5;1,4,2,3,0;0;15356
CheapestInsertion;5;data/FIS5-2.txt;5;1,4,2,3,0;0;15356
CheapestInsertion;6;data/FIS5-2.txt;5;1,4,2,3,0;0;15356
CheapestInsertion;7;data/FIS5-2.txt;5;1,4,2,3,0;0;15356
CheapestInsertion;8;data/FIS5-2.txt;5;1,4,2,3,0;0;15356
CheapestInsertion;9;data/FIS5-2.txt;5;1,4,2,3,0;0;15356
CheapestInsertion;10;data/FIS5-2.txt;5;1,4,2,3,0;0;15356
CheapestInsertion;11;data/FIS5-2.txt;5;1,4,2,3,0;0;15356
CheapestInsertion;12;data/FIS5-2.txt;5;1,4,2,3,0;0;15356
CheapestInsertion;13;data/FIS5-2.txt;5;1,4,2,3,0;0;15356
CheapestInsertion;14;data/FIS5-2.txt;5;1,4,2,3,0;0;15356
CheapestInsertion;15;data/FIS5-2.txt;5;1,4,2,3,0;0;15356
CheapestInsertion;16;data/FIS5-2.txt;5;1,4,2,3,0;0;15356
CheapestInsertion;17;data/FIS5-2.txt;5;1,4,2,3,0;0;15356
CheapestInsertion;18;data/FIS5-2.txt;5;1,4,2,3,0;0;15356
CheapestInsertion;19;data/FIS5-2.txt;5;1,4,2,3,0;0;15356
CheapestInsertion;20;data/FIS5-2.txt;5;1,4,2,3,0;0;15356
CheapestInsertion;21;data/FIS5-2.txt;5;1,4,2,3,0;0;15356
CheapestInsertion;22;data/FIS5-2.txt;5;1,4,2,3,0;0;15356
CheapestInsertion;23;data/FIS5-2.txt;5;1,4,2,3,0;0;15356
CheapestInsertion;24;data/FIS5-2.txt;5;1,4,2,3,0;0;15356
CheapestInsertion;25;data/FIS5-2.txt;5;1,4,2,3,0;0;15356
CheapestInsertion;26;data/FIS5-2.txt;5;1,4,2,3,0;0;15356
CheapestInsertion;27;data/FIS5-2.txt;5;1,4,2,3,0;0;15356
CheapestInsertion;28;data/FIS5-2.txt;5;1,4,2,3,0;0;15356
CheapestInsertion;29;data/FIS5-2.txt;5;1,4,2,3,0;0;15356
CheapestInsertion;30;data/FIS5-2.txt;5;1,4,2,3,0;0;15356
CheapestInsertion;1;data/FIS5-3.txt;5;3,0,1,4,2;0;21245
CheapestInsertion;2;data/FIS5-3.txt;5;3,0,1,4,2;0;21245
CheapestInsertion;3;data/FIS5-3.txt;5;3,0,1,4,2;0;21245
CheapestInsertion;4;data/FIS5-3.txt;5;3,0,1,4,2;0;21245
CheapestInsertion;5;data/FIS5-3.txt;5;3,0,1,4,2;0;21245
CheapestInsertion;6;data/FIS5-3.txt;5;3,0,1,4,2;0;21245
CheapestInsertion;7;data/FIS5-3.txt;5;3,0,1,4,2;0;21245
CheapestInsertion;8;data/FIS5-3.txt;5;3,0,1,4,2;0;21245
CheapestInsertion;9;data/FIS5-3.txt;5;3,0,1,4,2;0;21245
CheapestInsertion;10;data/FIS5-3.txt;5;3,0,1,4,2;0;21245
CheapestInsertion;11;data/FIS5-3.txt;5;3,0,1,4,2;0;21245
CheapestInsertion;12;data/FIS5-3.txt;5;3,0,1,4,2;0;21245
CheapestInsertion;13;data/FIS5-3.txt;5;3,0,1,4,2;0;21245
CheapestInsertion;14;data/FIS5-3.txt;5;3,0,1,4,2;0;21245
CheapestInsertion;15;data/FIS5-3.txt;5;3,0,1,4,2;0;21245
CheapestInsertion;16;data/FIS5-3.txt;5;3,0,1,4,2;0;21245
CheapestInsertion;17;data/FIS5-3.txt;5;3,0,1,4,2;0;21245
CheapestInsertion;18;data/FIS5-3.txt;5;3,0,1,4,2;0;21245
CheapestInsertion;19;data/FIS5-3.txt;5;3,0,1,4,2;0;21245
CheapestInsertion;20;data/FIS5-3.txt;5;3,0,1,4,2;0;21245
CheapestInsertion;21;data/FIS5-3.txt;5;3,0,1,4,2;0;21245
CheapestInsertion;22;data/FIS5-3.txt;5;3,0,1,4,2;0;21245
CheapestInsertion;23;data/FIS5-3.txt;5;3,0,1,4,2;0;21245
CheapestInsertion;24;data/FIS5-3.txt;5;3,0,1,4,2;0;21245
CheapestInsertion;25;data/FIS5-3.txt;5;3,0,1,4,2;0;21245
CheapestInsertion;26;data/FIS5-3.txt;5;3,0,1,4,2;0;21245
CheapestInsertion;27;data/FIS5-3.txt;5;3,0,1,4,2;0;21245
CheapestInsertion;28;data/FIS5-3.txt;5;3,0,1,4,2;0;21245
CheapestInsertion;29;data/FIS5-3.txt;5;3,0,1,4,2;0;21245
CheapestInsertion;30;data/FIS5-3.txt;5;3,0,1,4,2;0;21245
CheapestInsertion;1;data/FIS5-4.txt;5;1,0,2,3,4;0;19418
CheapestInsertion;2;data/FIS5-4.txt;5;1,0,2,3,4;0;19418
CheapestInsertion;3;data/FIS5-4.txt;5;1,0,2,3,4;0;19418
CheapestInsertion;4;data/FIS5-4.txt;5;1,0,2,3,4;0;19418
CheapestInsertion;5;data/FIS5-4.txt;5;1,0,2,3,4;0;19418
CheapestInsertion;6;data/FIS5-4.txt;5;1,0,2,3,4;0;19418
CheapestInsertion;7;data/FIS5-4.txt;5;1,0,2,3,4;0;19418
CheapestInsertion;8;data/FIS5-4.txt;5;1,0,2,3,4;0;19418
CheapestInsertion;9;data/FIS5-4.txt;5;1,0,2,3,4;0;19418
CheapestInsertion;10;data/FIS5-4.txt;5;1,0,2,3,4;0;19418
CheapestInsertion;11;data/FIS5-4.txt;5;1,0,2,3,4;0;19418
CheapestInsertion;12;data/FIS5-4.txt;5;1,0,2,3,4;0;19418
CheapestInsertion;13;data/FIS5-4.txt;5;1,0,2,3,4;0;19418
CheapestInsertion;14;data/FIS5-4.txt;5;1,0,2,3,4;0;19418
CheapestInsertion;15;data/FIS5-4.txt;5;1,0,2,3,4;0;19418
CheapestInsertion;16;data/FIS5-4.txt;5;1,0,2,3,4;0;19418
CheapestInsertion;17;data/FIS5-4.txt;5;1,0,2,3,4;0;19418
CheapestInsertion;18;data/FIS5-4.txt;5;1,0,2,3,4;0;19418
CheapestInsertion;19;data/FIS5-4.txt;5;1,0,2,3,4;0;19418
CheapestInsertion;20;data/FIS5-4.txt;5;1,0,2,3,4;0;19418
CheapestInsertion;21;data/FIS5-4.txt;5;1,0,2,3,4;0;19418
CheapestInsertion;22;data/FIS5-4.txt;5;1,0,2,3,4;0;19418
CheapestInsertion;23;data/FIS5-4.txt;5;1,0,2,3,4;0;19418
CheapestInsertion;24;data/FIS5-4.txt;5;1,0,2,3,4;0;19418
CheapestInsertion;25;data/FIS5-4.txt;5;1,0,2,3,4;0;19418
CheapestInsertion;26;data/FIS5-4.txt;5;1,0,2,3,4;0;19418
CheapestInsertion;27;data/FIS5-4.txt;5;1,0,2,3,4;0;19418
CheapestInsertion;28;data/FIS5-4.txt;5;1,0,2,3,4;0;19418
CheapestInsertion;29;data/FIS5-4.txt;5;1,0,2,3,4;0;19418
CheapestInsertion;30;data/FIS5-4.txt;5;1,0,2,3,4;0;19418
CheapestInsertion;1;data/FIS6-0.txt;6;0,5,2,3,4,1;0;19486
CheapestInsertion;2;data/FIS6-0.txt;6;0,5,2,3,4,1;0;19486
CheapestInsertion;3;data/FIS6-0.txt;6;0,5,2,3,4,1;0;19486
CheapestInsertion;4;data/FIS6-0.txt;6;0,5,2,3,4,1;0;19486
CheapestInsertion;5;data/FIS6-0.txt;6;0,5,2,3,4,1;0;19486
CheapestInsertion;6;data/FIS6-0.txt;6;0,5,2,3,4,1;0;19486
CheapestInsertion;7;data/FIS6-0.txt;6;0,5,2,3,4,1;0;19486
CheapestInsertion;8;data/FIS6-0.txt;6;0,5,2,3,4,1;0;19486
CheapestInsertion;9;data/FIS6-0.txt;6;0,5,2,3,4,1;0;19486
CheapestInsertion;10;data/FIS6-0.txt;6;0,5,2,3,4,1;0;19486
CheapestInsertion;11;data/FIS6-0.txt;6;0,5,2,3,4,1;0;19486
CheapestInsertion;12;data/FIS6-0.txt;6;0,5,2,3,4,1;0;19486
CheapestInsertion;13;data/FIS6-0.txt;6;0,5,2,3,4,1;0;19486
CheapestInsertion;14;data/FIS6-0.txt;6;0,5,2,3,4,1;0;19486
CheapestInsertion;15;data/FIS6-0.txt;6;0,5,2,3,4,1;0;19486
CheapestInsertion;16;data/FIS6-0.txt;6;0,5,2,3,4,1;0;19486
CheapestInsertion;17;data/FIS6-0.txt;6;0,5,2,3,4,1;0;19486
CheapestInsertion;18;data/FIS6-0.txt;6;0,5,2,3,4,1;0;19486
CheapestInsertion;19;data/FIS6-0.txt;6;0,5,2,3,4,1;0;19486
CheapestInsertion;20;data/FIS6-0.txt;6;0,5,2,3,4,1;0;19486
CheapestInsertion;21;data/FIS6-0.txt;6;0,5,2,3,4,1;0;19486
CheapestInsertion;22;data/FIS6-0.txt;6;0,5,2,3,4,1;0;19486
CheapestInsertion;23;data/FIS6-0.txt;6;0,5,2,3,4,1;0;19486
CheapestInsertion;24;data/FIS6-0.txt;6;0,5,2,3,4,1;0;19486
CheapestInsertion;25;data/FIS6-0.txt;6;0,5,2,3,4,1;0;19486
CheapestInsertion;26;data/FIS6-0.txt;6;0,5,2,3,4,1;0;19486
CheapestInsertion;27;data/FIS6-0.txt;6;0,5,2,3,4,1;0;19486
CheapestInsertion;28;data/FIS6-0.txt;6;0,5,2,3,4,1;0;19486
CheapestInsertion;29;data/FIS6-0.txt;6;0,5,2,3,4,1;0;19486
CheapestInsertion;30;data/FIS6-0.txt;6;0,5,2,3,4,1;0;19486
CheapestInsertion;1;data/FIS6-1.txt;6;2,3,1,0,5,4;0;19436
CheapestInsertion;2;data/FIS6-1.txt;6;2,3,1,0,5,4;0;19436
CheapestInsertion;3;data/FIS6-1.txt;6;2,3,1,0,5,4;0;19436
CheapestInsertion;4;data/FIS6-1.txt;6;2,3,1,0,5,4;0;19436
CheapestInsertion;5;data/FIS6-1.txt;6;2,3,1,0,5,4;0;19436
CheapestInsertion;6;data/FIS6-1.txt;6;2,3,1,0,5,4;0;19436
CheapestInsertion;7;data/FIS6-1.txt;6;2,3,1,0,5,4;0;19436
CheapestInsertion;8;data/FIS6-1.txt;6;2,3,1,0,5,4;0;19436
CheapestInsertion;9;data/FIS6-1.txt;6;2,3,1,0,5,4;0;19436
CheapestInsertion;10;data/FIS6-1.txt;6;2,3,1,0,5,4;0;19436
CheapestInsertion;11;data/FIS6-1.txt;6;2,3,1,0,5,4;0;19436
CheapestInsertion;12;data/FIS6-1.txt;6;2,3,1,0,5,4;0;19436
CheapestInsertion;13;data/FIS6-1.txt;6;2,3,1,0,5,4;0;19436
CheapestInsertion;14;data/FIS6-1.txt;6;2,3,1,0,5,4;0;19436
CheapestInsertion;15;data/FIS6-1.txt;6;2,3,1,0,5,4;0;19436
CheapestInsertion;16;data/FIS6-1.txt;6;2,3,1,0,5,4;0;19436
CheapestInsertion;17;data/FIS6-1.txt;6;2,3,1,0,5,4;0;19436
CheapestInsertion;18;data/FIS6-1.txt;6;2,3,1,0,5,4;0;19436
CheapestInsertion;19;data/FIS6-1.txt;6;2,3,1,0,5,4;0;19436
CheapestInsertion;20;data/FIS6-1.txt;6;2,3,1,0,5,4;0;19436
CheapestInsertion;21;data/FIS6-1.txt;6;2,3,1,0,5,4;0;19436
CheapestInsertion;22;data/FIS6-1.txt;6;2,3,1,0,5,4;0;19436
CheapestInsertion;23;data/FIS6-1.txt;6;2,3,1,0,5,4;0;19436
CheapestInsertion;24;data/FIS6-1.txt;6;2,3,1,0,5,4;0;19436
CheapestInsertion;25;data/FIS6-1.txt;6;2,3,1,0,5,4;0;19436
CheapestInsertion;26;data/FIS6-1.txt;6;2,3,1,0,5,4;0;19436
CheapestInsertion;27;data/FIS6-1.txt;6;2,3,1,0,5,4;0;19436
CheapestInsertion;28;data/FIS6-1.txt;6;2,3,1,0,5,4;0;19436
CheapestInsertion;29;data/FIS6-1.txt;6;2,3,1,0,5,4;0;19436
CheapestInsertion;30;data/FIS6-1.txt;6;2,3,1,0,5,4;0;19436
CheapestInsertion;1;data/FIS6-2.txt;6;4,1,0,2,3,5;0;23991
CheapestInsertion;2;data/FIS6-2.txt;6;4,1,0,2,3,5;0;23991
CheapestInsertion;3;data/FIS6-2.txt;6;4,1,0,2,3,5;0;23991
CheapestInsertion;4;data/FIS6-2.txt;6;4,1,0,2,3,5;0;23991
CheapestInsertion;5;data/FIS6-2.txt;6;4,1,0,2,3,5;0;23991
CheapestInsertion;6;data/FIS6-2.txt;6;4,1,0,2,3,5;0;23991
CheapestInsertion;7;data/FIS6-2.txt;6;4,1,0,2,3,5;0;23991
CheapestInsertion;8;data/FIS6-2.txt;6;4,1,0,2,3,5;0;23991
CheapestInsertion;9;data/FIS6-2.txt;6;4,1,0,2,3,5;0;23991
CheapestInsertion;10;data/FIS6-2.txt;6;4,1,0,2,3,5;0;23991
CheapestInsertion;11;data/FIS6-2.txt;6;4,1,0,2,3,5;0;23991
CheapestInsertion;12;data/FIS6-2.txt;6;4,1,0,2,3,5;0;23991
CheapestInsertion;13;data/FIS6-2.txt;6;4,1,0,2,3,5;0;23991
CheapestInsertion;14;data/FIS6-2.txt;6;4,1,0,2,3,5;0;23991
CheapestInsertion;15;data/FIS6-2.txt;6;4,1,0,2,3,5;0;23991
CheapestInsertion;16;data/FIS6-2.txt;6;4,1,0,2,3,5;0;23991
CheapestInsertion;17;data/FIS6-2.txt;6;4,1,0,2,3,5;0;23991
CheapestInsertion;18;data/FIS6-2.txt;6;4,1,0,2,3,5;0;23991
CheapestInsertion;19;data/FIS6-2.txt;6;4,1,0,2,3,5;0;23991
CheapestInsertion;20;data/FIS6-2.txt;6;4,1,0,2,3,5;0;23991
CheapestInsertion;21;data/FIS6-2.txt;6;4,1,0,2,3,5;0;23991
CheapestInsertion;22;data/FIS6-2.txt;6;4,1,0,2,3,5;0;23991
CheapestInsertion;23;data/FIS6-2.txt;6;4,1,0,2,3,5;0;23991
CheapestInsertion;24;data/FIS6-2.txt;6;4,1,0,2,3,5;0;23991
CheapestInsertion;25;data/FIS6-2.txt;6;4,1,0,2,3,5;0;23991
CheapestInsertion;26;data/FIS6-2.txt;6;4,1,0,2,3,5;0;23991
CheapestInsertion;27;data/FIS6-2.txt;6;4,1,0,2,3,5;0;23991
CheapestInsertion;28;data/FIS6-2.txt;6;4,1,0,2,3,5;0;23991
CheapestInsertion;29;data/FIS6-2.txt;6;4,1,0,2,3,5;0;23991
CheapestInsertion;30;data/FIS6-2.txt;6;4,1,0,2,3,5;0;23991
CheapestInsertion;1;data/FIS6-3.txt;6;2,4,1,3,5,0;0;13819
CheapestInsertion;2;data/FIS6-3.txt;6;2,4,1,3,5,0;0;13819
CheapestInsertion;3;data/FIS6-3.txt;6;2,4,1,3,5,0;0;13819
CheapestInsertion;4;data/FIS6-3.txt;6;2,4,1,3,5,0;0;13819
CheapestInsertion;5;data/FIS6-3.txt;6;2,4,1,3,5,0;0;13819
CheapestInsertion;6;data/FIS6-3.txt;6;2,4,1,3,5,0;0;13819
CheapestInsertion;7;data/FIS6-3.txt;6;2,4,1,3,5,0;0;13819
CheapestInsertion;8;data/FIS6-3.txt;6;2,4,1,3,5,0;0;13819
CheapestInsertion;9;data/FIS6-3.txt;6;2,4,1,3,5,0;0;13819
CheapestInsertion;10;data/FIS6-3.txt;6;2,4,1,3,5,0;0;13819
CheapestInsertion;11;data/FIS6-3.txt;6;2,4,1,3,5,0;0;13819
CheapestInsertion;12;data/FIS6-3.txt;6;2,4,1,3,5,0;0;13819
CheapestInsertion;13;data/FIS6-3.txt;6;2,4,1,3,5,0;0;13819
CheapestInsertion;14;data/FIS6-3.txt;6;2,4,1,3,5,0;0;13819
CheapestInsertion;15;data/FIS6-3.txt;6;2,4,1,3,5,0;0;13819
CheapestInsertion;16;data/FIS6-3.txt;6;2,4,1,3,5,0;0;13819
CheapestInsertion;17;data/FIS6-3.txt;6;2,4,1,3,5,0;0;13819
CheapestInsertion;18;data/FIS6-3.txt;6;2,4,1,3,5,0;0;13819
CheapestInsertion;19;data/FIS6-3.txt;6;2,4,1,3,5,0;0;13819
CheapestInsertion;20;data/FIS6-3.txt;6;2,4,1,3,5,0;0;13819
CheapestInsertion;21;data/FIS6-3.txt;6;2,4,1,3,5,0;0;13819
CheapestInsertion;22;data/FIS6-3.txt;6;2,4,1,3,5,0;0;13819
CheapestInsertion;23;data/FIS6-3.txt;6;2,4,1,3,5,0;0;13819
CheapestInsertion;24;data/FIS6-3.txt;6;2,4,1,3,5,0;0;13819
CheapestInsertion;25;data/FIS6-3.txt;6;2,4,1,3,5,0;0;13819
CheapestInsertion;26;data/FIS6-3.txt;6;2,4,1,3,5,0;0;13819
CheapestInsertion;27;data/FIS6-3.txt;6;2,4,1,3,5,0;0;13819
CheapestInsertion;28;data/FIS6-3.txt;6;2,4,1,3,5,0;0;13819
CheapestInsertion;29;data/FIS6-3.txt;6;2,4,1,3,5,0;0;13819
CheapestInsertion;30;data/FIS6-3.txt;6;2,4,1,3,5,0;0;13819
CheapestInsertion;1;data/FIS6-4.txt;6;1,2,4,0,5,3;0;16139
CheapestInsertion;2;data/FIS6-4.txt;6;1,2,4,0,5,3;0;16139
CheapestInsertion;3;data/FIS6-4.txt;6;1,2,4,0,5,3;0;16139
CheapestInsertion;4;data/FIS6-4.txt;6;1,2,4,0,5,3;0;16139
CheapestInsertion;5;data/FIS6-4.txt;6;1,2,4,0,5,3;0;16139
CheapestInsertion;6;data/FIS6-4.txt;6;1,2,4,0,5,3;0;16139
CheapestInsertion;7;data/FIS6-4.txt;6;1,2,4,0,5,3;0;16139
CheapestInsertion;8;data/FIS6-4.txt;6;1,2,4,0,5,3;0;16139
CheapestInsertion;9;data/FIS6-4.txt;6;1,2,4,0,5,3;0;16139
CheapestInsertion;10;data/FIS6-4.txt;6;1,2,4,0,5,3;0;16139
CheapestInsertion;11;data/FIS6-4.txt;6;1,2,4,0,5,3;0;16139
CheapestInsertion;12;data/FIS6-4.txt;6;1,2,4,0,5,3;0;16139
CheapestInsertion;13;data/FIS6-4.txt;6;1,2,4,0,5,3;0;16139
CheapestInsertion;14;data/FIS6-4.txt;6;1,2,4,0,5,3;0;16139
CheapestInsertion;15;data/FIS6-4.txt;6;1,2,4,0,5,3;0;16139
CheapestInsertion;16;data/FIS6-4.txt;6;1,2,4,0,5,3;0;16139
CheapestInsertion;17;data/FIS6-4.txt;6;1,2,4,0,5,3;0;16139
CheapestInsertion;18;data/FIS6-4.txt;6;1,2,4,0,5,3;0;16139
CheapestInsertion;19;data/FIS6-4.txt;6;1,2,4,0,5,3;0;16139
CheapestInsertion;20;data/FIS6-4.txt;6;1,2,4,0,5,3;0;16139
CheapestInsertion;21;data/FIS6-4.txt;6;1,2,4,0,5,3;0;16139
CheapestInsertion;22;data/FIS6-4.txt;6;1,2,4,0,5,3;0;16139
CheapestInsertion;23;data/FIS6-4.txt;6;1,2,4,0,5,3;0;16139
CheapestInsertion;24;data/FIS6-4.txt;6;1,2,4,0,5,3;0;16139
CheapestInsertion;25;data/FIS6-4.txt;6;1,2,4,0,5,3;0;16139
CheapestInsertion;26;data/FIS6-4.txt;6;1,2,4,0,5,3;0;16139
CheapestInsertion;27;data/FIS6-4.txt;6;1,2,4,0,5,3;0;16139
CheapestInsertion;28;data/FIS6-4.txt;6;1,2,4,0,5,3;0;16139
CheapestInsertion;29;data/FIS6-4.txt;6;1,2,4,0,5,3;0;16139
CheapestInsertion;30;data/FIS6-4.txt;6;1,2,4,0,5,3;0;16139
CheapestInsertion;1;data/FIS7-0.txt;7;1,4,2,6,3,5,0;0;16586
CheapestInsertion;2;data/FIS7-0.txt;7;1,4,2,6,3,5,0;0;16586
CheapestInsertion;3;data/FIS7-0.txt;7;1,4,2,6,3,5,0;0;16586
CheapestInsertion;4;data/FIS7-0.txt;7;1,4,2,6,3,5,0;0;16586
CheapestInsertion;5;data/FIS7-0.txt;7;1,4,2,6,3,5,0;0;16586
CheapestInsertion;6;data/FIS7-0.txt;7;1,4,2,6,3,5,0;0;16586
CheapestInsertion;7;data/FIS7-0.txt;7;1,4,2,6,3,5,0;0;16586
CheapestInsertion;8;data/FIS7-0.txt;7;1,4,2,6,3,5,0;0;16586
CheapestInsertion;9;data/FIS7-0.txt;7;1,4,2,6,3,5,0;0;16586
CheapestInsertion;10;data/FIS7-0.txt;7;1,4,2,6,3,5,0;0;16586
CheapestInsertion;11;data/FIS7-0.txt;7;1,4,2,6,3,5,0;0;16586
CheapestInsertion;12;data/FIS7-0.txt;7;1,4,2,6,3,5,0;0;16586
CheapestInsertion;13;data/FIS7-0.txt;7;1,4,2,6,3,5,0;0;16586
CheapestInsertion;14;data/FIS7-0.txt;7;1,4,2,6,3,5,0;0;16586
CheapestInsertion;15;data/FIS7-0.txt;7;1,4,2,6,3,5,0;0;16586
CheapestInsertion;16;data/FIS7-0.txt;7;1,4,2,6,3,5,0;0;16586
CheapestInsertion;17;data/FIS7-0.txt;7;1,4,2,6,3,5,0;0;16586
CheapestInsertion;18;data/FIS7-0.txt;7;1,4,2,6,3,5,0;0;16586
CheapestInsertion;19;data/FIS7-0.txt;7;1,4,2,6,3,5,0;0;16586
CheapestInsertion;20;data/FIS7-0.txt;7;1,4,2,6,3,5,0;0;16586
CheapestInsertion;21;data/FIS7-0.txt;7;1,4,2,6,3,5,0;0;16586
CheapestInsertion;22;data/FIS7-0.txt;7;1,4,2,6,3,5,0;0;16586
CheapestInsertion;23;data/FIS7-0.txt;7;1,4,2,6,3,5,0;0;16586
CheapestInsertion;24;data/FIS7-0.txt;7;1,4,2,6,3,5,0;0;16586
CheapestInsertion;25;data/FIS7-0.txt;7;1,4,2,6,3,5,0;0;16586
CheapestInsertion;26;data/FIS7-0.txt;7;1,4,2,6,3,5,0;0;16586
CheapestInsertion;27;data/FIS7-0.txt;7;1,4,2,6,3,5,0;0;16586
CheapestInsertion;28;data/FIS7-0.txt;7;1,4,2,6,3,5,0;0;16586
CheapestInsertion;29;data/FIS7-0.txt;7;1,4,2,6,3,5,0;0;16586
CheapestInsertion;30;data/FIS7-0.txt;7;1,4,2,6,3,5,0;0;16586
CheapestInsertion;1;data/FIS7-1.txt;7;2,0,3,6,1,4,5;0;21536
CheapestInsertion;2;data/FIS7-1.txt;7;2,0,3,6,1,4,5;0;21536
CheapestInsertion;3;data/FIS7-1.txt;7;2,0,3,6,1,4,5;0;21536
CheapestInsertion;4;data/FIS7-1.txt;7;2,0,3,6,1,4,5;0;21536
CheapestInsertion;5;data/FIS7-1.txt;7;2,0,3,6,1,4,5;0;21536
CheapestInsertion;6;data/FIS7-1.txt;7;2,0,3,6,1,4,5;0;21536
CheapestInsertion;7;data/FIS7-1.txt;7;2,0,3,6,1,4,5;0;21536
CheapestInsertion;8;data/FIS7-1.txt;7;2,0,3,6,1,4,5;0;21536
CheapestInsertion;9;data/FIS7-1.txt;7;2,0,3,6,1,4,5;0;21536
CheapestInsertion;10;data/FIS7-1.txt;7;2,0,3,6,1,4,5;0;21536
CheapestInsertion;11;data/FIS7-1.txt;7;2,0,3,6,1,4,5;0;21536
CheapestInsertion;12;data/FIS7-1.txt;7;2,0,3,6,1,4,5;0;21536
CheapestInsertion;13;data/FIS7-1.txt;7;2,0,3,6,1,4,5;0;21536
CheapestInsertion;14;data/FIS7-1.txt;7;2,0,3,6,1,4,5;0;21536
CheapestInsertion;15;data/FIS7-1.txt;7;2,0,3,6,1,4,5;0;21536
CheapestInsertion;16;data/FIS7-1.txt;7;2,0,3,6,1,4,5;0;21536
CheapestInsertion;17;data/FIS7-1.txt;7;2,0,3,6,1,4,5;0;21536
CheapestInsertion;18;data/FIS7-1.txt;7;2,0,3,6,1,4,5;0;21536
CheapestInsertion;19;data/FIS7-1.txt;7;2,0,3,6,1,4,5;0;21536
CheapestInsertion;20;data/FIS7-1.txt;7;2,0,3,6,1,4,5;0;21536
CheapestInsertion;21;data/FIS7-1.txt;7;2,0,3,6,1,4,5;0;21536
CheapestInsertion;22;data/FIS7-1.txt;7;2,0,3,6,1,4,5;0;21536
CheapestInsertion;23;data/FIS7-1.txt;7;2,0,3,6,1,4,5;0;21536
CheapestInsertion;24;data/FIS7-1.txt;7;2,0,3,6,1,4,5;0;21536
CheapestInsertion;25;data/FIS7-1.txt;7;2,0,3,6,1,4,5;0;21536
CheapestInsertion;26;data/FIS7-1.txt;7;2,0,3,6,1,4,5;0;21536
CheapestInsertion;27;data/FIS7-1.txt;7;2,0,3,6,1,4,5;0;21536
CheapestInsertion;28;data/FIS7-1.txt;7;2,0,3,6,1,4,5;0;21536
CheapestInsertion;29;data/FIS7-1.txt;7;2,0,3,6,1,4,5;0;21536
CheapestInsertion;30;data/FIS7-1.txt;7;2,0,3,6,1,4,5;0;21536
CheapestInsertion;1;data/FIS7-2.txt;7;3,1,2,0,5,6,4;0;8243
CheapestInsertion;2;data/FIS7-2.txt;7;3,1,2,0,5,6,4;0;8243
CheapestInsertion;3;data/FIS7-2.txt;7;3,1,2,0,5,6,4;0;8243
CheapestInsertion;4;data/FIS7-2.txt;7;3,1,2,0,5,6,4;0;8243
CheapestInsertion;5;data/FIS7-2.txt;7;3,1,2,0,5,6,4;0;8243
CheapestInsertion;6;data/FIS7-2.txt;7;3,1,2,0,5,6,4;0;8243
CheapestInsertion;7;data/FIS7-2.txt;7;3,1,2,0,5,6,4;0;8243
CheapestInsertion;8;data/FIS7-2.txt;7;3,1,2,0,5,6,4;0;8243
CheapestInsertion;9;data/FIS7-2.txt;7;3,1,2,0,5,6,4;0;8243
CheapestInsertion;10;data/FIS7-2.txt;7;3,1,2,0,5,6,4;0;8243
CheapestInsertion;11;data/FIS7-2.txt;7;3,1,2,0,5,6,4;0;8243
CheapestInsertion;12;data/FIS7-2.txt;7;3,1,2,0,5,6,4;0;8243
CheapestInsertion;13;data/FIS7-2.txt;7;3,1,2,0,5,6,4;0;8243
CheapestInsertion;14;data/FIS7-2.txt;7;3,1,2,0,5,6,4;0;8243
CheapestInsertion;15;data/FIS7-2.txt;7;3,1,2,0,5,6,4;0;8243
CheapestInsertion;16;data/FIS7-2.txt;7;3,1,2,0,5,6,4;0;8243
CheapestInsertion;17;data/FIS7-2.txt;7;3,1,2,0,5,6,4;0;8243
CheapestInsertion;18;data/FIS7-2.txt;7;3,1,2,0,5,6,4;0;8243
CheapestInsertion;19;data/FIS7-2.txt;7;3,1,2,0,5,6,4;0;8243
CheapestInsertion;20;data/FIS7-2.txt;7;3,1,2,0,5,6,4;0;8243
CheapestInsertion;21;data/FIS7-2.txt;7;3,1,2,0,5,6,4;0;8243
CheapestInsertion;22;data/FIS7-2.txt;7;3,1,2,0,5,6,4;0;8243
CheapestInsertion;23;data/FIS7-2.txt;7;3,1,2,0,5,6,4;0;8243
CheapestInsertion;24;data/FIS7-2.txt;7;3,1,2,0,5,6,4;0;8243
CheapestInsertion;25;data/FIS7-2.txt;7;3,1,2,0,5,6,4;0;8243
CheapestInsertion;26;data/FIS7-2.txt;7;3,1,2,0,5,6,4;0;8243
CheapestInsertion;27;data/FIS7-2.txt;7;3,1,2,0,5,6,4;0;8243
CheapestInsertion;28;data/FIS7-2.txt;7;3,1,2,0,5,6,4;0;8243
CheapestInsertion;29;data/FIS7-2.txt;7;3,1,2,0,5,6,4;0;8243
CheapestInsertion;30;data/FIS7-2.txt;7;3,1,2,0,5,6,4;0;8243
CheapestInsertion;1;data/FIS7-3.txt;7;0,1,2,5,3,6,4;0;21768
CheapestInsertion;2;data/FIS7-3.txt;7;0,1,2,5,3,6,4;0;21768
CheapestInsertion;3;data/FIS7-3.txt;7;0,1,2,5,3,6,4;0;21768
CheapestInsertion;4;data/FIS7-3.txt;7;0,1,2,5,3,6,4;0;21768
CheapestInsertion;5;data/FIS7-3.txt;7;0,1,2,5,3,6,4;0;21768
CheapestInsertion;6;data/FIS7-3.txt;7;0,1,2,5,3,6,4;0;21768
CheapestInsertion;7;data/FIS7-3.txt;7;0,1,2,5,3,6,4;0;21768
CheapestInsertion;8;data/FIS7-3.txt;7;0,1,2,5,3,6,4;0;21768
CheapestInsertion;9;data/FIS7-3.txt;7;0,1,2,5,3,6,4;0;21768
CheapestInsertion;10;data/FIS7-3.txt;7;0,1,2,5,3,6,4;0;21768
CheapestInsertion;11;data/FIS7-3.txt;7;0,1,2,5,3,6,4;0;21768
CheapestInsertion;12;data/FIS7-3.txt;7;0,1,2,5,3,6,4;0;21768
CheapestInsertion;13;data/FIS7-3.txt;7;0,1,2,5,3,6,4;0;21768
CheapestInsertion;14;data/FIS7-3.txt;7;0,1,2,5,3,6,4;0;21768
CheapestInsertion;15;data/FIS7-3.txt;7;0,1,2,5,3,6,4;0;21768
CheapestInsertion;16;data/FIS7-3.txt;7;0,1,2,5,3,6,4;0;21768
CheapestInsertion;17;data/FIS7-3.txt;7;0,1,2,5,3,6,4;0;21768
CheapestInsertion;18;data/FIS7-3.txt;7;0,1,2,5,3,6,4;0;21768
CheapestInsertion;19;data/FIS7-3.txt;7;0,1,2,5,3,6,4;0;21768
CheapestInsertion;20;data/FIS7-3.txt;7;0,1,2,5,3,6,4;0;21768
CheapestInsertion;21;data/FIS7-3.txt;7;0,1,2,5,3,6,4;0;21768
CheapestInsertion;22;data/FIS7-3.txt;7;0,1,2,5,3,6,4;0;21768
CheapestInsertion;23;data/FIS7-3.txt;7;0,1,2,5,3,6,4;0;21768
CheapestInsertion;24;data/FIS7-3.txt;7;0,1,2,5,3,6,4;0;21768
CheapestInsertion;25;data/FIS7-3.txt;7;0,1,2,5,3,6,4;0;21768
CheapestInsertion;26;data/FIS7-3.txt;7;0,1,2,5,3,6,4;0;21768
CheapestInsertion;27;data/FIS7-3.txt;7;0,1,2,5,3,6,4;0;21768
CheapestInsertion;28;data/FIS7-3.txt;7;0,1,2,5,3,6,4;0;21768
CheapestInsertion;29;data/FIS7-3.txt;7;0,1,2,5,3,6,4;0;21768
CheapestInsertion;30;data/FIS7-3.txt;7;0,1,2,5,3,6,4;0;21768
CheapestInsertion;1;data/FIS7-4.txt;7;1,3,6,0,5,2,4;0;26358
CheapestInsertion;2;data/FIS7-4.txt;7;1,3,6,0,5,2,4;0;26358
CheapestInsertion;3;data/FIS7-4.txt;7;1,3,6,0,5,2,4;0;26358
CheapestInsertion;4;data/FIS7-4.txt;7;1,3,6,0,5,2,4;0;26358
CheapestInsertion;5;data/FIS7-4.txt;7;1,3,6,0,5,2,4;0;26358
CheapestInsertion;6;data/FIS7-4.txt;7;1,3,6,0,5,2,4;0;26358
CheapestInsertion;7;data/FIS7-4.txt;7;1,3,6,0,5,2,4;0;26358
CheapestInsertion;8;data/FIS7-4.txt;7;1,3,6,0,5,2,4;0;26358
CheapestInsertion;9;data/FIS7-4.txt;7;1,3,6,0,5,2,4;0;26358
CheapestInsertion;10;data/FIS7-4.txt;7;1,3,6,0,5,2,4;0;26358
CheapestInsertion;11;data/FIS7-4.txt;7;1,3,6,0,5,2,4;0;26358
CheapestInsertion;12;data/FIS7-4.txt;7;1,3,6,0,5,2,4;0;26358
CheapestInsertion;13;data/FIS7-4.txt;7;1,3,6,0,5,2,4;0;26358
CheapestInsertion;14;data/FIS7-4.txt;7;1,3,6,0,5,2,4;0;26358
CheapestInsertion;15;data/FIS7-4.txt;7;1,3,6,0,5,2,4;0;26358
CheapestInsertion;16;data/FIS7-4.txt;7;1,3,6,0,5,2,4;0;26358
CheapestInsertion;17;data/FIS7-4.txt;7;1,3,6,0,5,2,4;0;26358
CheapestInsertion;18;data/FIS7-4.txt;7;1,3,6,0,5,2,4;0;26358
CheapestInsertion;19;data/FIS7-4.txt;7;1,3,6,0,5,2,4;0;26358
CheapestInsertion;20;data/FIS7-4.txt;7;1,3,6,0,5,2,4;0;26358
CheapestInsertion;21;data/FIS7-4.txt;7;1,3,6,0,5,2,4;0;26358
CheapestInsertion;22;data/FIS7-4.txt;7;1,3,6,0,5,2,4;0;26358
CheapestInsertion;23;data/FIS7-4.txt;7;1,3,6,0,5,2,4;0;26358
CheapestInsertion;24;data/FIS7-4.txt;7;1,3,6,0,5,2,4;0;26358
CheapestInsertion;25;data/FIS7-4.txt;7;1,3,6,0,5,2,4;0;26358
CheapestInsertion;26;data/FIS7-4.txt;7;1,3,6,0,5,2,4;0;26358
CheapestInsertion;27;data/FIS7-4.txt;7;1,3,6,0,5,2,4;0;26358
CheapestInsertion;28;data/FIS7-4.txt;7;1,3,6,0,5,2,4;0;26358
CheapestInsertion;29;data/FIS7-4.txt;7;1,3,6,0,5,2,4;0;26358
CheapestInsertion;30;data/FIS7-4.txt;7;1,3,6,0,5,2,4;0;26358
CheapestInsertion;1;data/FIS8-0.txt;8;5,2,4,0,7,1,6,3;0;23441
CheapestInsertion;2;data/FIS8-0.txt;8;5,2,4,0,7,1,6,3;0;23441
CheapestInsertion;3;data/FIS8-0.txt;8;5,2,4,0,7,1,6,3;0;23441
CheapestInsertion;4;data/FIS8-0.txt;8;5,2,4,0,7,1,6,3;0;23441
CheapestInsertion;5;data/FIS8-0.txt;8;5,2,4,0,7,1,6,3;0;23441
CheapestInsertion;6;data/FIS8-0.txt;8;5,2,4,0,7,1,6,3;0;23441
CheapestInsertion;7;data/FIS8-0.txt;8;5,2,4,0,7,1,6,3;0;23441
CheapestInsertion;8;data/FIS8-0.txt;8;5,2,4,0,7,1,6,3;0;23441
CheapestInsertion;9;data/FIS8-0.txt;8;5,2,4,0,7,1,6,3;0;23441
CheapestInsertion;10;data/FIS8-0.txt;8;5,2,4,0,7,1,6,3;0;23441
CheapestInsertion;11;data/FIS8-0.txt;8;5,2,4,0,7,1,6,3;0;23441
CheapestInsertion;12;data/FIS8-0.txt;8;5,2,4,0,7,1,6,3;0;23441
CheapestInsertion;13;data/FIS8-0.txt;8;5,2,4,0,7,1,6,3;0;23441
CheapestInsertion;14;data/FIS8-0.txt;8;5,2,4,0,7,1,6,3;0;23441
CheapestInsertion;15;data/FIS8-0.txt;8;5,2,4,0,7,1,6,3;0;23441
CheapestInsertion;16;data/FIS8-0.txt;8;5,2,4,0,7,1,6,3;0;23441
CheapestInsertion;17;data/FIS8-0.txt;8;5,2,4,0,7,1,6,3;0;23441
CheapestInsertion;18;data/FIS8-0.txt;8;5,2,4,0,7,1,6,3;0;23441
CheapestInsertion;19;data/FIS8-0.txt;8;5,2,4,0,7,1,6,3;0;23441
CheapestInsertion;20;data/FIS8-0.txt;8;5,2,4,0,7,1,6,3;0;23441
CheapestInsertion;21;data/FIS8-0.txt;8;5,2,4,0,7,1,6,3;0;23441
CheapestInsertion;22;data/FIS8-0.txt;8;5,2,4,0,7,1,6,3;0;23441
CheapestInsertion;23;data/FIS8-0.txt;8;5,2,4,0,7,1,6,3;0;23441
CheapestInsertion;24;data/FIS8-0.txt;8;5,2,4,0,7,1,6,3;0;23441
CheapestInsertion;25;data/FIS8-0.txt;8;5,2,4,0,7,1,6,3;0;23441
CheapestInsertion;26;data/FIS8-0.txt;8;5,2,4,0,7,1,6,3;0;23441
CheapestInsertion;27;data/FIS8-0.txt;8;5,2,4,0,7,1,6,3;0;23441
CheapestInsertion;28;data/FIS8-0.txt;8;5,2,4,0,7,1,6,3;0;23441
CheapestInsertion;29;data/FIS8-0.txt;8;5,2,4,0,7,1,6,3;0;23441
CheapestInsertion;30;data/FIS8-0.txt;8;5,2,4,0,7,1,6,3;0;23441
CheapestInsertion;1;data/FIS8-1.txt;8;4,3,0,7,1,2,6,5;0;18639
CheapestInsertion;2;data/FIS8-1.txt;8;4,3,0,7,1,2,6,5;0;18639
CheapestInsertion;3;data/FIS8-1.txt;8;4,3,0,7,1,2,6,5;0;18639
CheapestInsertion;4;data/FIS8-1.txt;8;4,3,0,7,1,2,6,5;0;18639
CheapestInsertion;5;data/FIS8-1.txt;8;4,3,0,7,1,2,6,5;0;18639
CheapestInsertion;6;data/FIS8-1.txt;8;4,3,0,7,1,2,6,5;0;18639
CheapestInsertion;7;data/FIS8-1.txt;8;4,3,0,7,1,2,6,5;0;18639
CheapestInsertion;8;data/FIS8-1.txt;8;4,3,0,7,1,2,6,5;0;18639
CheapestInsertion;9;data/FIS8-1.txt;8;4,3,0,7,1,2,6,5;0;18639
CheapestInsertion;10;data/FIS8-1.txt;8;4,3,0,7,1,2,6,5;0;18639
CheapestInsertion;11;data/FIS8-1.txt;8;4,3,0,7,1,2,6,5;0;18639
CheapestInsertion;12;data/FIS8-1.txt;8;4,3,0,7,1,2,6,5;0;18639
CheapestInsertion;13;data/FIS8-1.txt;8;4,3,0,7,1,2,6,5;0;18639
CheapestInsertion;14;data/FIS8-1.txt;8;4,3,0,7,1,2,6,5;0;18639
CheapestInsertion;15;data/FIS8-1.txt;8;4,3,0,7,1,2,6,5;0;18639
CheapestInsertion;16;data/FIS8-1.txt;8;4,3,0,7,1,2,6,5;0;18639
CheapestInsertion;17;data/FIS8-1.txt;8;4,3,0,7,1,2,6,5;0;18639
CheapestInsertion;18;data/FIS8-1.txt;8;4,3,0,7,1,2,6,5;0;18639
CheapestInsertion;19;data/FIS8-1.txt;8;4,3,0,7,1,2,6,5;0;18639
CheapestInsertion;20;data/FIS8-1.txt;8;4,3,0,7,1,2,6,5;0;18639
CheapestInsertion;21;data/FIS8-1.txt;8;4,3,0,7,1,2,6,5;0;18639
CheapestInsertion;22;data/FIS8-1.txt;8;4,3,0,7,1,2,6,5;0;18639
CheapestInsertion;23;data/FIS8-1.txt;8;4,3,0,7,1,2,6,5;0;18639
CheapestInsertion;24;data/FIS8-1.txt;8;4,3,0,7,1,2,6,5;0;18639
CheapestInsertion;25;data/FIS8-1.txt;8;4,3,0,7,1,2,6,5;0;18639
CheapestInsertion;26;data/FIS8-1.txt;8;4,3,0,7,1,2,6,5;0;18639
CheapestInsertion;27;data/FIS8-1.txt;8;4,3,0,7,1,2,6,5;0;18639
CheapestInsertion;28;data/FIS8-1.txt;8;4,3,0,7,1,2,6,5;0;18639
CheapestInsertion;29;data/FIS8-1.txt;8;4,3,0,7,1,2,6,5;0;18639
CheapestInsertion;30;data/FIS8-1.txt;8;4,3,0,7,1,2,6,5;0;18639
CheapestInsertion;1;data/FIS8-2.txt;8;4,2,7,5,6,1,3,0;0;12652
CheapestInsertion;2;data/FIS8-2.txt;8;4,2,7,5,6,1,3,0;0;12652
CheapestInsertion;3;data/FIS8-2.txt;8;4,2,7,5,6,1,3,0;0;12652
CheapestInsertion;4;data/FIS8-2.txt;8;4,2,7,5,6,1,3,0;0;12652
CheapestInsertion;5;data/FIS8-2.txt;8;4,2,7,5,6,1,3,0;0;12652
CheapestInsertion;6;data/FIS8-2.txt;8;4,2,7,5,6,1,3,0;0;12652
CheapestInsertion;7;data/FIS8-2.txt;8;4,2,7,5,6,1,3,0;0;12652
CheapestInsertion;8;data/FIS8-2.txt;8;4,2,7,5,6,1,3,0;0;12652
CheapestInsertion;9;data/FIS8-2.txt;8;4,2,7,5,6,1,3,0;0;12652
CheapestInsertion;10;data/FIS8-2.txt;8;4,2,7,5,6,1,3,0;0;12652
CheapestInsertion;11;data/FIS8-2.txt;8;4,2,7,5,6,1,3,0;0;12652
CheapestInsertion;12;data/FIS8-2.txt;8;4,2,7,5,6,1,3,0;0;12652
CheapestInsertion;13;data/FIS8-2.txt;8;4,2,7,5,6,1,3,0;0;12652
CheapestInsertion;14;data/FIS8-2.txt;8;4,2,7,5,6,1,3,0;0;12652
CheapestInsertion;15;data/FIS8-2.txt;8;4,2,7,5,6,1,3,0;0;12652
CheapestInsertion;16;data/FIS8-2.txt;8;4,2,7,5,6,1,3,0;0;12652
CheapestInsertion;17;data/FIS8-2.txt;8;4,2,7,5,6,1,3,0;0;12652
CheapestInsertion;18;data/FIS8-2.txt;8;4,2,7,5,6,1,3,0;0;12652
CheapestInsertion;19;data/FIS8-2.txt;8;4,2,7,5,6,1,3,0;0;12652
CheapestInsertion;20;data/FIS8-2.txt;8;4,2,7,5,6,1,3,0;0;12652
CheapestInsertion;21;data/FIS8-2.txt;8;4,2,7,5,6,1,3,0;0;12652
CheapestInsertion;22;data/FIS8-2.txt;8;4,2,7,5,6,1,3,0;0;12652
CheapestInsertion;23;data/FIS8-2.txt;8;4,2,7,5,6,1,3,0;0;12652
CheapestInsertion;24;data/FIS8-2.txt;8;4,2,7,5,6,1,3,0;0;12652
CheapestInsertion;25;data/FIS8-2.txt;8;4,2,7,5,6,1,3,0;0;12652
CheapestInsertion;26;data/FIS8-2.txt;8;4,2,7,5,6,1,3,0;0;12652
CheapestInsertion;27;data/FIS8-2.txt;8;4,2,7,5,6,1,3,0;0;12652
CheapestInsertion;28;data/FIS8-2.txt;8;4,2,7,5,6,1,3,0;0;12652
CheapestInsertion;29;data/FIS8-2.txt;8;4,2,7,5,6,1,3,0;0;12652
CheapestInsertion;30;data/FIS8-2.txt;8;4,2,7,5,6,1,3,0;0;12652
CheapestInsertion;1;data/FIS8-3.txt;8;4,1,7,0,6,2,5,3;0;24650
CheapestInsertion;2;data/FIS8-3.txt;8;4,1,7,0,6,2,5,3;0;24650
CheapestInsertion;3;data/FIS8-3.txt;8;4,1,7,0,6,2,5,3;0;24650
CheapestInsertion;4;data/FIS8-3.txt;8;4,1,7,0,6,2,5,3;0;24650
CheapestInsertion;5;data/FIS8-3.txt;8;4,1,7,0,6,2,5,3;0;24650
CheapestInsertion;6;data/FIS8-3.txt;8;4,1,7,0,6,2,5,3;0;24650
CheapestInsertion;7;data/FIS8-3.txt;8;4,1,7,0,6,2,5,3;0;24650
CheapestInsertion;8;data/FIS8-3.txt;8;4,1,7,0,6,2,5,3;0;24650
CheapestInsertion;9;data/FIS8-3.txt;8;4,1,7,0,6,2,5,3;0;24650
CheapestInsertion;10;data/FIS8-3.txt;8;4,1,7,0,6,2,5,3;0;24650
CheapestInsertion;11;data/FIS8-3.txt;8;4,1,7,0,6,2,5,3;0;24650
CheapestInsertion;12;data/FIS8-3.txt;8;4,1,7,0,6,2,5,3;0;24650
CheapestInsertion;13;data/FIS8-3.txt;8;4,1,7,0,6,2,5,3;0;24650
CheapestInsertion;14;data/FIS8-3.txt;8;4,1,7,0,6,2,5,3;0;24650
CheapestInsertion;15;data/FIS8-3.txt;8;4,1,7,0,6,2,5,3;0;24650
CheapestInsertion;16;data/FIS8-3.txt;8;4,1,7,0,6,2,5,3;0;24650
CheapestInsertion;17;data/FIS8-3.txt;8;4,1,7,0,6,2,5,3;0;24650
CheapestInsertion;18;data/FIS8-3.txt;8;4,1,7,0,6,2,5,3;0;24650
CheapestInsertion;19;data/FIS8-3.txt;8;4,1,7,0,6,2,5,3;0;24650
CheapestInsertion;20;data/FIS8-3.txt;8;4,1,7,0,6,2,5,3;0;24650
CheapestInsertion;21;data/FIS8-3.txt;8;4,1,7,0,6,2,5,3;0;24650
CheapestInsertion;22;data/FIS8-3.txt;8;4,1,7,0,6,2,5,3;0;24650
CheapestInsertion;23;data/FIS8-3.txt;8;4,1,7,0,6,2,5,3;0;24650
CheapestInsertion;24;data/FIS8-3.txt;8;4,1,7,0,6,2,5,3;0;24650
CheapestInsertion;25;data/FIS8-3.txt;8;4,1,7,0,6,2,5,3;0;24650
CheapestInsertion;26;data/FIS8-3.txt;8;4,1,7,0,6,2,5,3;0;24650
CheapestInsertion;27;data/FIS8-3.txt;8;4,1,7,0,6,2,5,3;0;24650
CheapestInsertion;28;data/FIS8-3.txt;8;4,1,7,0,6,2,5,3;0;24650
CheapestInsertion;29;data/FIS8-3.txt;8;4,1,7,0,6,2,5,3;0;24650
CheapestInsertion;30;data/FIS8-3.txt;8;4,1,7,0,6,2,5,3;0;24650
CheapestInsertion;1;data/FIS8-4.txt;8;7,1,6,5,0,2,4,3;0;22001
CheapestInsertion;2;data/FIS8-4.txt;8;7,1,6,5,0,2,4,3;0;22001
CheapestInsertion;3;data/FIS8-4.txt;8;7,1,6,5,0,2,4,3;0;22001
CheapestInsertion;4;data/FIS8-4.txt;8;7,1,6,5,0,2,4,3;0;22001
CheapestInsertion;5;data/FIS8-4.txt;8;7,1,6,5,0,2,4,3;0;22001
CheapestInsertion;6;data/FIS8-4.txt;8;7,1,6,5,0,2,4,3;0;22001
CheapestInsertion;7;data/FIS8-4.txt;8;7,1,6,5,0,2,4,3;0;22001
CheapestInsertion;8;data/FIS8-4.txt;8;7,1,6,5,0,2,4,3;0;22001
CheapestInsertion;9;data/FIS8-4.txt;8;7,1,6,5,0,2,4,3;0;22001
CheapestInsertion;10;data/FIS8-4.txt;8;7,1,6,5,0,2,4,3;0;22001
CheapestInsertion;11;data/FIS8-4.txt;8;7,1,6,5,0,2,4,3;0;22001
CheapestInsertion;12;data/FIS8-4.txt;8;7,1,6,5,0,2,4,3;0;22001
CheapestInsertion;13;data/FIS8-4.txt;8;7,1,6,5,0,2,4,3;0;22001
CheapestInsertion;14;data/FIS8-4.txt;8;7,1,6,5,0,2,4,3;0;22001
CheapestInsertion;15;data/FIS8-4.txt;8;7,1,6,5,0,2,4,3;0;22001
CheapestInsertion;16;data/FIS8-4.txt;8;7,1,6,5,0,2,4,3;0;22001
CheapestInsertion;17;data/FIS8-4.txt;8;7,1,6,5,0,2,4,3;0;22001
CheapestInsertion;18;data/FIS8-4.txt;8;7,1,6,5,0,2,4,3;0;22001
CheapestInsertion;19;data/FIS8-4.txt;8;7,1,6,5,0,2,4,3;0;22001
CheapestInsertion;20;data/FIS8-4.txt;8;7,1,6,5,0,2,4,3;0;22001
CheapestInsertion;21;data/FIS8-4.txt;8;7,1,6,5,0,2,4,3;0;22001
CheapestInsertion;22;data/FIS8-4.txt;8;7,1,6,5,0,2,4,3;0;22001
CheapestInsertion;23;data/FIS8-4.txt;8;7,1,6,5,0,2,4,3;0;22001
CheapestInsertion;24;data/FIS8-4.txt;8;7,1,6,5,0,2,4,3;0;22001
CheapestInsertion;25;data/FIS8-4.txt;8;7,1,6,5,0,2,4,3;0;22001
CheapestInsertion;26;data/FIS8-4.txt;8;7,1,6,5,0,2,4,3;0;22001
CheapestInsertion;27;data/FIS8-4.txt;8;7,1,6,5,0,2,4,3;0;22001
CheapestInsertion;28;data/FIS8-4.txt;8;7,1,6,5,0,2,4,3;0;22001
CheapestInsertion;29;data/FIS8-4.txt;8;7,1,6,5,0,2,4,3;0;22001
CheapestInsertion;30;data/FIS8-4.txt;8;7,1,6,5,0,2,4,3;0;22001
CheapestInsertion;1;data/FIS9-0.txt;9;6,1,3,2,7,8,0,4,5;0;19211
CheapestInsertion;2;data/FIS9-0.txt;9;6,1,3,2,7,8,0,4,5;0;19211
CheapestInsertion;3;data/FIS9-0.txt;9;6,1,3,2,7,8,0,4,5;0;19211
CheapestInsertion;4;data/FIS9-0.txt;9;6,1,3,2,7,8,0,4,5;0;19211
CheapestInsertion;5;data/FIS9-0.txt;9;6,1,3,2,7,8,0,4,5;0;19211
CheapestInsertion;6;data/FIS9-0.txt;9;6,1,3,2,7,8,0,4,5;0;19211
CheapestInsertion;7;data/FIS9-0.txt;9;6,1,3,2,7,8,0,4,5;0;19211
CheapestInsertion;8;data/FIS9-0.txt;9;6,1,3,2,7,8,0,4,5;0;19211
CheapestInsertion;9;data/FIS9-0.txt;9;6,1,3,2,7,8,0,4,5;0;19211
CheapestInsertion;10;data/FIS9-0.txt;9;6,1,3,2,7,8,0,4,5;0;19211
CheapestInsertion;11;data/FIS9-0.txt;9;6,1,3,2,7,8,0,4,5;0;19211
CheapestInsertion;12;data/FIS9-0.txt;9;6,1,3,2,7,8,0,4,5;0;19211
CheapestInsertion;13;data/FIS9-0.txt;9;6,1,3,2,7,8,0,4,5;0;19211
CheapestInsertion;14;data/FIS9-0.txt;9;6,1,3,2,7,8,0,4,5;0;19211
CheapestInsertion;15;data/FIS9-0.txt;9;6,1,3,2,7,8,0,4,5;0;19211
CheapestInsertion;16;data/FIS9-0.txt;9;6,1,3,2,7,8,0,4,5;0;19211
CheapestInsertion;17;data/FIS9-0.txt;9;6,1,3,2,7,8,0,4,5;0;19211
CheapestInsertion;18;data/FIS9-0.txt;9;6,1,3,2,7,8,0,4,5;0;19211
CheapestInsertion;19;data/FIS9-0.txt;9;6,1,3,2,7,8,0,4,5;0;19211
CheapestInsertion;20;data/FIS9-0.txt;9;6,1,3,2,7,8,0,4,5;0;19211
CheapestInsertion;21;data/FIS9-0.txt;9;6,1,3,2,7,8,0,4,5;0;19211
CheapestInsertion;22;data/FIS9-0.txt;9;6,1,3,2,7,8,0,4,5;0;19211
CheapestInsertion;23;data/FIS9-0.txt;9;6,1,3,2,7,8,0,4,5;0;19211
CheapestInsertion;24;data/FIS9-0.txt;9;6,1,3,2,7,8,0,4,5;0;19211
CheapestInsertion;25;data/FIS9-0.txt;9;6,1,3,2,7,8,0,4,5;0;19211
CheapestInsertion;26;data/FIS9-0.txt;9;6,1,3,2,7,8,0,4,5;0;19211
CheapestInsertion;27;data/FIS9-0.txt;9;6,1,3,2,7,8,0,4,5;0;19211
CheapestInsertion;28;data/FIS9-0.txt;9;6,1,3,2,7,8,0,4,5;0;19211
CheapestInsertion;29;data/FIS9-0.txt;9;6,1,3,2,7,8,0,4,5;0;19211
CheapestInsertion;30;data/FIS9-0.txt;9;6,1,3,2,7,8,0,4,5;0;19211
CheapestInsertion;1;data/FIS9-1.txt;9;7,5,2,8,4,6,0,3,1;0;27944
CheapestInsertion;2;data/FIS9-1.txt;9;7,5,2,8,4,6,0,3,1;0;27944
CheapestInsertion;3;data/FIS9-1.txt;9;7,5,2,8,4,6,0,3,1;0;27944
CheapestInsertion;4;data/FIS9-1.txt;9;7,5,2,8,4,6,0,3,1;0;27944
CheapestInsertion;5;data/FIS9-1.txt;9;7,5,2,8,4,6,0,3,1;0;27944
CheapestInsertion;6;data/FIS9-1.txt;9;7,5,2,8,4,6,0,3,1;0;27944
CheapestInsertion;7;data/FIS9-1.txt;9;7,5,2,8,4,6,0,3,1;0;27944
CheapestInsertion;8;data/FIS9-1.txt;9;7,5,2,8,4,6,0,3,1;0;27944
CheapestInsertion;9;data/FIS9-1.txt;9;7,5,2,8,4,6,0,3,1;0;27944
CheapestInsertion;10;data/FIS9-1.txt;9;7,5,2,8,4,6,0,3,1;0;27944
CheapestInsertion;11;data/FIS9-1.txt;9;7,5,2,8,4,6,0,3,1;0;27944
CheapestInsertion;12;data/FIS9-1.txt;9;7,5,2,8,4,6,0,3,1;0;27944
CheapestInsertion;13;data/FIS9-1.txt;9;7,5,2,8,4,6,0,3,1;0;27944
CheapestInsertion;14;data/FIS9-1.txt;9;7,5,2,8,4,6,0,3,1;0;27944
CheapestInsertion;15;data/FIS9-1.txt;9;7,5,2,8,4,6,0,3,1;0;27944
CheapestInsertion;16;data/FIS9-1.txt;9;7,5,2,8,4,6,0,3,1;0;27944
CheapestInsertion;17;data/FIS9-1.txt;9;7,5,2,8,4,6,0,3,1;0;27944
CheapestInsertion;18;data/FIS9-1.txt;9;7,5,2,8,4,6,0,3,1;0;27944
CheapestInsertion;19;data/FIS9-1.txt;9;7,5,2,8,4,6,0,3,1;0;27944
CheapestInsertion;20;data/FIS9-1.txt;9;7,5,2,8,4,6,0,3,1;0;27944
CheapestInsertion;21;data/FIS9-1.txt;9;7,5,2,8,4,6,0,3,1;0;27944
CheapestInsertion;22;data/FIS9-1.txt;9;7,5,2,8,4,6,0,3,1;0;27944
CheapestInsertion;23;data/FIS9-1.txt;9;7,5,2,8,4,6,0,3,1;0;27944
CheapestInsertion;24;data/FIS9-1.txt;9;7,5,2,8,4,6,0,3,1;0;27944
CheapestInsertion;25;data/FIS9-1.txt;9;7,5,2,8,4,6,0,3,1;0;27944
CheapestInsertion;26;data/FIS9-1.txt;9;7,5,2,8,4,6,0,3,1;0;27944
CheapestInsertion;27;data/FIS9-1.txt;9;7,5,2,8,4,6,0,3,1;0;27944
CheapestInsertion;28;data/FIS9-1.txt;9;7,5,2,8,4,6,0,3,1;0;27944
CheapestInsertion;29;data/FIS9-1.txt;9;7,5,2,8,4,6,0,3,1;0;27944
CheapestInsertion;30;data/FIS9-1.txt;9;7,5,2,8,4,6,0,3,1;0;27944
CheapestInsertion;1;data/FIS9-2.txt;9;1,6,8,3,4,2,0,7,5;0;31295
CheapestInsertion;2;data/FIS9-2.txt;9;1,6,8,3,4,2,0,7,5;0;31295
CheapestInsertion;3;data/FIS9-2.txt;9;1,6,8,3,4,2,0,7,5;0;31295
CheapestInsertion;4;data/FIS9-2.txt;9;1,6,8,3,4,2,0,7,5;0;31295
CheapestInsertion;5;data/FIS9-2.txt;9;1,6,8,3,4,2,0,7,5;0;31295
CheapestInsertion;6;data/FIS9-2.txt;9;1,6,8,3,4,2,0,7,5;0;31295
CheapestInsertion;7;data/FIS9-2.txt;9;1,6,8,3,4,2,0,7,5;0;31295
CheapestInsertion;8;data/FIS9-2.txt;9;1,6,8,3,4,2,0,7,5;0;31295
CheapestInsertion;9;data/FIS9-2.txt;9;1,6,8,3,4,2,0,7,5;0;31295
CheapestInsertion;10;data/FIS9-2.txt;9;1,6,8,3,4,2,0,7,5;0;31295
CheapestInsertion;11;data/FIS9-2.txt;9;1,6,8,3,4,2,0,7,5;0;31295
CheapestInsertion;12;data/FIS9-2.txt;9;1,6,8,3,4,2,0,7,5;0;31295
CheapestInsertion;13;data/FIS9-2.txt;9;1,6,8,3,4,2,0,7,5;0;31295
CheapestInsertion;14;data/FIS9-2.txt;9;1,6,8,3,4,2,0,7,5;0;31295
CheapestInsertion;15;data/FIS9-2.txt;9;1,6,8,3,4,2,0,7,5;0;31295
CheapestInsertion;16;data/FIS9-2.txt;9;1,6,8,3,4,2,0,7,5;0;31295
CheapestInsertion;17;data/FIS9-2.txt;9;1,6,8,3,4,2,0,7,5;0;31295
CheapestInsertion;18;data/FIS9-2.txt;9;1,6,8,3,4,2,0,7,5;0;31295
CheapestInsertion;19;data/FIS9-2.txt;9;1,6,8,3,4,2,0,7,5;0;31295
CheapestInsertion;20;data/FIS9-2.txt;9;1,6,8,3,4,2,0,7,5;0;31295
CheapestInsertion;21;data/FIS9-2.txt;9;1,6,8,3,4,2,0,7,5;0;31295
CheapestInsertion;22;data/FIS9-2.txt;9;1,6,8,3,4,2,0,7,5;0;31295
CheapestInsertion;23;data/FIS9-2.txt;9;1,6,8,3,4,2,0,7,5;0;31295
CheapestInsertion;24;data/FIS9-2.txt;9;1,6,8,3,4,2,0,7,5;0;31295
CheapestInsertion;25;data/FIS9-2.txt;9;1,6,8,3,4,2,0,7,5;0;31295
CheapestInsertion;26;data/FIS9-2.txt;9;1,6,8,3,4,2,0,7,5;0;31295
CheapestInsertion;27;data/FIS9-2.txt;9;1,6,8,3,4,2,0,7,5;0;31295
CheapestInsertion;28;data/FIS9-2.txt;9;1,6,8,3,4,2,0,7,5;0;31295
CheapestInsertion;29;data/FIS9-2.txt;9;1,6,8,3,4,2,0,7,5;0;31295
CheapestInsertion;30;data/FIS9-2.txt;9;1,6,8,3,4,2,0,7,5;0;31295
CheapestInsertion;1;data/FIS9-3.txt;9;8,4,6,5,3,2,0,7,1;0;21011
CheapestInsertion;2;data/FIS9-3.txt;9;8,4,6,5,3,2,0,7,1;0;21011
CheapestInsertion;3;data/FIS9-3.txt;9;8,4,6,5,3,2,0,7,1;0;21011
CheapestInsertion;4;data/FIS9-3.txt;9;8,4,6,5,3,2,0,7,1;0;21011
CheapestInsertion;5;data/FIS9-3.txt;9;8,4,6,5,3,2,0,7,1;0;21011
CheapestInsertion;6;data/FIS9-3.txt;9;8,4,6,5,3,2,0,7,1;0;21011
CheapestInsertion;7;data/FIS9-3.txt;9;8,4,6,5,3,2,0,7,1;0;21011
CheapestInsertion;8;data/FIS9-3.txt;9;8,4,6,5,3,2,0,7,1;0;21011
CheapestInsertion;9;data/FIS9-3.txt;9;8,4,6,5,3,2,0,7,1;0;21011
CheapestInsertion;10;data/FIS9-3.txt;9;8,4,6,5,3,2,0,7,1;0;21011
CheapestInsertion;11;data/FIS9-3.txt;9;8,4,6,5,3,2,0,7,1;0;21011
CheapestInsertion;12;data/FIS9-3.txt;9;8,4,6,5,3,2,0,7,1;0;21011
CheapestInsertion;13;data/FIS9-3.txt;9;8,4,6,5,3,2,0,7,1;0;21011
CheapestInsertion;14;data/FIS9-3.txt;9;8,4,6,5,3,2,0,7,1;0;21011
CheapestInsertion;15;data/FIS9-3.txt;9;8,4,6,5,3,2,0,7,1;0;21011
CheapestInsertion;16;data/FIS9-3.txt;9;8,4,6,5,3,2,0,7,1;0;21011
CheapestInsertion;17;data/FIS9-3.txt;9;8,4,6,5,3,2,0,7,1;0;21011
CheapestInsertion;18;data/FIS9-3.txt;9;8,4,6,5,3,2,0,7,1;0;21011
CheapestInsertion;19;data/FIS9-3.txt;9;8,4,6,5,3,2,0,7,1;0;21011
CheapestInsertion;20;data/FIS9-3.txt;9;8,4,6,5,3,2,0,7,1;0;21011
CheapestInsertion;21;data/FIS9-3.txt;9;8,4,6,5,3,2,0,7,1;0;21011
CheapestInsertion;22;data/FIS9-3.txt;9;8,4,6,5,3,2,0,7,1;0;21011
CheapestInsertion;23;data/FIS9-3.txt;9;8,4,6,5,3,2,0,7,1;0;21011
CheapestInsertion;24;data/FIS9-3.txt;9;8,4,6,5,3,2,0,7,1;0;21011
CheapestInsertion;25;data/FIS9-3.txt;9;8,4,6,5,3,2,0,7,1;0;21011
CheapestInsertion;26;data/FIS9-3.txt;9;8,4,6,5,3,2,0,7,1;0;21011
CheapestInsertion;27;data/FIS9-3.txt;9;8,4,6,5,3,2,0,7,1;0;21011
CheapestInsertion;28;data/FIS9-3.txt;9;8,4,6,5,3,2,0,7,1;0;21011
CheapestInsertion;29;data/FIS9-3.txt;9;8,4,6,5,3,2,0,7,1;0;21011
CheapestInsertion;30;data/FIS9-3.txt;9;8,4,6,5,3,2,0,7,1;0;21011
CheapestInsertion;1;data/FIS9-4.txt;9;3,0,2,4,5,7,1,6,8;0;28346
CheapestInsertion;2;data/FIS9-4.txt;9;3,0,2,4,5,7,1,6,8;0;28346
CheapestInsertion;3;data/FIS9-4.txt;9;3,0,2,4,5,7,1,6,8;0;28346
CheapestInsertion;4;data/FIS9-4.txt;9;3,0,2,4,5,7,1,6,8;0;28346
CheapestInsertion;5;data/FIS9-4.txt;9;3,0,2,4,5,7,1,6,8;0;28346
CheapestInsertion;6;data/FIS9-4.txt;9;3,0,2,4,5,7,1,6,8;0;28346
CheapestInsertion;7;data/FIS9-4.txt;9;3,0,2,4,5,7,1,6,8;0;28346
CheapestInsertion;8;data/FIS9-4.txt;9;3,0,2,4,5,7,1,6,8;0;28346
CheapestInsertion;9;data/FIS9-4.txt;9;3,0,2,4,5,7,1,6,8;0;28346
CheapestInsertion;10;data/FIS9-4.txt;9;3,0,2,4,5,7,1,6,8;0;28346
CheapestInsertion;11;data/FIS9-4.txt;9;3,0,2,4,5,7,1,6,8;0;28346
CheapestInsertion;12;data/FIS9-4.txt;9;3,0,2,4,5,7,1,6,8;0;28346
CheapestInsertion;13;data/FIS9-4.txt;9;3,0,2,4,5,7,1,6,8;0;28346
CheapestInsertion;14;data/FIS9-4.txt;9;3,0,2,4,5,7,1,6,8;0;28346
CheapestInsertion;15;data/FIS9-4.txt;9;3,0,2,4,5,7,1,6,8;0;28346
CheapestInsertion;16;data/FIS9-4.txt;9;3,0,2,4,5,7,1,6,8;0;28346
CheapestInsertion;17;data/FIS9-4.txt;9;3,0,2,4,5,7,1,6,8;0;28346
CheapestInsertion;18;data/FIS9-4.txt;9;3,0,2,4,5,7,1,6,8;0;28346
CheapestInsertion;19;data/FIS9-4.txt;9;3,0,2,4,5,7,1,6,8;0;28346
CheapestInsertion;20;data/FIS9-4.txt;9;3,0,2,4,5,7,1,6,8;0;28346
CheapestInsertion;21;data/FIS9-4.txt;9;3,0,2,4,5,7,1,6,8;0;28346
CheapestInsertion;22;data/FIS9-4.txt;9;3,0,2,4,5,7,1,6,8;0;28346
CheapestInsertion;23;data/FIS9-4.txt;9;3,0,2,4,5,7,1,6,8;0;28346
CheapestInsertion;24;data/FIS9-4.txt;9;3,0,2,4,5,7,1,6,8;0;28346
CheapestInsertion;25;data/FIS9-4.txt;9;3,0,2,4,5,7,1,6,8;0;28346
CheapestInsertion;26;data/FIS9-4.txt;9;3,0,2,4,5,7,1,6,8;0;28346
CheapestInsertion;27;data/FIS9-4.txt;9;3,0,2,4,5,7,1,6,8;0;28346
CheapestInsertion;28;data/FIS9-4.txt;9;3,0,2,4,5,7,1,6,8;0;28346
CheapestInsertion;29;data/FIS9-4.txt;9;3,0,2,4,5,7,1,6,8;0;28346
CheapestInsertion;30;data/FIS9-4.txt;9;3,0,2,4,5,7,1,6,8;0;28346
CheapestInsertion;1;data/FIS10-0.txt;10;7,5,4,2,1,9,0,3,8,6;0;25286
CheapestInsertion;2;data/FIS10-0.txt;10;7,5,4,2,1,9,0,3,8,6;0;25286
CheapestInsertion;3;data/FIS10-0.txt;10;7,5,4,2,1,9,0,3,8,6;0;25286
CheapestInsertion;4;data/FIS10-0.txt;10;7,5,4,2,1,9,0,3,8,6;0;25286
CheapestInsertion;5;data/FIS10-0.txt;10;7,5,4,2,1,9,0,3,8,6;0;25286
CheapestInsertion;6;data/FIS10-0.txt;10;7,5,4,2,1,9,0,3,8,6;0;25286
CheapestInsertion;7;data/FIS10-0.txt;10;7,5,4,2,1,9,0,3,8,6;0;25286
CheapestInsertion;8;data/FIS10-0.txt;10;7,5,4,2,1,9,0,3,8,6;0;25286
CheapestInsertion;9;data/FIS10-0.txt;10;7,5,4,2,1,9,0,3,8,6;0;25286
CheapestInsertion;10;data/FIS10-0.txt;10;7,5,4,2,1,9,0,3,8,6;0;25286
CheapestInsertion;11;data/FIS10-0.txt;10;7,5,4,2,1,9,0,3,8,6;0;25286
CheapestInsertion;12;data/FIS10-0.txt;10;7,5,4,2,1,9,0,3,8,6;0;25286
CheapestInsertion;13;data/FIS10-0.txt;10;7,5,4,2,1,9,0,3,8,6;0;25286
CheapestInsertion;14;data/FIS10-0.txt;10;7,5,4,2,1,9,0,3,8,6;0;25286
CheapestInsertion;15;data/FIS10-0.txt;10;7,5,4,2,1,9,0,3,8,6;0;25286
CheapestInsertion;16;data/FIS10-0.txt;10;7,5,4,2,1,9,0,3,8,6;0;25286
CheapestInsertion;17;data/FIS10-0.txt;10;7,5,4,2,1,9,0,3,8,6;0;25286
CheapestInsertion;18;data/FIS10-0.txt;10;7,5,4,2,1,9,0,3,8,6;0;25286
CheapestInsertion;19;data/FIS10-0.txt;10;7,5,4,2,1,9,0,3,8,6;0;25286
CheapestInsertion;20;data/FIS10-0.txt;10;7,5,4,2,1,9,0,3,8,6;0;25286
CheapestInsertion;21;data/FIS10-0.txt;10;7,5,4,2,1,9,0,3,8,6;0;25286
CheapestInsertion;22;data/FIS10-0.txt;10;7,5,4,2,1,9,0,3,8,6;0;25286
CheapestInsertion;23;data/FIS10-0.txt;10;7,5,4,2,1,9,0,3,8,6;0;25286
CheapestInsertion;24;data/FIS10-0.txt;10;7,5,4,2,1,9,0,3,8,6;0;25286
CheapestInsertion;25;data/FIS10-0.txt;10;7,5,4,2,1,9,0,3,8,6;0;25286
CheapestInsertion;26;data/FIS10-0.txt;10;7,5,4,2,1,9,0,3,8,6;0;25286
CheapestInsertion;27;data/FIS10-0.txt;10;7,5,4,2,1,9,0,3,8,6;0;25286
CheapestInsertion;28;data/FIS10-0.txt;10;7,5,4,2,1,9,0,3,8,6;0;25286
CheapestInsertion;29;data/FIS10-0.txt;10;7,5,4,2,1,9,0,3,8,6;0;25286
CheapestInsertion;30;data/FIS10-0.txt;10;7,5,4,2,1,9,0,3,8,6;0;25286
CheapestInsertion;1;data/FIS10-1.txt;10;2,3,0,7,8,1,9,6,4,5;0;29813
CheapestInsertion;2;data/FIS10-1.txt;10;2,3,0,7,8,1,9,6,4,5;0;29813
CheapestInsertion;3;data/FIS10-1.txt;10;2,3,0,7,8,1,9,6,4,5;0;29813
CheapestInsertion;4;data/FIS10-1.txt;10;2,3,0,7,8,1,9,6,4,5;0;29813
CheapestInsertion;5;data/FIS10-1.txt;10;2,3,0,7,8,1,9,6,4,5;0;29813
CheapestInsertion;6;data/FIS10-1.txt;10;2,3,0,7,8,1,9,6,4,5;0;29813
CheapestInsertion;7;data/FIS10-1.txt;10;2,3,0,7,8,1,9,6,4,5;0;29813
CheapestInsertion;8;data/FIS10-1.txt;10;2,3,0,7,8,1,9,6,4,5;0;29813
CheapestInsertion;9;data/FIS10-1.txt;10;2,3,0,7,8,1,9,6,4,5;0;29813
CheapestInsertion;10;data/FIS10-1.txt;10;2,3,0,7,8,1,9,6,4,5;0;29813
CheapestInsertion;11;data/FIS10-1.txt;10;2,3,0,7,8,1,9,6,4,5;0;29813
CheapestInsertion;12;data/FIS10-1.txt;10;2,3,0,7,8,1,9,6,4,5;0;29813
CheapestInsertion;13;data/FIS10-1.txt;10;2,3,0,7,8,1,9,6,4,5;0;29813
CheapestInsertion;14;data/FIS10-1.txt;10;2,3,0,7,8,1,9,6,4,5;0;29813
CheapestInsertion;15;data/FIS10-1.txt;10;2,3,0,7,8,1,9,6,4,5;0;29813
CheapestInsertion;16;data/FIS10-1.txt;10;2,3,0,7,8,1,9,6,4,5;0;29813
CheapestInsertion;17;data/FIS10-1.txt;10;2,3,0,7,8,1,9,6,4,5;0;29813
CheapestInsertion;18;data/FIS10-1.txt;10;2,3,0,7,8,1,9,6,4,5;0;29813
CheapestInsertion;19;data/FIS10-1.txt;10;2,3,0,7,8,1,9,6,4,5;0;29813
CheapestInsertion;20;data/FIS10-1.txt;10;2,3,0,7,8,1,9,6,4,5;0;29813
CheapestInsertion;21;data/FIS10-1.txt;10;2,3,0,7,8,1,9,6,4,5;0;29813
CheapestInsertion;22;data/FIS10-1.txt;10;2,3,0,7,8,1,9,6,4,5;0;29813
CheapestInsertion;23;data/FIS10-1.txt;10;2,3,0,7,8,1,9,6,4,5;0;29813
CheapestInsertion;24;data/FIS10-1.txt;10;2,3,0,7,8,1,9,6,4,5;0;29813
CheapestInsertion;25;data/FIS10-1.txt;10;2,3,0,7,8,1,9,6,4,5;0;29813
CheapestInsertion;26;data/FIS10-1.txt;10;2,3,0,7,8,1,9,6,4,5;0;29813
CheapestInsertion;27;data/FIS10-1.txt;10;2,3,0,7,8,1,9,6,4,5;0;29813
CheapestInsertion;28;data/FIS10-1.txt;10;2,3,0,7,8,1,9,6,4,5;0;29813
CheapestInsertion;29;data/FIS10-1.txt;10;2,3,0,7,8,1,9,6,4,5;0;29813
CheapestInsertion;30;data/FIS10-1.txt;10;2,3,0,7,8,1,9,6,4,5;0;29813
CheapestInsertion;1;data/FIS10-2.txt;10;5,6,0,3,4,8,7,9,2,1;0;29446
CheapestInsertion;2;data/FIS10-2.txt;10;5,6,0,3,4,8,7,9,2,1;0;29446
CheapestInsertion;3;data/FIS10-2.txt;10;5,6,0,3,4,8,7,9,2,1;0;29446
CheapestInsertion;4;data/FIS10-2.txt;10;5,6,0,3,4,8,7,9,2,1;0;29446
CheapestInsertion;5;data/FIS10-2.txt;10;5,6,0,3,4,8,7,9,2,1;0;29446
CheapestInsertion;6;data/FIS10-2.txt;10;5,6,0,3,4,8,7,9,2,1;0;29446
CheapestInsertion;7;data/FIS10-2.txt;10;5,6,0,3,4,8,7,9,2,1;0;29446
CheapestInsertion;8;data/FIS10-2.txt;10;5,6,0,3,4,8,7,9,2,1;0;29446
CheapestInsertion;9;data/FIS10-2.txt;10;5,6,0,3,4,8,7,9,2,1;0;29446
CheapestInsertion;10;data/FIS10-2.txt;10;5,6,0,3,4,8,7,9,2,1;0;29446
CheapestInsertion;11;data/FIS10-2.txt;10;5,6,0,3,4,8,7,9,2,1;0;29446
CheapestInsertion;12;data/FIS10-2.txt;10;5,6,0,3,4,8,7,9,2,1;0;29446
CheapestInsertion;13;data/FIS10-2.txt;10;5,6,0,3,4,8,7,9,2,1;0;29446
CheapestInsertion;14;data/FIS10-2.txt;10;5,6,0,3,4,8,7,9,2,1;0;29446
CheapestInsertion;15;data/FIS10-2.txt;10;5,6,0,3,4,8,7,9,2,1;0;29446
CheapestInsertion;16;data/FIS10-2.txt;10;5,6,0,3,4,8,7,9,2,1;0;29446
CheapestInsertion;17;data/FIS10-2.txt;10;5,6,0,3,4,8,7,9,2,1;0;29446
CheapestInsertion;18;data/FIS10-2.txt;10;5,6,0,3,4,8,7,9,2,1;0;29446
CheapestInsertion;19;data/FIS10-2.txt;10;5,6,0,3,4,8,7,9,2,1;0;29446
CheapestInsertion;20;data/FIS10-2.txt;10;5,6,0,3,4,8,7,9,2,1;0;29446
CheapestInsertion;21;data/FIS10-2.txt;10;5,6,0,3,4,8,7,9,2,1;0;29446
CheapestInsertion;22;data/FIS10-2.txt;10;5,6,0,3,4,8,7,9,2,1;0;29446
CheapestInsertion;23;data/FIS10-2.txt;10;5,6,0,3,4,8,7,9,2,1;0;29446
CheapestInsertion;24;data/FIS10-2.txt;10;5,6,0,3,4,8,7,9,2,1;0;29446
CheapestInsertion;25;data/FIS10-2.txt;10;5,6,0,3,4,8,7,9,2,1;0;29446
CheapestInsertion;26;data/FIS10-2.txt;10;5,6,0,3,4,8,7,9,2,1;0;29446
CheapestInsertion;27;data/FIS10-2.txt;10;5,6,0,3,4,8,7,9,2,1;0;29446
CheapestInsertion;28;data/FIS10-2.txt;10;5,6,0,3,4,8,7,9,2,1;0;29446
CheapestInsertion;29;data/FIS10-2.txt;10;5,6,0,3,4,8,7,9,2,1;0;29446
CheapestInsertion;30;data/FIS10-2.txt;10;5,6,0,3,4,8,7,9,2,1;0;29446
CheapestInsertion;1;data/FIS10-3.txt;10;3,9,5,6,8,7,1,0,2,4;0;21471
CheapestInsertion;2;data/FIS10-3.txt;10;3,9,5,6,8,7,1,0,2,4;0;21471
CheapestInsertion;3;data/FIS10-3.txt;10;3,9,5,6,8,7,1,0,2,4;0;21471
CheapestInsertion;4;data/FIS10-3.txt;10;3,9,5,6,8,7,1,0,2,4;0;21471
CheapestInsertion;5;data/FIS10-3.txt;10;3,9,5,6,8,7,1,0,2,4;0;21471
CheapestInsertion;6;data/FIS10-3.txt;10;3,9,5,6,8,7,1,0,2,4;0;21471
CheapestInsertion;7;data/FIS10-3.txt;10;3,9,5,6,8,7,1,0,2,4;0;21471
CheapestInsertion;8;data/FIS10-3.txt;10;3,9,5,6,8,7,1,0,2,4;0;21471
CheapestInsertion;9;data/FIS10-3.txt;10;3,9,5,6,8,7,1,0,2,4;0;21471
CheapestInsertion;10;data/FIS10-3.txt;10;3,9,5,6,8,7,1,0,2,4;0;21471
CheapestInsertion;11;data/FIS10-3.txt;10;3,9,5,6,8,7,1,0,2,4;0;21471
CheapestInsertion;12;data/FIS10-3.txt;10;3,9,5,6,8,7,1,0,2,4;0;21471
CheapestInsertion;13;data/FIS10-3.txt;10;3,9,5,6,8,7,1,0,2,4;0;21471
CheapestInsertion;14;data/FIS10-3.txt;10;3,9,5,6,8,7,1,0,2,4;0;21471
CheapestInsertion;15;data/FIS10-3.txt;10;3,9,5,6,8,7,1,0,2,4;0;21471
CheapestInsertion;16;data/FIS10-3.txt;10;3,9,5,6,8,7,1,0,2,4;0;21471
CheapestInsertion;17;data/FIS10-3.txt;10;3,9,5,6,8,7,1,0,2,4;0;21471
CheapestInsertion;18;data/FIS10-3.txt;10;3,9,5,6,8,7,1,0,2,4;0;21471
CheapestInsertion;19;data/FIS10-3.txt;10;3,9,5,6,8,7,1,0,2,4;0;21471
CheapestInsertion;20;data/FIS10-3.txt;10;3,9,5,6,8,7,1,0,2,4;0;21471
CheapestInsertion;21;data/FIS10-3.txt;10;3,9,5,6,8,7,1,0,2,4;0;21471
CheapestInsertion;22;data/FIS10-3.txt;10;3,9,5,6,8,7,1,0,2,4;0;21471
CheapestInsertion;23;data/FIS10-3.txt;10;3,9,5,6,8,7,1,0,2,4;0;21471
CheapestInsertion;24;data/FIS10-3.txt;10;3,9,5,6,8,7,1,0,2,4;0;21471
CheapestInsertion;25;data/FIS10-3.txt;10;3,9,5,6,8,7,1,0,2,4;0;21471
CheapestInsertion;26;data/FIS10-3.txt;10;3,9,5,6,8,7,1,0,2,4;0;21471
CheapestInsertion;27;data/FIS10-3.txt;10;3,9,5,6,8,7,1,0,2,4;0;21471
CheapestInsertion;28;data/FIS10-3.txt;10;3,9,5,6,8,7,1,0,2,4;0;21471
CheapestInsertion;29;data/FIS10-3.txt;10;3,9,5,6,8,7,1,0,2,4;0;21471
CheapestInsertion;30;data/FIS10-3.txt;10;3,9,5,6,8,7,1,0,2,4;0;21471
CheapestInsertion;1;data/FIS10-4.txt;10;4,5,3,0,7,1,2,8,6,9;0;22816
CheapestInsertion;2;data/FIS10-4.txt;10;4,5,3,0,7,1,2,8,6,9;0;22816
CheapestInsertion;3;data/FIS10-4.txt;10;4,5,3,0,7,1,2,8,6,9;0;22816
CheapestInsertion;4;data/FIS10-4.txt;10;4,5,3,0,7,1,2,8,6,9;0;22816
CheapestInsertion;5;data/FIS10-4.txt;10;4,5,3,0,7,1,2,8,6,9;0;22816
CheapestInsertion;6;data/FIS10-4.txt;10;4,5,3,0,7,1,2,8,6,9;0;22816
CheapestInsertion;7;data/FIS10-4.txt;10;4,5,3,0,7,1,2,8,6,9;0;22816
CheapestInsertion;8;data/FIS10-4.txt;10;4,5,3,0,7,1,2,8,6,9;0;22816
CheapestInsertion;9;data/FIS10-4.txt;10;4,5,3,0,7,1,2,8,6,9;0;22816
CheapestInsertion;10;data/FIS10-4.txt;10;4,5,3,0,7,1,2,8,6,9;0;22816
CheapestInsertion;11;data/FIS10-4.txt;10;4,5,3,0,7,1,2,8,6,9;0;22816
CheapestInsertion;12;data/FIS10-4.txt;10;4,5,3,0,7,1,2,8,6,9;0;22816
CheapestInsertion;13;data/FIS10-4.txt;10;4,5,3,0,7,1,2,8,6,9;0;22816
CheapestInsertion;14;data/FIS10-4.txt;10;4,5,3,0,7,1,2,8,6,9;0;22816
CheapestInsertion;15;data/FIS10-4.txt;10;4,5,3,0,7,1,2,8,6,9;0;22816
CheapestInsertion;16;data/FIS10-4.txt;10;4,5,3,0,7,1,2,8,6,9;0;22816
CheapestInsertion;17;data/FIS10-4.txt;10;4,5,3,0,7,1,2,8,6,9;0;22816
CheapestInsertion;18;data/FIS10-4.txt;10;4,5,3,0,7,1,2,8,6,9;0;22816
CheapestInsertion;19;data/FIS10-4.txt;10;4,5,3,0,7,1,2,8,6,9;0;22816
CheapestInsertion;20;data/FIS10-4.txt;10;4,5,3,0,7,1,2,8,6,9;0;22816
CheapestInsertion;21;data/FIS10-4.txt;10;4,5,3,0,7,1,2,8,6,9;0;22816
CheapestInsertion;22;data/FIS10-4.txt;10;4,5,3,0,7,1,2,8,6,9;0;22816
CheapestInsertion;23;data/FIS10-4.txt;10;4,5,3,0,7,1,2,8,6,9;0;22816
CheapestInsertion;24;data/FIS10-4.txt;10;4,5,3,0,7,1,2,8,6,9;0;22816
CheapestInsertion;25;data/FIS10-4.txt;10;4,5,3,0,7,1,2,8,6,9;0;22816
CheapestInsertion;26;data/FIS10-4.txt;10;4,5,3,0,7,1,2,8,6,9;0;22816
CheapestInsertion;27;data/FIS10-4.txt;10;4,5,3,0,7,1,2,8,6,9;0;22816
CheapestInsertion;28;data/FIS10-4.txt;10;4,5,3,0,7,1,2,8,6,9;0;22816
CheapestInsertion;29;data/FIS10-4.txt;10;4,5,3,0,7,1,2,8,6,9;0;22816
CheapestInsertion;30;data/FIS10-4.txt;10;4,5,3,0,7,1,2,8,6,9;0;22816
CheapestInsertion;1;data/FIS11-0.txt;11;0,4,3,8,10,7,6,5,9,1,2;0;25573
CheapestInsertion;2;data/FIS11-0.txt;11;0,4,3,8,10,7,6,5,9,1,2;0;25573
CheapestInsertion;3;data/FIS11-0.txt;11;0,4,3,8,10,7,6,5,9,1,2;0;25573
CheapestInsertion;4;data/FIS11-0.txt;11;0,4,3,8,10,7,6,5,9,1,2;0;25573
CheapestInsertion;5;data/FIS11-0.txt;11;0,4,3,8,10,7,6,5,9,1,2;0;25573
CheapestInsertion;6;data/FIS11-0.txt;11;0,4,3,8,10,7,6,5,9,1,2;0;25573
CheapestInsertion;7;data/FIS11-0.txt;11;0,4,3,8,10,7,6,5,9,1,2;0;25573
CheapestInsertion;8;data/FIS11-0.txt;11;0,4,3,8,10,7,6,5,9,1,2;0;25573
CheapestInsertion;9;data/FIS11-0.txt;11;0,4,3,8,10,7,6,5,9,1,2;0;25573
CheapestInsertion;10;data/FIS11-0.txt;11;0,4,3,8,10,7,6,5,9,1,2;0;25573
CheapestInsertion;11;data/FIS11-0.txt;11;0,4,3,8,10,7,6,5,9,1,2;0;25573
CheapestInsertion;12;data/FIS11-0.txt;11;0,4,3,8,10,7,6,5,9,1,2;0;25573
CheapestInsertion;13;data/FIS11-0.txt;11;0,4,3,8,10,7,6,5,9,1,2;0;25573
CheapestInsertion;14;data/FIS11-0.txt;11;0,4,3,8,10,7,6,5,9,1,2;0;25573
CheapestInsertion;15;data/FIS11-0.txt;11;0,4,3,8,10,7,6,5,9,1,2;0;25573
CheapestInsertion;16;data/FIS11-0.txt;11;0,4,3,8,10,7,6,5,9,1,2;0;25573
CheapestInsertion;17;data/FIS11-0.txt;11;0,4,3,8,10,7,6,5,9,1,2;0;25573
CheapestInsertion;18;data/FIS11-0.txt;11;0,4,3,8,10,7,6,5,9,1,2;0;25573
CheapestInsertion;19;data/FIS11-0.txt;11;0,4,3,8,10,7,6,5,9,1,2;0;25573
CheapestInsertion;20;data/FIS11-0.txt;11;0,4,3,8,10,7,6,5,9,1,2;0;25573
CheapestInsertion;21;data/FIS11-0.txt;11;0,4,3,8,10,7,6,5,9,1,2;0;25573
CheapestInsertion;22;data/FIS11-0.txt;11;0,4,3,8,10,7,6,5,9,1,2;0;25573
CheapestInsertion;23;data/FIS11-0.txt;11;0,4,3,8,10,7,6,5,9,1,2;0;25573
CheapestInsertion;24;data/FIS11-0.txt;11;0,4,3,8,10,7,6,5,9,1,2;0;25573
CheapestInsertion;25;data/FIS11-0.txt;11;0,4,3,8,10,7,6,5,9,1,2;0;25573
CheapestInsertion;26;data/FIS11-0.txt;11;0,4,3,8,10,7,6,5,9,1,2;0;25573
CheapestInsertion;27;data/FIS11-0.txt;11;0,4,3,8,10,7,6,5,9,1,2;0;25573
CheapestInsertion;28;data/FIS11-0.txt;11;0,4,3,8,10,7,6,5,9,1,2;0;25573
CheapestInsertion;29;data/FIS11-0.txt;11;0,4,3,8,10,7,6,5,9,1,2;0;25573
CheapestInsertion;30;data/FIS11-0.txt;11;0,4,3,8,10,7,6,5,9,1,2;0;25573
CheapestInsertion;1;data/FIS11-1.txt;11;2,1,5,3,10,9,4,8,6,7,0;0;30513
CheapestInsertion;2;data/FIS11-1.txt;11;2,1,5,3,10,9,4,8,6,7,0;0;30513
CheapestInsertion;3;data/FIS11-1.txt;11;2,1,5,3,10,9,4,8,6,7,0;0;30513
CheapestInsertion;4;data/FIS11-1.txt;11;2,1,5,3,10,9,4,8,6,7,0;0;30513
CheapestInsertion;5;data/FIS11-1.txt;11;2,1,5,3,10,9,4,8,6,7,0;0;30513
CheapestInsertion;6;data/FIS11-1.txt;11;2,1,5,3,10,9,4,8,6,7,0;0;30513
CheapestInsertion;7;data/FIS11-1.txt;11;2,1,5,3,10,9,4,8,6,7,0;0;30513
CheapestInsertion;8;data/FIS11-1.txt;11;2,1,5,3,10,9,4,8,6,7,0;0;30513
CheapestInsertion;9;data/FIS11-1.txt;11;2,1,5,3,10,9,4,8,6,7,0;0;30513
CheapestInsertion;10;data/FIS11-1.txt;11;2,1,5,3,10,9,4,8,6,7,0;0;30513
CheapestInsertion;11;data/FIS11-1.txt;11;2,1,5,3,10,9,4,8,6,7,0;0;30513
CheapestInsertion;12;data/FIS11-1.txt;11;2,1,5,3,10,9,4,8,6,7,0;0;30513
CheapestInsertion;13;data/FIS11-1.txt;11;2,1,5,3,10,9,4,8,6,7,0;0;30513
CheapestInsertion;14;data/FIS11-1.txt;11;2,1,5,3,10,9,4,8,6,7,0;0;30513
CheapestInsertion;15;data/FIS11-1.txt;11;2,1,5,3,10,9,4,8,6,7,0;0;30513
CheapestInsertion;16;data/FIS11-1.txt;11;2,1,5,3,10,9,4,8,6,7,0;0;30513
CheapestInsertion;17;data/FIS11-1.txt;11;2,1,5,3,10,9,4,8,6,7,0;0;30513
CheapestInsertion;18;data/FIS11-1.txt;11;2,1,5,3,10,9,4,8,6,7,0;0;30513
CheapestInsertion;19;data/FIS11-1.txt;11;2,1,5,3,10,9,4,8,6,7,0;0;30513
CheapestInsertion;20;data/FIS11-1.txt;11;2,1,5,3,10,9,4,8,6,7,0;0;30513
CheapestInsertion;21;data/FIS11-1.txt;11;2,1,5,3,10,9,4,8,6,7,0;0;30513
CheapestInsertion;22;data/FIS11-1.txt;11;2,1,5,3,10,9,4,8,6,7,0;0;30513
CheapestInsertion;23;data/FIS11-1.txt;11;2,1,5,3,10,9,4,8,6,7,0;0;30513
CheapestInsertion;24;data/FIS11-1.txt;11;2,1,5,3,10,9,4,8,6,7,0;0;30513
CheapestInsertion;25;data/FIS11-1.txt;11;2,1,5,3,10,9,4,8,6,7,0;0;30513
CheapestInsertion;26;data/FIS11-1.txt;11;2,1,5,3,10,9,4,8,6,7,0;0;30513
CheapestInsertion;27;data/FIS11-1.txt;11;2,1,5,3,10,9,4,8,6,7,0;0;30513
CheapestInsertion;28;data/FIS11-1.txt;11;2,1,5,3,10,9,4,8,6,7,0;0;30513
CheapestInsertion;29;data/FIS11-1.txt;11;2,1,5,3,10,9,4,8,6,7,0;0;30513
CheapestInsertion;30;data/FIS11-1.txt;11;2,1,5,3,10,9,4,8,6,7,0;0;30513
CheapestInsertion;1;data/FIS11-2.txt;11;10,0,6,9,5,1,3,2,4,8,7;0;25264
CheapestInsertion;2;data/FIS11-2.txt;11;10,0,6,9,5,1,3,2,4,8,7;0;25264
CheapestInsertion;3;data/FIS11-2.txt;11;10,0,6,9,5,1,3,2,4,8,7;0;25264
CheapestInsertion;4;data/FIS11-2.txt;11;10,0,6,9,5,1,3,2,4,8,7;0;25264
CheapestInsertion;5;data/FIS11-2.txt;11;10,0,6,9,5,1,3,2,4,8,7;0;25264
CheapestInsertion;6;data/FIS11-2.txt;11;10,0,6,9,5,1,3,2,4,8,7;0;25264
CheapestInsertion;7;data/FIS11-2.txt;11;10,0,6,9,5,1,3,2,4,8,7;0;25264
CheapestInsertion;8;data/FIS11-2.txt;11;10,0,6,9,5,1,3,2,4,8,7;0;25264
CheapestInsertion;9;data/FIS11-2.txt;11;10,0,6,9,5,1,3,2,4,8,7;0;25264
CheapestInsertion;10;data/FIS11-2.txt;11;10,0,6,9,5,1,3,2,4,8,7;0;25264
CheapestInsertion;11;data/FIS11-2.txt;11;10,0,6,9,5,1,3,2,4,8,7;0;25264
CheapestInsertion;12;data/FIS11-2.txt;11;10,0,6,9,5,1,3,2,4,8,7;0;25264
CheapestInsertion;13;data/FIS11-2.txt;11;10,0,6,9,5,1,3,2,4,8,7;0;25264
CheapestInsertion;14;data/FIS11-2.txt;11;10,0,6,9,5,1,3,2,4,8,7;0;25264
CheapestInsertion;15;data/FIS11-2.txt;11;10,0,6,9,5,1,3,2,4,8,7;0;25264
CheapestInsertion;16;data/FIS11-2.txt;11;10,0,6,9,5,1,3,2,4,8,7;0;25264
CheapestInsertion;17;data/FIS11-2.txt;11;10,0,6,9,5,1,3,2,4,8,7;0;25264
CheapestInsertion;18;data/FIS11-2.txt;11;10,0,6,9,5,1,3,2,4,8,7;0;25264
CheapestInsertion;19;data/FIS11-2.txt;11;10,0,6,9,5,1,3,2,4,8,7;0;25264
CheapestInsertion;20;data/FIS11-2.txt;11;10,0,6,9,5,1,3,2,4,8,7;0;25264
CheapestInsertion;21;data/FIS11-2.txt;11;10,0,6,9,5,1,3,2,4,8,7;0;25264
CheapestInsertion;22;data/FIS11-2.txt;11;10,0,6,9,5,1,3,2,4,8,7;0;25264
CheapestInsertion;23;data/FIS11-2.txt;11;10,0,6,9,5,1,3,2,4,8,7;0;25264
CheapestInsertion;24;data/FIS11-2.txt;11;10,0,6,9,5,1,3,2,4,8,7;0;25264
CheapestInsertion;25;data/FIS11-2.txt;11;10,0,6,9,5,1,3,2,4,8,7;0;25264
CheapestInsertion;26;data/FIS11-2.txt;11;10,0,6,9,5,1,3,2,4,8,7;0;25264
CheapestInsertion;27;data/FIS11-2.txt;11;10,0,6,9,5,1,3,2,4,8,7;0;25264
CheapestInsertion;28;data/FIS11-2.txt;11;10,0,6,9,5,1,3,2,4,8,7;0;25264
CheapestInsertion;29;data/FIS11-2.txt;11;10,0,6,9,5,1,3,2,4,8,7;0;25264
CheapestInsertion;30;data/FIS11-2.txt;11;10,0,6,9,5,1,3,2,4,8,7;0;25264
CheapestInsertion;1;data/FIS11-3.txt;11;2,5,8,7,1,0,10,6,9,4,3;0;27097
CheapestInsertion;2;data/FIS11-3.txt;11;2,5,8,7,1,0,10,6,9,4,3;0;27097
CheapestInsertion;3;data/FIS11-3.txt;11;2,5,8,7,1,0,10,6,9,4,3;0;27097
CheapestInsertion;4;data/FIS11-3.txt;11;2,5,8,7,1,0,10,6,9,4,3;0;27097
CheapestInsertion;5;data/FIS11-3.txt;11;2,5,8,7,1,0,10,6,9,4,3;0;27097
CheapestInsertion;6;data/FIS11-3.txt;11;2,5,8,7,1,0,10,6,9,4,3;0;27097
CheapestInsertion;7;data/FIS11-3.txt;11;2,5,8,7,1,0,10,6,9,4,3;0;27097
CheapestInsertion;8;data/FIS11-3.txt;11;2,5,8,7,1,0,10,6,9,4,3;0;27097
CheapestInsertion;9;data/FIS11-3.txt;11;2,5,8,7,1,0,10,6,9,4,3;0;27097
CheapestInsertion;10;data/FIS11-3.txt;11;2,5,8,7,1,0,10,6,9,4,3;0;27097
CheapestInsertion;11;data/FIS11-3.txt;11;2,5,8,7,1,0,10,6,9,4,3;0;27097
CheapestInsertion;12;data/FIS11-3.txt;11;2,5,8,7,1,0,10,6,9,4,3;0;27097
CheapestInsertion;13;data/FIS11-3.txt;11;2,5,8,7,1,0,10,6,9,4,3;0;27097
CheapestInsertion;14;data/FIS11-3.txt;11;2,5,8,7,1,0,10,6,9,4,3;0;27097
CheapestInsertion;15;data/FIS11-3.txt;11;2,5,8,7,1,0,10,6,9,4,3;0;27097
CheapestInsertion;16;data/FIS11-3.txt;11;2,5,8,7,1,0,10,6,9,4,3;0;27097
CheapestInsertion;17;data/FIS11-3.txt;11;2,5,8,7,1,0,10,6,9,4,3;0;27097
CheapestInsertion;18;data/FIS11-3.txt;11;2,5,8,7,1,0,10,6,9,4,3;0;27097
CheapestInsertion;19;data/FIS11-3.txt;11;2,5,8,7,1,0,10,6,9,4,3;0;27097
CheapestInsertion;20;data/FIS11-3.txt;11;2,5,8,7,1,0,10,6,9,4,3;0;27097
CheapestInsertion;21;data/FIS11-3.txt;11;2,5,8,7,1,0,10,6,9,4,3;0;27097
CheapestInsertion;22;data/FIS11-3.txt;11;2,5,8,7,1,0,10,6,9,4,3;0;27097
CheapestInsertion;23;data/FIS11-3.txt;11;2,5,8,7,1,0,10,6,9,4,3;0;27097
CheapestInsertion;24;data/FIS11-3.txt;11;2,5,8,7,1,0,10,6,9,4,3;0;27097
CheapestInsertion;25;data/FIS11-3.txt;11;2,5,8,7,1,0,10,6,9,4,3;0;27097
CheapestInsertion;26;data/FIS11-3.txt;11;2,5,8,7,1,0,10,6,9,4,3;0;27097
CheapestInsertion;27;data/FIS11-3.txt;11;2,5,8,7,1,0,10,6,9,4,3;0;27097
CheapestInsertion;28;data/FIS11-3.txt;11;2,5,8,7,1,0,10,6,9,4,3;0;27097
CheapestInsertion;29;data/FIS11-3.txt;11;2,5,8,7,1,0,10,6,9,4,3;0;27097
CheapestInsertion;30;data/FIS11-3.txt;11;2,5,8,7,1,0,10,6,9,4,3;0;27097
CheapestInsertion;1;data/FIS11-4.txt;11;9,6,7,5,3,8,10,2,0,4,1;0;26188
CheapestInsertion;2;data/FIS11-4.txt;11;9,6,7,5,3,8,10,2,0,4,1;0;26188
CheapestInsertion;3;data/FIS11-4.txt;11;9,6,7,5,3,8,10,2,0,4,1;0;26188
CheapestInsertion;4;data/FIS11-4.txt;11;9,6,7,5,3,8,10,2,0,4,1;0;26188
CheapestInsertion;5;data/FIS11-4.txt;11;9,6,7,5,3,8,10,2,0,4,1;0;26188
CheapestInsertion;6;data/FIS11-4.txt;11;9,6,7,5,3,8,10,2,0,4,1;0;26188
CheapestInsertion;7;data/FIS11-4.txt;11;9,6,7,5,3,8,10,2,0,4,1;0;26188
CheapestInsertion;8;data/FIS11-4.txt;11;9,6,7,5,3,8,10,2,0,4,1;0;26188
CheapestInsertion;9;data/FIS11-4.txt;11;9,6,7,5,3,8,10,2,0,4,1;0;26188
CheapestInsertion;10;data/FIS11-4.txt;11;9,6,7,5,3,8,10,2,0,4,1;0;26188
CheapestInsertion;11;data/FIS11-4.txt;11;9,6,7,5,3,8,10,2,0,4,1;0;26188
CheapestInsertion;12;data/FIS11-4.txt;11;9,6,7,5,3,8,10,2,0,4,1;0;26188
CheapestInsertion;13;data/FIS11-4.txt;11;9,6,7,5,3,8,10,2,0,4,1;0;26188
CheapestInsertion;14;data/FIS11-4.txt;11;9,6,7,5,3,8,10,2,0,4,1;0;26188
CheapestInsertion;15;data/FIS11-4.txt;11;9,6,7,5,3,8,10,2,0,4,1;0;26188
CheapestInsertion;16;data/FIS11-4.txt;11;9,6,7,5,3,8,10,2,0,4,1;0;26188
CheapestInsertion;17;data/FIS11-4.txt;11;9,6,7,5,3,8,10,2,0,4,1;0;26188
CheapestInsertion;18;data/FIS11-4.txt;11;9,6,7,5,3,8,10,2,0,4,1;0;26188
CheapestInsertion;19;data/FIS11-4.txt;11;9,6,7,5,3,8,10,2,0,4,1;0;26188
CheapestInsertion;20;data/FIS11-4.txt;11;9,6,7,5,3,8,10,2,0,4,1;0;26188
CheapestInsertion;21;data/FIS11-4.txt;11;9,6,7,5,3,8,10,2,0,4,1;0;26188
CheapestInsertion;22;data/FIS11-4.txt;11;9,6,7,5,3,8,10,2,0,4,1;0;26188
CheapestInsertion;23;data/FIS11-4.txt;11;9,6,7,5,3,8,10,2,0,4,1;0;26188
CheapestInsertion;24;data/FIS11-4.txt;11;9,6,7,5,3,8,10,2,0,4,1;0;26188
CheapestInsertion;25;data/FIS11-4.txt;11;9,6,7,5,3,8,10,2,0,4,1;0;26188
CheapestInsertion;26;data/FIS11-4.txt;11;9,6,7,5,3,8,10,2,0,4,1;0;26188
CheapestInsertion;27;data/FIS11-4.txt;11;9,6,7,5,3,8,10,2,0,4,1;0;26188
CheapestInsertion;28;data/FIS11-4.txt;11;9,6,7,5,3,8,10,2,0,4,1;0;26188
CheapestInsertion;29;data/FIS11-4.txt;11;9,6,7,5,3,8,10,2,0,4,1;0;26188
CheapestInsertion;30;data/FIS11-4.txt;11;9,6,7,5,3,8,10,2,0,4,1;0;26188
CheapestInsertion;1;data/FIS12-0.txt;12;6,5,7,11,9,1,4,0,8,10,3,2;0;25686
CheapestInsertion;2;data/FIS12-0.txt;12;6,5,7,11,9,1,4,0,8,10,3,2;0;25686
CheapestInsertion;3;data/FIS12-0.txt;12;6,5,7,11,9,1,4,0,8,10,3,2;0;25686
CheapestInsertion;4;data/FIS12-0.txt;12;6,5,7,11,9,1,4,0,8,10,3,2;0;25686
CheapestInsertion;5;data/FIS12-0.txt;12;6,5,7,11,9,1,4,0,8,10,3,2;0;25686
CheapestInsertion;6;data/FIS12-0.txt;12;6,5,7,11,9,1,4,0,8,10,3,2;0;25686
CheapestInsertion;7;data/FIS12-0.txt;12;6,5,7,11,9,1,4,0,8,10,3,2;0;25686
CheapestInsertion;8;data/FIS12-0.txt;12;6,5,7,11,9,1,4,0,8,10,3,2;0;25686
CheapestInsertion;9;data/FIS12-0.txt;12;6,5,7,11,9,1,4,0,8,10,3,2;0;25686
CheapestInsertion;10;data/FIS12-0.txt;12;6,5,7,11,9,1,4,0,8,10,3,2;0;25686
CheapestInsertion;11;data/FIS12-0.txt;12;6,5,7,11,9,1,4,0,8,10,3,2;0;25686
CheapestInsertion;12;data/FIS12-0.txt;12;6,5,7,11,9,1,4,0,8,10,3,2;0;25686
CheapestInsertion;13;data/FIS12-0.txt;12;6,5,7,11,9,1,4,0,8,10,3,2;0;25686
CheapestInsertion;14;data/FIS12-0.txt;12;6,5,7,11,9,1,4,0,8,10,3,2;0;25686
CheapestInsertion;15;data/FIS12-0.txt;12;6,5,7,11,9,1,4,0,8,10,3,2;0;25686
CheapestInsertion;16;data/FIS12-0.txt;12;6,5,7,11,9,1,4,0,8,10,3,2;0;25686
CheapestInsertion;17;data/FIS12-0.txt;12;6,5,7,11,9,1,4,0,8,10,3,2;0;25686
CheapestInsertion;18;data/FIS12-0.txt;12;6,5,7,11,9,1,4,0,8,10,3,2;0;25686
CheapestInsertion;19;data/FIS12-0.txt;12;6,5,7,11,9,1,4,0,8,10,3,2;0;25686
CheapestInsertion;20;data/FIS12-0.txt;12;6,5,7,11,9,1,4,0,8,10,3,2;0;25686
CheapestInsertion;21;data/FIS12-0.txt;12;6,5,7,11,9,1,4,0,8,10,3,2;0;25686
CheapestInsertion;22;data/FIS12-0.txt;12;6,5,7,11,9,1,4,0,8,10,3,2;0;25686
CheapestInsertion;23;data/FIS12-0.txt;12;6,5,7,11,9,1,4,0,8,10,3,2;0;25686
CheapestInsertion;24;data/FIS12-0.txt;12;6,5,7,11,9,1,4,0,8,10,3,2;0;25686
CheapestInsertion;25;data/FIS12-0.txt;12;6,5,7,11,9,1,4,0,8,10,3,2;0;25686
CheapestInsertion;26;data/FIS12-0.txt;12;6,5,7,11,9,1,4,0,8,10,3,2;0;25686
CheapestInsertion;27;data/FIS12-0.txt;12;6,5,7,11,9,1,4,0,8,10,3,2;0;25686
CheapestInsertion;28;data/FIS12-0.txt;12;6,5,7,11,9,1,4,0,8,10,3,2;0;25686
CheapestInsertion;29;data/FIS12-0.txt;12;6,5,7,11,9,1,4,0,8,10,3,2;0;25686
CheapestInsertion;30;data/FIS12-0.txt;12;6,5,7,11,9,1,4,0,8,10,3,2;0;25686
CheapestInsertion;1;data/FIS12-1.txt;12;0,3,2,10,11,9,8,7,5,6,4,1;0;26706
CheapestInsertion;2;data/FIS12-1.txt;12;0,3,2,10,11,9,8,7,5,6,4,1;0;26706
CheapestInsertion;3;data/FIS12-1.txt;12;0,3,2,10,11,9,8,7,5,6,4,1;0;26706
CheapestInsertion;4;data/FIS12-1.txt;12;0,3,2,10,11,9,8,7,5,6,4,1;0;26706
CheapestInsertion;5;data/FIS12-1.txt;12;0,3,2,10,11,9,8,7,5,6,4,1;0;26706
CheapestInsertion;6;data/FIS12-1.txt;12;0,3,2,10,11,9,8,7,5,6,4,1;0;26706
CheapestInsertion;7;data/FIS12-1.txt;12;0,3,2,10,11,9,8,7,5,6,4,1;0;26706
CheapestInsertion;8;data/FIS12-1.txt;12;0,3,2,10,11,9,8,7,5,6,4,1;0;26706
CheapestInsertion;9;data/FIS12-1.txt;12;0,3,2,10,11,9,8,7,5,6,4,1;0;26706
CheapestInsertion;10;data/FIS12-1.txt;12;0,3,2,10,11,9,8,7,5,6,4,1;0;26706
CheapestInsertion;11;data/FIS12-1.txt;12;0,3,2,10,11,9,8,7,5,6,4,1;0;26706
CheapestInsertion;12;data/FIS12-1.txt;12;0,3,2,10,11,9,8,7,5,6,4,1;0;26706
CheapestInsertion;13;data/FIS12-1.txt;12;0,3,2,10,11,9,8,7,5,6,4,1;0;26706
CheapestInsertion;14;data/FIS12-1.txt;12;0,3,2,10,11,9,8,7,5,6,4,1;0;26706
CheapestInsertion;15;data/FIS12-1.txt;12;0,3,2,10,11,9,8,7,5,6,4,1;0;26706
CheapestInsertion;16;data/FIS12-1.txt;12;0,3,2,10,11,9,8,7,5,6,4,1;0;26706
CheapestInsertion;17;data/FIS12-1.txt;12;0,3,2,10,11,9,8,7,5,6,4,1;0;26706
CheapestInsertion;18;data/FIS12-1.txt;12;0,3,2,10,11,9,8,7,5,6,4,1;0;26706
CheapestInsertion;19;data/FIS12-1.txt;12;0,3,2,10,11,9,8,7,5,6,4,1;0;26706
CheapestInsertion;20;data/FIS12-1.txt;12;0,3,2,10,11,9,8,7,5,6,4,1;0;26706
CheapestInsertion;21;data/FIS12-1.txt;12;0,3,2,10,11,9,8,7,5,6,4,1;0;26706
CheapestInsertion;22;data/FIS12-1.txt;12;0,3,2,10,11,9,8,7,5,6,4,1;0;26706
CheapestInsertion;23;data/FIS12-1.txt;12;0,3,2,10,11,9,8,7,5,6,4,1;0;26706
CheapestInsertion;24;data/FIS12-1.txt;12;0,3,2,10,11,9,8,7,5,6,4,1;0;26706
CheapestInsertion;25;data/FIS12-1.txt;12;0,3,2,10,11,9,8,7,5,6,4,1;0;26706
CheapestInsertion;26;data/FIS12-1.txt;12;0,3,2,10,11,9,8,7,5,6,4,1;0;26706
CheapestInsertion;27;data/FIS12-1.txt;12;0,3,2,10,11,9,8,7,5,6,4,1;0;26706
CheapestInsertion;28;data/FIS12-1.txt;12;0,3,2,10,11,9,8,7,5,6,4,1;0;26706
CheapestInsertion;29;data/FIS12-1.txt;12;0,3,2,10,11,9,8,7,5,6,4,1;0;26706
CheapestInsertion;30;data/FIS12-1.txt;12;0,3,2,10,11,9,8,7,5,6,4,1;0;26706
CheapestInsertion;1;data/FIS12-2.txt;12;11,6,4,5,3,2,8,7,10,0,9,1;0;28677
CheapestInsertion;2;data/FIS12-2.txt;12;11,6,4,5,3,2,8,7,10,0,9,1;0;28677
CheapestInsertion;3;data/FIS12-2.txt;12;11,6,4,5,3,2,8,7,10,0,9,1;0;28677
CheapestInsertion;4;data/FIS12-2.txt;12;11,6,4,5,3,2,8,7,10,0,9,1;0;28677
CheapestInsertion;5;data/FIS12-2.txt;12;11,6,4,5,3,2,8,7,10,0,9,1;0;28677
CheapestInsertion;6;data/FIS12-2.txt;12;11,6,4,5,3,2,8,7,10,0,9,1;0;28677
CheapestInsertion;7;data/FIS12-2.txt;12;11,6,4,5,3,2,8,7,10,0,9,1;0;28677
CheapestInsertion;8;data/FIS12-2.txt;12;11,6,4,5,3,2,8,7,10,0,9,1;0;28677
CheapestInsertion;9;data/FIS12-2.txt;12;11,6,4,5,3,2,8,7,10,0,9,1;0;28677
CheapestInsertion;10;data/FIS12-2.txt;12;11,6,4,5,3,2,8,7,10,0,9,1;0;28677
CheapestInsertion;11;data/FIS12-2.txt;12;11,6,4,5,3,2,8,7,10,0,9,1;0;28677
CheapestInsertion;12;data/FIS12-2.txt;12;11,6,4,5,3,2,8,7,10,0,9,1;0;28677
CheapestInsertion;13;data/FIS12-2.txt;12;11,6,4,5,3,2,8,7,10,0,9,1;0;28677
CheapestInsertion;14;data/FIS12-2.txt;12;11,6,4,5,3,2,8,7,10,0,9,1;0;28677
CheapestInsertion;15;data/FIS12-2.txt;12;11,6,4,5,3,2,8,7,10,0,9,1;0;28677
CheapestInsertion;16;data/FIS12-2.txt;12;11,6,4,5,3,2,8,7,10,0,9,1;0;28677
CheapestInsertion;17;data/FIS12-2.txt;12;11,6,4,5,3,2,8,7,10,0,9,1;0;28677
CheapestInsertion;18;data/FIS12-2.txt;12;11,6,4,5,3,2,8,7,10,0,9,1;0;28677
CheapestInsertion;19;data/FIS12-2.txt;12;11,6,4,5,3,2,8,7,10,0,9,1;0;28677
CheapestInsertion;20;data/FIS12-2.txt;12;11,6,4,5,3,2,8,7,10,0,9,1;0;28677
CheapestInsertion;21;data/FIS12-2.txt;12;11,6,4,5,3,2,8,7,10,0,9,1;0;28677
CheapestInsertion;22;data/FIS12-2.txt;12;11,6,4,5,3,2,8,7,10,0,9,1;0;28677
CheapestInsertion;23;data/FIS12-2.txt;12;11,6,4,5,3,2,8,7,10,0,9,1;0;28677
CheapestInsertion;24;data/FIS12-2.txt;12;11,6,4,5,3,2,8,7,10,0,9,1;0;28677
CheapestInsertion;25;data/FIS12-2.txt;12;11,6,4,5,3,2,8,7,10,0,9,1;0;28677
CheapestInsertion;26;data/FIS12-2.txt;12;11,6,4,5,3,2,8,7,10,0,9,1;0;28677
CheapestInsertion;27;data/FIS12-2.txt;12;11,6,4,5,3,2,8,7,10,0,9,1;0;28677
CheapestInsertion;28;data/FIS12-2.txt;12;11,6,4,5,3,2,8,7,10,0,9,1;0;28677
CheapestInsertion;29;data/FIS12-2.txt;12;11,6,4,5,3,2,8,7,10,0,9,1;0;28677
CheapestInsertion;30;data/FIS12-2.txt;12;11,6,4,5,3,2,8,7,10,0,9,1;0;28677
CheapestInsertion;1;data/FIS12-3.txt;12;5,2,11,9,10,6,0,8,3,4,7,1;0;24393
CheapestInsertion;2;data/FIS12-3.txt;12;5,2,11,9,10,6,0,8,3,4,7,1;0;24393
CheapestInsertion;3;data/FIS12-3.txt;12;5,2,11,9,10,6,0,8,3,4,7,1;0;24393
CheapestInsertion;4;data/FIS12-3.txt;12;5,2,11,9,10,6,0,8,3,4,7,1;0;24393
CheapestInsertion;5;data/FIS12-3.txt;12;5,2,11,9,10,6,0,8,3,4,7,1;0;24393
CheapestInsertion;6;data/FIS12-3.txt;12;5,2,11,9,10,6,0,8,3,4,7,1;0;24393
CheapestInsertion;7;data/FIS12-3.txt;12;5,2,11,9,10,6,0,8,3,4,7,1;0;24393
CheapestInsertion;8;data/FIS12-3.txt;12;5,2,11,9,10,6,0,8,3,4,7,1;0;24393
CheapestInsertion;9;data/FIS12-3.txt;12;5,2,11,9,10,6,0,8,3,4,7,1;0;24393
CheapestInsertion;10;data/FIS12-3.txt;12;5,2,11,9,10,6,0,8,3,4,7,1;0;24393
CheapestInsertion;11;data/FIS12-3.txt;12;5,2,11,9,10,6,0,8,3,4,7,1;0;24393
CheapestInsertion;12;data/FIS12-3.txt;12;5,2,11,9,10,6,0,8,3,4,7,1;0;24393
CheapestInsertion;13;data/FIS12-3.txt;12;5,2,11,9,10,6,0,8,3,4,7,1;0;24393
CheapestInsertion;14;data/FIS12-3.txt;12;5,2,11,9,10,6,0,8,3,4,7,1;0;24393
CheapestInsertion;15;data/FIS12-3.txt;12;5,2,11,9,10,6,0,8,3,4,7,1;0;24393
CheapestInsertion;16;data/FIS12-3.txt;12;5,2,11,9,10,6,0,8,3,4,7,1;0;24393
CheapestInsertion;17;data/FIS12-3.txt;12;5,2,11,9,10,6,0,8,3,4,7,1;0;24393
CheapestInsertion;18;data/FIS12-3.txt;12;5,2,11,9,10,6,0,8,3,4,7,1;0;24393
CheapestInsertion;19;data/FIS12-3.txt;12;5,2,11,9,10,6,0,8,3,4,7,1;0;24393
CheapestInsertion;20;data/FIS12-3.txt;12;5,2,11,9,10,6,0,8,3,4,7,1;0;24393
CheapestInsertion;21;data/FIS12-3.txt;12;5,2,11,9,10,6,0,8,3,4,7,1;0;24393
CheapestInsertion;22;data/FIS12-3.txt;12;5,2,11,9,10,6,0,8,3,4,7,1;0;24393
CheapestInsertion;23;data/FIS12-3.txt;12;5,2,11,9,10,6,0,8,3,4,7,1;0;24393
CheapestInsertion;24;data/FIS12-3.txt;12;5,2,11,9,10,6,0,8,3,4,7,1;0;24393
CheapestInsertion;25;data/FIS12-3.txt;12;5,2,11,9,10,6,0,8,3,4,7,1;0;24393
CheapestInsertion;26;data/FIS12-3.txt;12;5,2,11,9,10,6,0,8,3,4,7,1;0;24393
CheapestInsertion;27;data/FIS12-3.txt;12;5,2,11,9,10,6,0,8,3,4,7,1;0;24393
CheapestInsertion;28;data/FIS12-3.txt;12;5,2,11,9,10,6,0,8,3,4,7,1;0;24393
CheapestInsertion;29;data/FIS12-3.txt;12;5,2,11,9,10,6,0,8,3,4,7,1;0;24393
CheapestInsertion;30;data/FIS12-3.txt;12;5,2,11,9,10,6,0,8,3,4,7,1;0;24393
CheapestInsertion;1;data/FIS12-4.txt;12;9,3,7,0,2,8,11,5,4,10,6,1;0;29995
CheapestInsertion;2;data/FIS12-4.txt;12;9,3,7,0,2,8,11,5,4,10,6,1;0;29995
CheapestInsertion;3;data/FIS12-4.txt;12;9,3,7,0,2,8,11,5,4,10,6,1;0;29995
CheapestInsertion;4;data/FIS12-4.txt;12;9,3,7,0,2,8,11,5,4,10,6,1;0;29995
CheapestInsertion;5;data/FIS12-4.txt;12;9,3,7,0,2,8,11,5,4,10,6,1;0;29995
CheapestInsertion;6;data/FIS12-4.txt;12;9,3,7,0,2,8,11,5,4,10,6,1;0;29995
CheapestInsertion;7;data/FIS12-4.txt;12;9,3,7,0,2,8,11,5,4,10,6,1;0;29995
CheapestInsertion;8;data/FIS12-4.txt;12;9,3,7,0,2,8,11,5,4,10,6,1;0;29995
CheapestInsertion;9;data/FIS12-4.txt;12;9,3,7,0,2,8,11,5,4,10,6,1;0;29995
CheapestInsertion;10;data/FIS12-4.txt;12;9,3,7,0,2,8,11,5,4,10,6,1;0;29995
CheapestInsertion;11;data/FIS12-4.txt;12;9,3,7,0,2,8,11,5,4,10,6,1;0;29995
CheapestInsertion;12;data/FIS12-4.txt;12;9,3,7,0,2,8,11,5,4,10,6,1;0;29995
CheapestInsertion;13;data/FIS12-4.txt;12;9,3,7,0,2,8,11,5,4,10,6,1;0;29995
CheapestInsertion;14;data/FIS12-4.txt;12;9,3,7,0,2,8,11,5,4,10,6,1;0;29995
CheapestInsertion;15;data/FIS12-4.txt;12;9,3,7,0,2,8,11,5,4,10,6,1;0;29995
CheapestInsertion;16;data/FIS12-4.txt;12;9,3,7,0,2,8,11,5,4,10,6,1;0;29995
CheapestInsertion;17;data/FIS12-4.txt;12;9,3,7,0,2,8,11,5,4,10,6,1;0;29995
CheapestInsertion;18;data/FIS12-4.txt;12;9,3,7,0,2,8,11,5,4,10,6,1;0;29995
CheapestInsertion;19;data/FIS12-4.txt;12;9,3,7,0,2,8,11,5,4,10,6,1;0;29995
CheapestInsertion;20;data/FIS12-4.txt;12;9,3,7,0,2,8,11,5,4,10,6,1;0;29995
CheapestInsertion;21;data/FIS12-4.txt;12;9,3,7,0,2,8,11,5,4,10,6,1;0;29995
CheapestInsertion;22;data/FIS12-4.txt;12;9,3,7,0,2,8,11,5,4,10,6,1;0;29995
CheapestInsertion;23;data/FIS12-4.txt;12;9,3,7,0,2,8,11,5,4,10,6,1;0;29995
CheapestInsertion;24;data/FIS12-4.txt;12;9,3,7,0,2,8,11,5,4,10,6,1;0;29995
CheapestInsertion;25;data/FIS12-4.txt;12;9,3,7,0,2,8,11,5,4,10,6,1;0;29995
CheapestInsertion;26;data/FIS12-4.txt;12;9,3,7,0,2,8,11,5,4,10,6,1;0;29995
CheapestInsertion;27;data/FIS12-4.txt;12;9,3,7,0,2,8,11,5,4,10,6,1;0;29995
CheapestInsertion;28;data/FIS12-4.txt;12;9,3,7,0,2,8,11,5,4,10,6,1;0;29995
CheapestInsertion;29;data/FIS12-4.txt;12;9,3,7,0,2,8,11,5,4,10,6,1;0;29995
CheapestInsertion;30;data/FIS12-4.txt;12;9,3,7,0,2,8,11,5,4,10,6,1;0;29995
CheapestInsertion;1;data/FIS13-0.txt;13;1,3,10,9,2,8,0,4,12,11,7,5,6;0;27614
CheapestInsertion;2;data/FIS13-0.txt;13;1,3,10,9,2,8,0,4,12,11,7,5,6;0;27614
CheapestInsertion;3;data/FIS13-0.txt;13;1,3,10,9,2,8,0,4,12,11,7,5,6;0;27614
CheapestInsertion;4;data/FIS13-0.txt;13;1,3,10,9,2,8,0,4,12,11,7,5,6;0;27614
CheapestInsertion;5;data/FIS13-0.txt;13;1,3,10,9,2,8,0,4,12,11,7,5,6;0;27614
CheapestInsertion;6;data/FIS13-0.txt;13;1,3,10,9,2,8,0,4,12,11,7,5,6;0;27614
CheapestInsertion;7;data/FIS13-0.txt;13;1,3,10,9,2,8,0,4,12,11,7,5,6;0;27614
CheapestInsertion;8;data/FIS13-0.txt;13;1,3,10,9,2,8,0,4,12,11,7,5,6;0;27614
CheapestInsertion;9;data/FIS13-0.txt;13;1,3,10,9,2,8,0,4,12,11,7,5,6;0;27614
CheapestInsertion;10;data/FIS13-0.txt;13;1,3,10,9,2,8,0,4,12,11,7,5,6;0;27614
CheapestInsertion;11;data/FIS13-0.txt;13;1,3,10,9,2,8,0,4,12,11,7,5,6;0;27614
CheapestInsertion;12;data/FIS13-0.txt;13;1,3,10,9,2,8,0,4,12,11,7,5,6;0;27614
CheapestInsertion;13;data/FIS13-0.txt;13;1,3,10,9,2,8,0,4,12,11,7,5,6;0;27614
CheapestInsertion;14;data/FIS13-0.txt;13;1,3,10,9,2,8,0,4,12,11,7,5,6;0;27614
CheapestInsertion;15;data/FIS13-0.txt;13;1,3,10,9,2,8,0,4,12,11,7,5,6;0;27614
CheapestInsertion;16;data/FIS13-0.txt;13;1,3,10,9,2,8,0,4,12,11,7,5,6;0;27614
CheapestInsertion;17;data/FIS13-0.txt;13;1,3,10,9,2,8,0,4,12,11,7,5,6;0;27614
CheapestInsertion;18;data/FIS13-0.txt;13;1,3,10,9,2,8,0,4,12,11,7,5,6;0;27614
CheapestInsertion;19;data/FIS13-0.txt;13;1,3,10,9,2,8,0,4,12,11,7,5,6;0;27614
CheapestInsertion;20;data/FIS13-0.txt;13;1,3,10,9,2,8,0,4,12,11,7,5,6;0;27614
CheapestInsertion;21;data/FIS13-0.txt;13;1,3,10,9,2,8,0,4,12,11,7,5,6;0;27614
CheapestInsertion;22;data/FIS13-0.txt;13;1,3,10,9,2,8,0,4,12,11,7,5,6;0;27614
CheapestInsertion;23;data/FIS13-0.txt;13;1,3,10,9,2,8,0,4,12,11,7,5,6;0;27614
CheapestInsertion;24;data/FIS13-0.txt;13;1,3,10,9,2,8,0,4,12,11,7,5,6;0;27614
CheapestInsertion;25;data/FIS13-0.txt;13;1,3,10,9,2,8,0,4,12,11,7,5,6;0;27614
CheapestInsertion;26;data/FIS13-0.txt;13;1,3,10,9,2,8,0,4,12,11,7,5,6;0;27614
CheapestInsertion;27;data/FIS13-0.txt;13;1,3,10,9,2,8,0,4,12,11,7,5,6;0;27614
CheapestInsertion;28;data/FIS13-0.txt;13;1,3,10,9,2,8,0,4,12,11,7,5,6;0;27614
CheapestInsertion;29;data/FIS13-0.txt;13;1,3,10,9,2,8,0,4,12,11,7,5,6;0;27614
CheapestInsertion;30;data/FIS13-0.txt;13;1,3,10,9,2,8,0,4,12,11,7,5,6;0;27614
CheapestInsertion;1;data/FIS13-1.txt;13;2,5,1,7,10,12,3,0,6,4,11,8,9;0;35369
CheapestInsertion;2;data/FIS13-1.txt;13;2,5,1,7,10,12,3,0,6,4,11,8,9;0;35369
CheapestInsertion;3;data/FIS13-1.txt;13;2,5,1,7,10,12,3,0,6,4,11,8,9;0;35369
CheapestInsertion;4;data/FIS13-1.txt;13;2,5,1,7,10,12,3,0,6,4,11,8,9;0;35369
CheapestInsertion;5;data/FIS13-1.txt;13;2,5,1,7,10,12,3,0,6,4,11,8,9;0;35369
CheapestInsertion;6;data/FIS13-1.txt;13;2,5,1,7,10,12,3,0,6,4,11,8,9;0;35369
CheapestInsertion;7;data/FIS13-1.txt;13;2,5,1,7,10,12,3,0,6,4,11,8,9;0;35369
CheapestInsertion;8;data/FIS13-1.txt;13;2,5,1,7,10,12,3,0,6,4,11,8,9;0;35369
CheapestInsertion;9;data/FIS13-1.txt;13;2,5,1,7,10,12,3,0,6,4,11,8,9;0;35369
CheapestInsertion;10;data/FIS13-1.txt;13;2,5,1,7,10,12,3,0,6,4,11,8,9;0;35369
CheapestInsertion;11;data/FIS13-1.txt;13;2,5,1,7,10,12,3,0,6,4,11,8,9;0;35369
CheapestInsertion;12;data/FIS13-1.txt;13;2,5,1,7,10,12,3,0,6,4,11,8,9;0;35369
CheapestInsertion;13;data/FIS13-1.txt;13;2,5,1,7,10,12,3,0,6,4,11,8,9;0;35369
CheapestInsertion;14;data/FIS13-1.txt;13;2,5,1,7,10,12,3,0,6,4,11,8,9;0;35369
CheapestInsertion;15;data/FIS13-1.txt;13;2,5,1,7,10,12,3,0,6,4,11,8,9;0;35369
CheapestInsertion;16;data/FIS13-1.txt;13;2,5,1,7,10,12,3,0,6,4,11,8,9;0;35369
CheapestInsertion;17;data/FIS13-1.txt;13;2,5,1,7,10,12,3,0,6,4,11,8,9;0;35369
CheapestInsertion;18;data/FIS13-1.txt;13;2,5,1,7,10,12,3,0,6,4,11,8,9;0;35369
CheapestInsertion;19;data/FIS13-1.txt;13;2,5,1,7,10,12,3,0,6,4,11,8,9;0;35369
CheapestInsertion;20;data/FIS13-1.txt;13;2,5,1,7,10,12,3,0,6,4,11,8,9;0;35369
CheapestInsertion;21;data/FIS13-1.txt;13;2,5,1,7,10,12,3,0,6,4,11,8,9;0;35369
CheapestInsertion;22;data/FIS13-1.txt;13;2,5,1,7,10,12,3,0,6,4,11,8,9;0;35369
CheapestInsertion;23;data/FIS13-1.txt;13;2,5,1,7,10,12,3,0,6,4,11,8,9;0;35369
CheapestInsertion;24;data/FIS13-1.txt;13;2,5,1,7,10,12,3,0,6,4,11,8,9;0;35369
CheapestInsertion;25;data/FIS13-1.txt;13;2,5,1,7,10,12,3,0,6,4,11,8,9;0;35369
CheapestInsertion;26;data/FIS13-1.txt;13;2,5,1,7,10,12,3,0,6,4,11,8,9;0;35369
CheapestInsertion;27;data/FIS13-1.txt;13;2,5,1,7,10,12,3,0,6,4,11,8,9;0;35369
CheapestInsertion;28;data/FIS13-1.txt;13;2,5,1,7,10,12,3,0,6,4,11,8,9;0;35369
CheapestInsertion;29;data/FIS13-1.txt;13;2,5,1,7,10,12,3,0,6,4,11,8,9;0;35369
CheapestInsertion;30;data/FIS13-1.txt;13;2,5,1,7,10,12,3,0,6,4,11,8,9;0;35369
CheapestInsertion;1;data/FIS13-2.txt;13;4,8,9,10,6,7,2,1,0,11,12,5,3;0;25825
CheapestInsertion;2;data/FIS13-2.txt;13;4,8,9,10,6,7,2,1,0,11,12,5,3;0;25825
CheapestInsertion;3;data/FIS13-2.txt;13;4,8,9,10,6,7,2,1,0,11,12,5,3;0;25825
CheapestInsertion;4;data/FIS13-2.txt;13;4,8,9,10,6,7,2,1,0,11,12,5,3;0;25825
CheapestInsertion;5;data/FIS13-2.txt;13;4,8,9,10,6,7,2,1,0,11,12,5,3;0;25825
CheapestInsertion;6;data/FIS13-2.txt;13;4,8,9,10,6,7,2,1,0,11,12,5,3;0;25825
CheapestInsertion;7;data/FIS13-2.txt;13;4,8,9,10,6,7,2,1,0,11,12,5,3;0;25825
CheapestInsertion;8;data/FIS13-2.txt;13;4,8,9,10,6,7,2,1,0,11,12,5,3;0;25825
CheapestInsertion;9;data/FIS13-2.txt;13;4,8,9,10,6,7,2,1,0,11,12,5,3;0;25825
CheapestInsertion;10;data/FIS13-2.txt;13;4,8,9,10,6,7,2,1,0,11,12,5,3;0;25825
CheapestInsertion;11;data/FIS13-2.txt;13;4,8,9,10,6,7,2,1,0,11,12,5,3;0;25825
CheapestInsertion;12;data/FIS13-2.txt;13;4,8,9,10,6,7,2,1,0,11,12,5,3;0;25825
CheapestInsertion;13;data/FIS13-2.txt;13;4,8,9,10,6,7,2,1,0,11,12,5,3;0;25825
CheapestInsertion;14;data/FIS13-2.txt;13;4,8,9,10,6,7,2,1,0,11,12,5,3;0;25825
CheapestInsertion;15;data/FIS13-2.txt;13;4,8,9,10,6,7,2,1,0,11,12,5,3;0;25825
CheapestInsertion;16;data/FIS13-2.txt;13;4,8,9,10,6,7,2,1,0,11,12,5,3;0;25825
CheapestInsertion;17;data/FIS13-2.txt;13;4,8,9,10,6,7,2,1,0,11,12,5,3;0;25825
CheapestInsertion;18;data/FIS13-2.txt;13;4,8,9,10,6,7,2,1,0,11,12,5,3;0;25825
CheapestInsertion;19;data/FIS13-2.txt;13;4,8,9,10,6,7,2,1,0,11,12,5,3;0;25825
CheapestInsertion;20;data/FIS13-2.txt;13;4,8,9,10,6,7,2,1,0,11,12,5,3;0;25825
CheapestInsertion;21;data/FIS13-2.txt;13;4,8,9,10,6,7,2,1,0,11,12,5,3;0;25825
CheapestInsertion;22;data/FIS13-2.txt;13;4,8,9,10,6,7,2,1,0,11,12,5,3;0;25825
CheapestInsertion;23;data/FIS13-2.txt;13;4,8,9,10,6,7,2,1,0,11,12,5,3;0;25825
CheapestInsertion;24;data/FIS13-2.txt;13;4,8,9,10,6,7,2,1,0,11,12,5,3;0;25825
CheapestInsertion;25;data/FIS13-2.txt;13;4,8,9,10,6,7,2,1,0,11,12,5,3;0;25825
CheapestInsertion;26;data/FIS13-2.txt;13;4,8,9,10,6,7,2,1,0,11,12,5,3;0;25825
CheapestInsertion;27;data/FIS13-2.txt;13;4,8,9,10,6,7,2,1,0,11,12,5,3;0;25825
CheapestInsertion;28;data/FIS13-2.txt;13;4,8,9,10,6,7,2,1,0,11,12,5,3;0;25825
CheapestInsertion;29;data/FIS13-2.txt;13;4,8,9,10,6,7,2,1,0,11,12,5,3;0;25825
CheapestInsertion;30;data/FIS13-2.txt;13;4,8,9,10,6,7,2,1,0,11,12,5,3;0;25825
CheapestInsertion;1;data/FIS13-3.txt;13;2,7,11,5,8,0,10,9,4,1,12,6,3;0;20346
CheapestInsertion;2;data/FIS13-3.txt;13;2,7,11,5,8,0,10,9,4,1,12,6,3;0;20346
CheapestInsertion;3;data/FIS13-3.txt;13;2,7,11,5,8,0,10,9,4,1,12,6,3;0;20346
CheapestInsertion;4;data/FIS13-3.txt;13;2,7,11,5,8,0,10,9,4,1,12,6,3;0;20346
CheapestInsertion;5;data/FIS13-3.txt;13;2,7,11,5,8,0,10,9,4,1,12,6,3;0;20346
CheapestInsertion;6;data/FIS13-3.txt;13;2,7,11,5,8,0,10,9,4,1,12,6,3;0;20346
CheapestInsertion;7;data/FIS13-3.txt;13;2,7,11,5,8,0,10,9,4,1,12,6,3;0;20346
CheapestInsertion;8;data/FIS13-3.txt;13;2,7,11,5,8,0,10,9,4,1,12,6,3;0;20346
CheapestInsertion;9;data/FIS13-3.txt;13;2,7,11,5,8,0,10,9,4,1,12,6,3;0;20346
CheapestInsertion;10;data/FIS13-3.txt;13;2,7,11,5,8,0,10,9,4,1,12,6,3;0;20346
CheapestInsertion;11;data/FIS13-3.txt;13;2,7,11,5,8,0,10,9,4,1,12,6,3;0;20346
CheapestInsertion;12;data/FIS13-3.txt;13;2,7,11,5,8,0,10,9,4,1,12,6,3;0;20346
CheapestInsertion;13;data/FIS13-3.txt;13;2,7,11,5,8,0,10,9,4,1,12,6,3;0;20346
CheapestInsertion;14;data/FIS13-3.txt;13;2,7,11,5,8,0,10,9,4,1,12,6,3;0;20346
CheapestInsertion;15;data/FIS13-3.txt;13;2,7,11,5,8,0,10,9,4,1,12,6,3;0;20346
CheapestInsertion;16;data/FIS13-3.txt;13;2,7,11,5,8,0,10,9,4,1,12,6,3;0;20346
CheapestInsertion;17;data/FIS13-3.txt;13;2,7,11,5,8,0,10,9,4,1,12,6,3;0;20346
CheapestInsertion;18;data/FIS13-3.txt;13;2,7,11,5,8,0,10,9,4,1,12,6,3;0;20346
CheapestInsertion;19;data/FIS13-3.txt;13;2,7,11,5,8,0,10,9,4,1,12,6,3;0;20346
CheapestInsertion;20;data/FIS13-3.txt;13;2,7,11,5,8,0,10,9,4,1,12,6,3;0;20346
CheapestInsertion;21;data/FIS13-3.txt;13;2,7,11,5,8,0,10,9,4,1,12,6,3;0;20346
CheapestInsertion;22;data/FIS13-3.txt;13;2,7,11,5,8,0,10,9,4,1,12,6,3;0;20346
CheapestInsertion;23;data/FIS13-3.txt;13;2,7,11,5,8,0,10,9,4,1,12,6,3;0;20346
CheapestInsertion;24;data/FIS13-3.txt;13;2,7,11,5,8,0,10,9,4,1,12,6,3;0;20346
CheapestInsertion;25;data/FIS13-3.txt;13;2,7,11,5,8,0,10,9,4,1,12,6,3;0;20346
CheapestInsertion;26;data/FIS13-3.txt;13;2,7,11,5,8,0,10,9,4,1,12,6,3;0;20346
CheapestInsertion;27;data/FIS13-3.txt;13;2,7,11,5,8,0,10,9,4,1,12,6,3;0;20346
CheapestInsertion;28;data/FIS13-3.txt;13;2,7,11,5,8,0,10,9,4,1,12,6,3;0;20346
CheapestInsertion;29;data/FIS13-3.txt;13;2,7,11,5,8,0,10,9,4,1,12,6,3;0;20346
CheapestInsertion;30;data/FIS13-3.txt;13;2,7,11,5,8,0,10,9,4,1,12,6,3;0;20346
CheapestInsertion;1;data/FIS13-4.txt;13;4,10,8,6,2,0,3,5,9,7,12,11,1;0;23593
CheapestInsertion;2;data/FIS13-4.txt;13;4,10,8,6,2,0,3,5,9,7,12,11,1;0;23593
CheapestInsertion;3;data/FIS13-4.txt;13;4,10,8,6,2,0,3,5,9,7,12,11,1;0;23593
CheapestInsertion;4;data/FIS13-4.txt;13;4,10,8,6,2,0,3,5,9,7,12,11,1;0;23593
CheapestInsertion;5;data/FIS13-4.txt;13;4,10,8,6,2,0,3,5,9,7,12,11,1;0;23593
CheapestInsertion;6;data/FIS13-4.txt;13;4,10,8,6,2,0,3,5,9,7,12,11,1;0;23593
CheapestInsertion;7;data/FIS13-4.txt;13;4,10,8,6,2,0,3,5,9,7,12,11,1;0;23593
CheapestInsertion;8;data/FIS13-4.txt;13;4,10,8,6,2,0,3,5,9,7,12,11,1;0;23593
CheapestInsertion;9;data/FIS13-4.txt;13;4,10,8,6,2,0,3,5,9,7,12,11,1;0;23593
CheapestInsertion;10;data/FIS13-4.txt;13;4,10,8,6,2,0,3,5,9,7,12,11,1;0;23593
CheapestInsertion;11;data/FIS13-4.txt;13;4,10,8,6,2,0,3,5,9,7,12,11,1;0;23593
CheapestInsertion;12;data/FIS13-4.txt;13;4,10,8,6,2,0,3,5,9,7,12,11,1;0;23593
CheapestInsertion;13;data/FIS13-4.txt;13;4,10,8,6,2,0,3,5,9,7,12,11,1;0;23593
CheapestInsertion;14;data/FIS13-4.txt;13;4,10,8,6,2,0,3,5,9,7,12,11,1;0;23593
CheapestInsertion;15;data/FIS13-4.txt;13;4,10,8,6,2,0,3,5,9,7,12,11,1;0;23593
CheapestInsertion;16;data/FIS13-4.txt;13;4,10,8,6,2,0,3,5,9,7,12,11,1;0;23593
CheapestInsertion;17;data/FIS13-4.txt;13;4,10,8,6,2,0,3,5,9,7,12,11,1;0;23593
CheapestInsertion;18;data/FIS13-4.txt;13;4,10,8,6,2,0,3,5,9,7,12,11,1;0;23593
CheapestInsertion;19;data/FIS13-4.txt;13;4,10,8,6,2,0,3,5,9,7,12,11,1;0;23593
CheapestInsertion;20;data/FIS13-4.txt;13;4,10,8,6,2,0,3,5,9,7,12,11,1;0;23593
CheapestInsertion;21;data/FIS13-4.txt;13;4,10,8,6,2,0,3,5,9,7,12,11,1;0;23593
CheapestInsertion;22;data/FIS13-4.txt;13;4,10,8,6,2,0,3,5,9,7,12,11,1;0;23593
CheapestInsertion;23;data/FIS13-4.txt;13;4,10,8,6,2,0,3,5,9,7,12,11,1;0;23593
CheapestInsertion;24;data/FIS13-4.txt;13;4,10,8,6,2,0,3,5,9,7,12,11,1;0;23593
CheapestInsertion;25;data/FIS13-4.txt;13;4,10,8,6,2,0,3,5,9,7,12,11,1;0;23593
CheapestInsertion;26;data/FIS13-4.txt;13;4,10,8,6,2,0,3,5,9,7,12,11,1;0;23593
CheapestInsertion;27;data/FIS13-4.txt;13;4,10,8,6,2,0,3,5,9,7,12,11,1;0;23593
CheapestInsertion;28;data/FIS13-4.txt;13;4,10,8,6,2,0,3,5,9,7,12,11,1;0;23593
CheapestInsertion;29;data/FIS13-4.txt;13;4,10,8,6,2,0,3,5,9,7,12,11,1;0;23593
CheapestInsertion;30;data/FIS13-4.txt;13;4,10,8,6,2,0,3,5,9,7,12,11,1;0;23593
CheapestInsertion;1;data/FIS14-0.txt;14;6,8,5,1,2,0,3,7,10,13,11,4,12,9;0;32199
CheapestInsertion;2;data/FIS14-0.txt;14;6,8,5,1,2,0,3,7,10,13,11,4,12,9;0;32199
CheapestInsertion;3;data/FIS14-0.txt;14;6,8,5,1,2,0,3,7,10,13,11,4,12,9;0;32199
CheapestInsertion;4;data/FIS14-0.txt;14;6,8,5,1,2,0,3,7,10,13,11,4,12,9;0;32199
CheapestInsertion;5;data/FIS14-0.txt;14;6,8,5,1,2,0,3,7,10,13,11,4,12,9;0;32199
CheapestInsertion;6;data/FIS14-0.txt;14;6,8,5,1,2,0,3,7,10,13,11,4,12,9;0;32199
CheapestInsertion;7;data/FIS14-0.txt;14;6,8,5,1,2,0,3,7,10,13,11,4,12,9;0;32199
CheapestInsertion;8;data/FIS14-0.txt;14;6,8,5,1,2,0,3,7,10,13,11,4,12,9;0;32199
CheapestInsertion;9;data/FIS14-0.txt;14;6,8,5,1,2,0,3,7,10,13,11,4,12,9;0;32199
CheapestInsertion;10;data/FIS14-0.txt;14;6,8,5,1,2,0,3,7,10,13,11,4,12,9;0;32199
CheapestInsertion;11;data/FIS14-0.txt;14;6,8,5,1,2,0,3,7,10,13,11,4,12,9;0;32199
CheapestInsertion;12;data/FIS14-0.txt;14;6,8,5,1,2,0,3,7,10,13,11,4,12,9;0;32199
CheapestInsertion;13;data/FIS14-0.txt;14;6,8,5,1,2,0,3,7,10,13,11,4,12,9;0;32199
CheapestInsertion;14;data/FIS14-0.txt;14;6,8,5,1,2,0,3,7,10,13,11,4,12,9;0;32199
CheapestInsertion;15;data/FIS14-0.txt;14;6,8,5,1,2,0,3,7,10,13,11,4,12,9;0;32199
CheapestInsertion;16;data/FIS14-0.txt;14;6,8,5,1,2,0,3,7,10,13,11,4,12,9;0;32199
CheapestInsertion;17;data/FIS14-0.txt;14;6,8,5,1,2,0,3,7,10,13,11,4,12,9;0;32199
CheapestInsertion;18;data/FIS14-0.txt;14;6,8,5,1,2,0,3,7,10,13,11,4,12,9;0;32199
CheapestInsertion;19;data/FIS14-0.txt;14;6,8,5,1,2,0,3,7,10,13,11,4,12,9;0;32199
CheapestInsertion;20;data/FIS14-0.txt;14;6,8,5,1,2,0,3,7,10,13,11,4,12,9;0;32199
CheapestInsertion;21;data/FIS14-0.txt;14;6,8,5,1,2,0,3,7,10,13,11,4,12,9;0;32199
CheapestInsertion;22;data/FIS14-0.txt;14;6,8,5,1,2,0,3,7,10,13,11,4,12,9;0;32199
CheapestInsertion;23;data/FIS14-0.txt;14;6,8,5,1,2,0,3,7,10,13,11,4,12,9;0;32199
CheapestInsertion;24;data/FIS14-0.txt;14;6,8,5,1,2,0,3,7,10,13,11,4,12,9;0;32199
CheapestInsertion;25;data/FIS14-0.txt;14;6,8,5,1,2,0,3,7,10,13,11,4,12,9;0;32199
CheapestInsertion;26;data/FIS14-0.txt;14;6,8,5,1,2,0,3,7,10,13,11,4,12,9;0;32199
CheapestInsertion;27;data/FIS14-0.txt;14;6,8,5,1,2,0,3,7,10,13,11,4,12,9;0;32199
CheapestInsertion;28;data/FIS14-0.txt;14;6,8,5,1,2,0,3,7,10,13,11,4,12,9;0;32199
CheapestInsertion;29;data/FIS14-0.txt;14;6,8,5,1,2,0,3,7,10,13,11,4,12,9;0;32199
CheapestInsertion;30;data/FIS14-0.txt;14;6,8,5,1,2,0,3,7,10,13,11,4,12,9;0;32199
CheapestInsertion;1;data/FIS14-1.txt;14;0,12,6,8,2,11,7,10,1,5,3,9,13,4;0;37254
CheapestInsertion;2;data/FIS14-1.txt;14;0,12,6,8,2,11,7,10,1,5,3,9,13,4;0;37254
CheapestInsertion;3;data/FIS14-1.txt;14;0,12,6,8,2,11,7,10,1,5,3,9,13,4;0;37254
CheapestInsertion;4;data/FIS14-1.txt;14;0,12,6,8,2,11,7,10,1,5,3,9,13,4;0;37254
CheapestInsertion;5;data/FIS14-1.txt;14;0,12,6,8,2,11,7,10,1,5,3,9,13,4;0;37254
CheapestInsertion;6;data/FIS14-1.txt;14;0,12,6,8,2,11,7,10,1,5,3,9,13,4;0;37254
CheapestInsertion;7;data/FIS14-1.txt;14;0,12,6,8,2,11,7,10,1,5,3,9,13,4;0;37254
CheapestInsertion;8;data/FIS14-1.txt;14;0,12,6,8,2,11,7,10,1,5,3,9,13,4;0;37254
CheapestInsertion;9;data/FIS14-1.txt;14;0,12,6,8,2,11,7,10,1,5,3,9,13,4;0;37254
CheapestInsertion;10;data/FIS14-1.txt;14;0,12,6,8,2,11,7,10,1,5,3,9,13,4;0;37254
CheapestInsertion;11;data/FIS14-1.txt;14;0,12,6,8,2,11,7,10,1,5,3,9,13,4;0;37254
CheapestInsertion;12;data/FIS14-1.txt;14;0,12,6,8,2,11,7,10,1,5,3,9,13,4;0;37254
CheapestInsertion;13;data/FIS14-1.txt;14;0,12,6,8,2,11,7,10,1,5,3,9,13,4;0;37254
CheapestInsertion;14;data/FIS14-1.txt;14;0,12,6,8,2,11,7,10,1,5,3,9,13,4;0;37254
CheapestInsertion;15;data/FIS14-1.txt;14;0,12,6,8,2,11,7,10,1,5,3,9,13,4;0;37254
CheapestInsertion;16;data/FIS14-1.txt;14;0,12,6,8,2,11,7,10,1,5,3,9,13,4;0;37254
CheapestInsertion;17;data/FIS14-1.txt;14;0,12,6,8,2,11,7,10,1,5,3,9,13,4;0;37254
CheapestInsertion;18;data/FIS14-1.txt;14;0,12,6,8,2,11,7,10,1,5,3,9,13,4;0;37254
CheapestInsertion;19;data/FIS14-1.txt;14;0,12,6,8,2,11,7,10,1,5,3,9,13,4;0;37254
CheapestInsertion;20;data/FIS14-1.txt;14;0,12,6,8,2,11,7,10,1,5,3,9,13,4;0;37254
CheapestInsertion;21;data/FIS14-1.txt;14;0,12,6,8,2,11,7,10,1,5,3,9,13,4;0;37254
CheapestInsertion;22;data/FIS14-1.txt;14;0,12,6,8,2,11,7,10,1,5,3,9,13,4;0;37254
CheapestInsertion;23;data/FIS14-1.txt;14;0,12,6,8,2,11,7,10,1,5,3,9,13,4;0;37254
CheapestInsertion;24;data/FIS14-1.txt;14;0,12,6,8,2,11,7,10,1,5,3,9,13,4;0;37254
CheapestInsertion;25;data/FIS14-1.txt;14;0,12,6,8,2,11,7,10,1,5,3,9,13,4;0;37254
CheapestInsertion;26;data/FIS14-1.txt;14;0,12,6,8,2,11,7,10,1,5,3,9,13,4;0;37254
CheapestInsertion;27;data/FIS14-1.txt;14;0,12,6,8,2,11,7,10,1,5,3,9,13,4;0;37254
CheapestInsertion;28;data/FIS14-1.txt;14;0,12,6,8,2,11,7,10,1,5,3,9,13,4;0;37254
CheapestInsertion;29;data/FIS14-1.txt;14;0,12,6,8,2,11,7,10,1,5,3,9,13,4;0;37254
CheapestInsertion;30;data/FIS14-1.txt;14;0,12,6,8,2,11,7,10,1,5,3,9,13,4;0;37254
CheapestInsertion;1;data/FIS14-2.txt;14;3,7,2,5,10,1,0,6,4,12,9,13,11,8;0;32713
CheapestInsertion;2;data/FIS14-2.txt;14;3,7,2,5,10,1,0,6,4,12,9,13,11,8;0;32713
CheapestInsertion;3;data/FIS14-2.txt;14;3,7,2,5,10,1,0,6,4,12,9,13,11,8;0;32713
CheapestInsertion;4;data/FIS14-2.txt;14;3,7,2,5,10,1,0,6,4,12,9,13,11,8;0;32713
CheapestInsertion;5;data/FIS14-2.txt;14;3,7,2,5,10,1,0,6,4,12,9,13,11,8;0;32713
CheapestInsertion;6;data/FIS14-2.txt;14;3,7,2,5,10,1,0,6,4,12,9,13,11,8;0;32713
CheapestInsertion;7;data/FIS14-2.txt;14;3,7,2,5,10,1,0,6,4,12,9,13,11,8;0;32713
CheapestInsertion;8;data/FIS14-2.txt;14;3,7,2,5,10,1,0,6,4,12,9,13,11,8;0;32713
CheapestInsertion;9;data/FIS14-2.txt;14;3,7,2,5,10,1,0,6,4,12,9,13,11,8;0;32713
CheapestInsertion;10;data/FIS14-2.txt;14;3,7,2,5,10,1,0,6,4,12,9,13,11,8;0;32713
CheapestInsertion;11;data/FIS14-2.txt;14;3,7,2,5,10,1,0,6,4,12,9,13,11,8;0;32713
CheapestInsertion;12;data/FIS14-2.txt;14;3,7,2,5,10,1,0,6,4,12,9,13,11,8;0;32713
CheapestInsertion;13;data/FIS14-2.txt;14;3,7,2,5,10,1,0,6,4,12,9,13,11,8;0;32713
CheapestInsertion;14;data/FIS14-2.txt;14;3,7,2,5,10,1,0,6,4,12,9,13,11,8;0;32713
CheapestInsertion;15;data/FIS14-2.txt;14;3,7,2,5,10,1,0,6,4,12,9,13,11,8;0;32713
CheapestInsertion;16;data/FIS14-2.txt;14;3,7,2,5,10,1,0,6,4,12,9,13,11,8;0;32713
CheapestInsertion;17;data/FIS14-2.txt;14;3,7,2,5,10,1,0,6,4,12,9,13,11,8;0;32713
CheapestInsertion;18;data/FIS14-2.txt;14;3,7,2,5,10,1,0,6,4,12,9,13,11,8;0;32713
CheapestInsertion;19;data/FIS14-2.txt;14;3,7,2,5,10,1,0,6,4,12,9,13,11,8;0;32713
CheapestInsertion;20;data/FIS14-2.txt;14;3,7,2,5,10,1,0,6,4,12,9,13,11,8;0;32713
CheapestInsertion;21;data/FIS14-2.txt;14;3,7,2,5,10,1,0,6,4,12,9,13,11,8;0;32713
CheapestInsertion;22;data/FIS14-2.txt;14;3,7,2,5,10,1,0,6,4,12,9,13,11,8;0;32713
CheapestInsertion;23;data/FIS14-2.txt;14;3,7,2,5,10,1,0,6,4,12,9,13,11,8;0;32713
CheapestInsertion;24;data/FIS14-2.txt;14;3,7,2,5,10,1,0,6,4,12,9,13,11,8;0;32713
CheapestInsertion;25;data/FIS14-2.txt;14;3,7,2,5,10,1,0,6,4,12,9,13,11,8;0;32713
CheapestInsertion;26;data/FIS14-2.txt;14;3,7,2,5,10,1,0,6,4,12,9,13,11,8;0;32713
CheapestInsertion;27;data/FIS14-2.txt;14;3,7,2,5,10,1,0,6,4,12,9,13,11,8;0;32713
CheapestInsertion;28;data/FIS14-2.txt;14;3,7,2,5,10,1,0,6,4,12,9,13,11,8;0;32713
CheapestInsertion;29;data/FIS14-2.txt;14;3,7,2,5,10,1,0,6,4,12,9,13,11,8;0;32713
CheapestInsertion;30;data/FIS14-2.txt;14;3,7,2,5,10,1,0,6,4,12,9,13,11,8;0;32713
CheapestInsertion;1;data/FIS14-3.txt;14;2,0,6,3,13,10,12,9,1,11,8,5,7,4;0;31616
CheapestInsertion;2;data/FIS14-3.txt;14;2,0,6,3,13,10,12,9,1,11,8,5,7,4;0;31616
CheapestInsertion;3;data/FIS14-3.txt;14;2,0,6,3,13,10,12,9,1,11,8,5,7,4;0;31616
CheapestInsertion;4;data/FIS14-3.txt;14;2,0,6,3,13,10,12,9,1,11,8,5,7,4;0;31616
CheapestInsertion;5;data/FIS14-3.txt;14;2,0,6,3,13,10,12,9,1,11,8,5,7,4;0;31616
CheapestInsertion;6;data/FIS14-3.txt;14;2,0,6,3,13,10,12,9,1,11,8,5,7,4;0;31616
CheapestInsertion;7;data/FIS14-3.txt;14;2,0,6,3,13,10,12,9,1,11,8,5,7,4;0;31616
CheapestInsertion;8;data/FIS14-3.txt;14;2,0,6,3,13,10,12,9,1,11,8,5,7,4;0;31616
CheapestInsertion;9;data/FIS14-3.txt;14;2,0,6,3,13,10,12,9,1,11,8,5,7,4;0;31616
CheapestInsertion;10;data/FIS14-3.txt;14;2,0,6,3,13,10,12,9,1,11,8,5,7,4;0;31616
CheapestInsertion;11;data/FIS14-3.txt;14;2,0,6,3,13,10,12,9,1,11,8,5,7,4;0;31616
CheapestInsertion;12;data/FIS14-3.txt;14;2,0,6,3,13,10,12,9,1,11,8,5,7,4;0;31616
CheapestInsertion;13;data/FIS14-3.txt;14;2,0,6,3,13,10,12,9,1,11,8,5,7,4;0;31616
CheapestInsertion;14;data/FIS14-3.txt;14;2,0,6,3,13,10,12,9,1,11,8,5,7,4;0;31616
CheapestInsertion;15;data/FIS14-3.txt;14;2,0,6,3,13,10,12,9,1,11,8,5,7,4;0;31616
CheapestInsertion;16;data/FIS14-3.txt;14;2,0,6,3,13,10,12,9,1,11,8,5,7,4;0;31616
CheapestInsertion;17;data/FIS14-3.txt;14;2,0,6,3,13,10,12,9,1,11,8,5,7,4;0;31616
CheapestInsertion;18;data/FIS14-3.txt;14;2,0,6,3,13,10,12,9,1,11,8,5,7,4;0;31616
CheapestInsertion;19;data/FIS14-3.txt;14;2,0,6,3,13,10,12,9,1,11,8,5,7,4;0;31616
CheapestInsertion;20;data/FIS14-3.txt;14;2,0,6,3,13,10,12,9,1,11,8,5,7,4;0;31616
CheapestInsertion;21;data/FIS14-3.txt;14;2,0,6,3,13,10,12,9,1,11,8,5,7,4;0;31616
CheapestInsertion;22;data/FIS14-3.txt;14;2,0,6,3,13,10,12,9,1,11,8,5,7,4;0;31616
CheapestInsertion;23;data/FIS14-3.txt;14;2,0,6,3,13,10,12,9,1,11,8,5,7,4;0;31616
CheapestInsertion;24;data/FIS14-3.txt;14;2,0,6,3,13,10,12,9,1,11,8,5,7,4;0;31616
CheapestInsertion;25;data/FIS14-3.txt;14;2,0,6,3,13,10,12,9,1,11,8,5,7,4;0;31616
CheapestInsertion;26;data/FIS14-3.txt;14;2,0,6,3,13,10,12,9,1,11,8,5,7,4;0;31616
CheapestInsertion;27;data/FIS14-3.txt;14;2,0,6,3,13,10,12,9,1,11,8,5,7,4;0;31616
CheapestInsertion;28;data/FIS14-3.txt;14;2,0,6,3,13,10,12,9,1,11,8,5,7,4;0;31616
CheapestInsertion;29;data/FIS14-3.txt;14;2,0,6,3,13,10,12,9,1,11,8,5,7,4;0;31616
CheapestInsertion;30;data/FIS14-3.txt;14;2,0,6,3,13,10,12,9,1,11,8,5,7,4;0;31616
CheapestInsertion;1;data/FIS14-4.txt;14;5,3,11,10,9,7,12,8,0,6,4,1,13,2;0;34897
CheapestInsertion;2;data/FIS14-4.txt;14;5,3,11,10,9,7,12,8,0,6,4,1,13,2;0;34897
CheapestInsertion;3;data/FIS14-4.txt;14;5,3,11,10,9,7,12,8,0,6,4,1,13,2;0;34897
CheapestInsertion;4;data/FIS14-4.txt;14;5,3,11,10,9,7,12,8,0,6,4,1,13,2;0;34897
CheapestInsertion;5;data/FIS14-4.txt;14;5,3,11,10,9,7,12,8,0,6,4,1,13,2;0;34897
CheapestInsertion;6;data/FIS14-4.txt;14;5,3,11,10,9,7,12,8,0,6,4,1,13,2;0;34897
CheapestInsertion;7;data/FIS14-4.txt;14;5,3,11,10,9,7,12,8,0,6,4,1,13,2;0;34897
CheapestInsertion;8;data/FIS14-4.txt;14;5,3,11,10,9,7,12,8,0,6,4,1,13,2;0;34897
CheapestInsertion;9;data/FIS14-4.txt;14;5,3,11,10,9,7,12,8,0,6,4,1,13,2;0;34897
CheapestInsertion;10;data/FIS14-4.txt;14;5,3,11,10,9,7,12,8,0,6,4,1,13,2;0;34897
CheapestInsertion;11;data/FIS14-4.txt;14;5,3,11,10,9,7,12,8,0,6,4,1,13,2;0;34897
CheapestInsertion;12;data/FIS14-4.txt;14;5,3,11,10,9,7,12,8,0,6,4,1,13,2;0;34897
CheapestInsertion;13;data/FIS14-4.txt;14;5,3,11,10,9,7,12,8,0,6,4,1,13,2;0;34897
CheapestInsertion;14;data/FIS14-4.txt;14;5,3,11,10,9,7,12,8,0,6,4,1,13,2;0;34897
CheapestInsertion;15;data/FIS14-4.txt;14;5,3,11,10,9,7,12,8,0,6,4,1,13,2;0;34897
CheapestInsertion;16;data/FIS14-4.txt;14;5,3,11,10,9,7,12,8,0,6,4,1,13,2;0;34897
CheapestInsertion;17;data/FIS14-4.txt;14;5,3,11,10,9,7,12,8,0,6,4,1,13,2;0;34897
CheapestInsertion;18;data/FIS14-4.txt;14;5,3,11,10,9,7,12,8,0,6,4,1,13,2;0;34897
CheapestInsertion;19;data/FIS14-4.txt;14;5,3,11,10,9,7,12,8,0,6,4,1,13,2;0;34897
CheapestInsertion;20;data/FIS14-4.txt;14;5,3,11,10,9,7,12,8,0,6,4,1,13,2;0;34897
CheapestInsertion;21;data/FIS14-4.txt;14;5,3,11,10,9,7,12,8,0,6,4,1,13,2;0;34897
CheapestInsertion;22;data/FIS14-4.txt;14;5,3,11,10,9,7,12,8,0,6,4,1,13,2;0;34897
CheapestInsertion;23;data/FIS14-4.txt;14;5,3,11,10,9,7,12,8,0,6,4,1,13,2;0;34897
CheapestInsertion;24;data/FIS14-4.txt;14;5,3,11,10,9,7,12,8,0,6,4,1,13,2;0;34897
CheapestInsertion;25;data/FIS14-4.txt;14;5,3,11,10,9,7,12,8,0,6,4,1,13,2;0;34897
CheapestInsertion;26;data/FIS14-4.txt;14;5,3,11,10,9,7,12,8,0,6,4,1,13,2;0;34897
CheapestInsertion;27;data/FIS14-4.txt;14;5,3,11,10,9,7,12,8,0,6,4,1,13,2;0;34897
CheapestInsertion;28;data/FIS14-4.txt;14;5,3,11,10,9,7,12,8,0,6,4,1,13,2;0;34897
CheapestInsertion;29;data/FIS14-4.txt;14;5,3,11,10,9,7,12,8,0,6,4,1,13,2;0;34897
CheapestInsertion;30;data/FIS14-4.txt;14;5,3,11,10,9,7,12,8,0,6,4,1,13,2;0;34897
Memetic;1;data/FIS50-0.txt;50;11,15,3,30,45,26,21,9,20,27,47,35,6,31,8,12,37,32,46,28,33,10,25,0,43,36,2,5,13,24,44,34,4,23,1,38,19,41,29,17,16,48,40,18,7,14,22,49,39,42;38;42256
Memetic;2;data/FIS50-0.txt;50;4,44,30,45,3,20,2,7,41,19,46,24,11,21,26,27,47,35,25,10,33,28,37,32,38,48,40,14,23,9,12,5,49,15,18,39,42,22,29,17,16,1,0,13,8,31,6,36,43,34;38;40588
Memetic;3;data/FIS50-0.txt;50;3,15,11,42,39,49,22,29,17,45,27,47,35,48,10,16,9,12,8,44,34,37,6,31,46,28,18,26,4,1,0,13,32,14,40,41,7,2,5,21,25,23,38,43,36,19,24,33,20,30;38;43109
Memetic;4;data/FIS50-0.txt;50;0,3,14,22,17,49,39,42,10,25,11,37,24,44,34,4,27,47,38,23,21,5,30,29,41,19,46,31,8,12,9,13,35,28,45,33,32,20,2,7,43,16,1,15,6,26,18,40,48,36;38;44858
Memetic;5;data/FIS50-0.txt;50;15,18,22,30,45,28,35,6,31,46,44,37,33,27,26,10,25,23,38,42,39,47,24,11,21,5,2,20,3,29,7,34,4,1,0,43,36,16,9,12,8,17,49,19,41,13,32,14,40,48;38;42682
Memetic;6;data/FIS50-0.txt;50;38,23,15,18,33,49,39,8,12,9,13,24,47,22,7,41,29,17,4,26,27,44,46,19,42,11,25,10,16,1,0,14,40,48,6,31,37,32,20,3,34,30,45,28,35,21,5,2,36,43;38;40949
Memetic;7;data/FIS50-0.txt;50;16,48,35,47,24,46,19,41,7,2,5,26,45,33,20,3,40,14,32,13,0,1,4,44,37,27,15,18,28,34,30,42,11,21,9,12,8,31,6,36,43,38,23,25,10,39,49,22,29,17;38;41385
Memetic;8;data/FIS50-0.txt;50;40,17,16,48,35,47,5,46,3,20,14,22,49,39,42,11,25,10,7,2,31,6,36,43,1,0,13,4,26,27,15,18,33,32,29,38,23,21,9,12,8,41,19,24,44,34,37,28,45,30;39;41538
Memetic;9;data/FIS50-0.txt;50;6,35,48,16,17,45,30,34,3,33,1,0,36,43,38,23,25,21,9,12,8,31,37,44,27,15,18,10,39,42,11,26,4,20,2,5,47,24,19,41,13,32,14,40,49,22,7,28,46,29;39;40947
Memetic;10;data/FIS50-0.txt;50;24,33,18,40,48,14,12,8,31,37,32,13,0,1,4,34,30,45,28,16,17,49,39,43,36,10,25,23,38,47,27,26,21,9,20,2,5,22,42,44,46,19,41,7,35,6,29,3,15,11;39;38028
Memetic;11;data/FIS50-0.txt;50;10,36,31,37,32,13,35,6,29,22,49,39,18,15,11,42,14,48,40,38,1,23,4,33,24,47,5,43,0,3,34,30,45,28,16,17,8,12,9,21,26,27,44,46,20,2,7,41,19,25;38;43311
Memetic;12;data/FIS50-0.txt;50;36,6,29,22,47,35,48,14,7,23,25,10,33,28,45,30,21,9,20,2,5,0,1,16,4,34,44,27,26,18,40,49,17,8,12,37,32,38,43,24,11,15,3,42,39,13,41,19,46,31;38;39253
Memetic;13;data/FIS50-0.txt;50;0,1,4,26,11,35,47,34,44,27,31,6,39,49,14,42,12,8,17,28,37,16,48,40,20,2,7,10,9,24,46,19,41,13,32,36,43,38,23,22,18,15,25,21,30,45,33,5,29,3;38;42916
Memetic;14;data/FIS50-0.txt;50;14,48,40,18,15,25,23,38,43,7,2,20,9,21,30,32,33,45,3,46,31,36,10,5,17,28,34,44,24,0,1,4,26,19,41,13,37,12,8,39,49,22,29,6,35,47,27,16,11,42;39;42349
Memetic;15;data/FIS50-0.txt;50;23,9,12,8,11,42,39,49,17,22,14,7,43,36,0,1,4,34,44,24,13,16,28,46,19,41,33,35,6,31,37,32,20,2,5,26,27,47,38,29,3,15,18,40,48,10,45,30,21,25;38;42190
Memetic;16;data/FIS50-0.txt;50;6,36,43,38,15,18,39,49,14,23,7,22,17,29,41,19,46,32,45,28,37,12,33,10,25,11,42,30,3,40,48,16,1,0,24,44,34,4,20,2,5,26,27,21,9,13,35,47,8,31;39;43364
Memetic;17;data/FIS50-0.txt;50;48,35,47,22,7,4,1,0,3,12,13,24,46,19,42,11,8,31,37,32,29,41,20,2,5,21,30,45,15,18,33,28,34,44,27,26,6,40,14,9,23,38,43,36,16,17,49,39,10,25;38;41938
Memetic;18;data/FIS50-0.txt;50;48,40,38,23,9,12,8,31,37,32,20,2,5,13,24,44,46,3,15,18,33,22,34,30,45,28,19,41,7,4,1,0,43,39,49,14,42,11,21,26,27,10,25,35,47,16,17,29,6,36;38;43988
Memetic;19;data/FIS50-0.txt;50;1,23,4,34,3,20,2,5,47,24,33,42,39,10,25,11,35,28,45,30,32,13,41,19,46,44,38,22,14,9,21,26,27,16,17,8,12,49,15,18,40,48,37,31,6,29,7,43,36,0;38;42968
Memetic;20;data/FIS50-0.txt;50;13,35,48,15,18,5,2,36,43,0,1,16,4,34,30,45,17,29,41,19,46,22,49,39,42,38,23,25,10,33,12,37,44,27,31,6,26,7,28,8,47,24,11,21,9,20,3,40,14,32;38;41505
Memetic;21;data/FIS50-0.txt;50;0,1,16,17,26,21,5,2,20,4,34,37,31,8,12,9,13,24,47,35,6,29,41,7,22,49,39,43,36,32,14,40,48,38,23,25,10,27,11,42,19,46,44,15,18,33,28,45,30,3;38;41013
Memetic;22;data/FIS50-0.txt;50;29,41,4,1,0,8,11,24,44,34,28,17,16,48,31,6,40,14,32,13,35,47,27,26,5,12,9,21,30,42,39,49,22,7,2,20,3,45,19,46,37,33,18,15,23,38,43,36,10,25;38;38449
Memetic;23;data/FIS50-0.txt;50;6,31,27,44,46,3,15,11,21,9,20,2,5,26,19,41,29,17,49,39,8,12,37,32,13,35,48,14,42,7,22,47,24,33,28,45,30,40,18,10,25,23,38,34,4,16,1,0,43,36;38;43420
Memetic;24;data/FIS50-0.txt;50;10,36,43,24,13,9,3,0,14,49,39,42,12,8,17,16,35,47,22,29,7,41,19,38,15,18,40,30,45,28,33,1,26,11,48,6,31,37,32,46,20,27,44,34,4,23,2,5,21,25;38;42797
Memetic;25;data/FIS50-0.txt;50;1,38,16,48,35,47,27,15,18,40,28,45,33,20,2,7,22,49,39,42,11,31,6,36,43,17,29,41,19,26,5,10,9,23,25,21,8,12,37,32,14,46,3,30,4,34,44,24,13,0;39;42098
Memetic;26;data/FIS50-0.txt;50;10,36,20,30,5,2,7,22,47,24,46,44,37,31,6,35,28,45,33,27,26,21,9,12,8,0,1,4,43,16,17,49,19,42,11,34,3,15,18,39,40,48,14,32,13,41,29,38,23,25;38;43180
Memetic;27;data/FIS50-0.txt;50;44,34,3,25,29,41,1,43,36,39,18,10,45,30,21,5,22,47,42,11,19,0,24,33,28,46,37,32,38,49,17,16,13,9,12,8,31,6,35,48,15,40,14,23,7,2,20,4,26,27;38;45199
Memetic;28;data/FIS50-0.txt;50;21,25,10,39,49,22,37,32,30,45,29,3,20,2,5,26,7,41,19,38,1,0,13,24,33,18,15,48,35,47,34,4,43,36,16,17,8,12,9,23,14,40,6,31,27,44,46,28,42,11;38;39589
Memetic;29;data/FIS50-0.txt;50;22,32,33,45,28,37,17,16,48,31,6,35,8,47,24,13,41,29,25,10,36,43,0,1,4,19,11,42,39,46,44,38,23,7,2,20,3,34,30,21,9,12,5,26,27,15,18,40,49,14;39;43163
Memetic;30;data/FIS50-0.txt;50;27,47,39,43,36,6,29,37,32,46,3,20,2,7,23,38,40,41,19,24,44,34,4,1,0,13,8,31,48,16,9,14,22,17,28,45,33,35,25,18,15,49,12,10,5,21,30,42,11,26;39;42467
Memetic;1;data/FIS50-1.txt;50;25,16,29,45,6,44,15,34,9,4,24,23,26,32,35,40,27,30,18,42,33,46,10,43,5,13,3,19,11,36,28,21,2,12,31,47,38,39,8,41,17,7,22,49,48,20,37,0,1,14;38;41046
Memetic;2;data/FIS50-1.txt;50;14,25,16,37,31,42,33,46,22,7,17,41,8,39,20,48,49,11,43,5,6,2,0,1,24,23,26,10,36,27,40,44,35,15,3,13,28,29,45,19,12,18,47,38,34,32,30,21,9,4;39;44131
Memetic;3;data/FIS50-1.txt;50;16,37,44,22,7,17,24,18,30,27,40,35,15,34,0,39,8,41,42,36,26,10,43,5,48,14,6,2,31,4,38,47,32,33,29,20,12,1,46,28,13,3,9,23,19,45,49,21,11,25;37;45164
Memetic;4;data/FIS50-1.txt;50;24,4,16,29,45,19,23,17,7,43,5,6,2,0,1,33,15,48,34,27,30,13,3,38,47,31,12,11,36,14,37,39,8,41,21,49,25,44,22,32,9,28,46,20,10,26,40,35,42,18;38;44589
Memetic;5;data/FIS50-1.txt;50;7,17,12,21,30,26,40,35,15,18,8,11,1,33,32,34,38,39,25,37,0,4,24,20,29,45,6,44,47,49,48,5,43,10,46,16,27,2,31,23,9,19,3,13,28,41,42,36,14,22;38;43346
Memetic;6;data/FIS50-1.txt;50;45,3,13,5,43,10,15,7,17,20,18,30,27,40,35,25,14,4,8,6,37,26,46,33,42,31,2,24,1,12,11,36,28,41,47,49,48,34,21,9,23,19,32,22,44,38,39,0,16,29;38;44263
Memetic;7;data/FIS50-1.txt;50;23,29,20,12,11,43,5,13,3,38,24,4,16,45,14,18,15,35,40,26,10,46,33,1,0,39,8,30,27,31,34,25,17,7,48,49,47,41,42,36,28,21,2,6,37,44,22,32,19,9;38;44169
Memetic;8;data/FIS50-1.txt;50;9,32,47,38,24,17,7,18,42,22,41,8,39,0,1,2,21,28,36,44,6,45,29,16,4,35,40,26,30,3,13,5,43,15,48,20,37,14,25,34,27,10,33,46,31,12,11,49,19,23;38;43928
Memetic;9;data/FIS50-1.txt;50;14,25,16,37,20,48,17,45,6,44,36,28,13,30,26,40,29,23,31,12,1,33,27,2,43,10,15,7,18,42,35,32,9,19,11,49,22,41,8,21,34,24,38,47,5,46,3,39,0,4;38;44027
Memetic;10;data/FIS50-1.txt;50;32,49,22,41,18,42,36,11,21,2,6,5,29,45,16,46,28,13,3,30,27,35,40,26,10,43,15,48,7,17,24,20,44,37,8,4,14,25,34,38,47,31,12,23,9,19,39,0,1,33;37;45992
Memetic;11;data/FIS50-1.txt;50;22,7,17,25,23,34,6,15,3,13,5,43,10,41,8,18,30,26,40,35,42,31,12,2,21,28,46,20,37,0,16,29,45,19,9,32,24,44,47,49,48,27,36,14,4,11,1,33,38,39;38;42478
Memetic;12;data/FIS50-1.txt;50;9,4,24,18,14,30,27,35,40,26,10,43,5,48,49,47,32,19,3,15,6,37,20,44,36,22,7,17,25,34,38,39,42,41,28,21,2,0,1,11,8,13,29,33,46,16,45,31,12,23;38;42048
Memetic;13;data/FIS50-1.txt;50;0,2,21,32,9,12,5,43,11,22,14,48,49,47,41,8,39,38,34,25,17,23,19,45,29,16,4,24,7,37,20,44,36,28,13,3,15,6,18,30,27,31,42,35,40,26,10,46,33,1;39;38932
Memetic;14;data/FIS50-1.txt;50;26,40,35,44,37,42,36,28,13,3,38,47,32,9,21,49,11,43,2,6,5,19,45,29,16,25,14,22,0,1,18,30,27,48,34,4,8,41,39,23,31,12,15,7,17,24,20,46,33,10;38;45432
Memetic;15;data/FIS50-1.txt;50;32,35,42,31,12,20,44,36,22,11,19,9,23,30,27,10,43,5,13,4,14,25,16,29,45,38,47,49,48,34,21,2,6,37,26,40,28,46,3,15,7,17,24,18,41,8,39,0,1,33;38;40587
Memetic;16;data/FIS50-1.txt;50;41,8,30,27,40,44,20,24,17,7,18,15,35,42,46,33,10,26,12,31,47,38,34,21,2,6,5,19,32,22,49,48,29,45,14,4,11,1,0,16,37,25,39,43,36,28,13,3,9,23;38;41966
Memetic;17;data/FIS50-1.txt;50;12,11,22,38,47,32,30,18,27,10,26,40,29,45,19,23,9,3,33,46,16,25,14,4,7,17,24,43,5,2,31,34,48,49,21,41,8,39,0,1,42,36,28,13,6,37,44,35,15,20;38;47325
Memetic;18;data/FIS50-1.txt;50;7,22,14,37,25,49,21,41,18,30,27,48,34,9,19,11,36,42,28,13,8,4,24,23,31,2,38,16,46,3,39,0,1,33,32,35,40,26,10,43,5,47,15,44,6,45,29,20,12,17;38;44241
Memetic;19;data/FIS50-1.txt;50;37,30,43,10,20,29,45,6,44,36,31,12,23,9,32,22,49,48,14,4,8,7,17,24,18,41,42,35,15,33,1,0,39,25,11,19,3,13,5,40,28,46,26,21,34,38,47,2,27,16;38;46784
Memetic;20;data/FIS50-1.txt;50;46,33,29,13,28,36,44,22,7,20,10,43,5,21,11,49,48,34,9,4,14,17,25,41,8,39,0,1,24,18,42,35,40,26,37,6,23,19,12,15,3,30,32,47,38,2,27,16,45,31;42;48072
Memetic;21;data/FIS50-1.txt;50;3,13,5,43,10,46,16,25,11,12,20,44,40,26,14,22,7,17,36,37,45,18,24,4,8,41,47,49,48,29,19,23,9,28,33,32,35,42,31,27,30,21,2,1,0,39,38,34,6,15;38;43150
Memetic;22;data/FIS50-1.txt;50;12,35,14,36,44,20,37,6,15,3,13,29,33,46,28,40,27,30,18,24,4,16,45,31,47,38,34,9,19,32,22,49,48,5,43,10,26,23,25,17,7,8,41,42,39,0,1,2,21,11;38;40849
Memetic;23;data/FIS50-1.txt;50;7,4,14,45,29,16,25,11,12,20,13,35,40,26,10,43,5,48,49,47,32,19,23,9,34,27,15,18,1,0,22,44,36,28,21,2,6,37,31,42,33,46,3,39,8,41,30,38,24,17;38;43914
Memetic;24;data/FIS50-1.txt;50;20,12,11,36,44,22,32,9,21,28,46,33,42,31,13,3,30,8,41,17,38,2,27,16,37,25,39,0,1,18,4,24,7,48,49,47,19,23,6,34,15,35,40,26,10,43,5,14,45,29;38;44143
Memetic;25;data/FIS50-1.txt;50;2,21,30,27,31,42,41,25,17,7,22,36,44,20,23,19,32,47,49,48,15,18,8,39,0,4,14,45,29,11,12,1,33,9,34,24,37,26,40,28,46,16,38,3,13,5,43,10,35,6;38;45752
Memetic;26;data/FIS50-1.txt;50;27,2,0,1,33,9,4,14,30,32,35,40,26,10,43,7,17,25,41,42,18,24,20,44,36,11,22,38,39,37,8,15,3,13,5,29,45,19,23,6,34,48,49,47,31,12,21,28,46,16;38;43312
Memetic;27;data/FIS50-1.txt;50;38,47,32,9,19,3,13,5,43,2,0,16,37,25,49,22,7,17,48,15,33,1,11,4,14,30,27,35,44,36,28,21,26,40,29,20,24,18,41,8,39,42,46,10,45,6,23,12,31,34;38;44402
Memetic;28;data/FIS50-1.txt;50;3,15,7,17,25,37,0,34,38,39,23,33,1,11,22,44,36,14,32,9,19,45,29,16,4,24,18,12,20,46,28,21,8,41,47,49,48,27,10,43,5,6,2,31,42,35,40,26,30,13;39;43379
Memetic;29;data/FIS50-1.txt;50;21,2,6,37,20,44,36,28,23,25,11,1,0,39,8,41,17,14,4,9,3,13,5,43,19,12,15,48,49,22,42,18,24,7,30,32,35,40,26,10,27,16,46,33,29,45,31,47,38,34;39;44100
Memetic;30;data/FIS50-1.txt;50;13,3,19,45,38,47,32,30,18,4,24,7,43,5,12,2,21,49,48,27,10,26,40,28,46,20,37,6,23,29,16,25,14,22,11,36,44,17,41,8,39,0,1,33,9,34,15,35,42,31;38;40866
Memetic;1;data/FIS50-2.txt;50;0,32,39,22,9,7,31,21,45,33,2,18,1,19,12,26,34,49,28,46,5,6,36,17,42,8,11,48,47,37,40,24,13,35,25,20,14,43,41,44,38,30,23,29,10,16,3,15,27,4;38;43082
Memetic;2;data/FIS50-2.txt;50;48,42,25,20,32,13,5,6,40,22,43,30,0,4,27,7,31,17,36,10,15,29,37,26,12,19,1,18,16,21,45,9,34,3,23,14,28,49,35,47,2,33,46,39,24,11,8,41,38,44;38;44313
Memetic;3;data/FIS50-2.txt;50;47,38,26,36,10,16,3,15,27,4,0,32,33,45,9,7,31,17,35,13,8,11,21,28,49,34,22,12,19,1,18,2,23,30,24,37,39,46,5,6,40,44,41,43,29,14,20,25,42,48;38;44429
Memetic;4;data/FIS50-2.txt;50;31,33,9,21,5,6,40,23,2,13,0,32,7,35,10,36,17,8,11,45,20,25,42,48,47,29,28,14,26,34,49,1,18,4,27,24,37,39,46,44,41,43,19,22,12,15,3,16,30,38;38;45694
Memetic;5;data/FIS50-2.txt;50;27,25,37,39,46,18,26,12,19,14,28,49,1,41,17,43,11,8,10,29,36,6,5,30,38,31,7,9,15,24,22,34,42,48,44,47,2,33,45,21,16,20,4,32,0,13,35,40,23,3;37;42952
Memetic;6;data/FIS50-2.txt;50;11,10,24,27,4,20,25,42,48,47,29,15,3,34,22,39,32,37,6,40,38,44,46,36,16,5,14,0,13,35,8,41,17,43,9,7,31,21,45,33,26,30,23,2,18,1,49,28,12,19;38;47039
Memetic;7;data/FIS50-2.txt;50;25,27,9,7,5,13,32,20,42,17,36,10,35,1,49,28,18,26,12,0,4,6,40,44,41,43,29,14,23,8,11,19,16,21,45,33,2,47,48,31,38,30,22,34,3,15,24,46,39,37;38;43502
Memetic;8;data/FIS50-2.txt;50;15,0,13,35,7,32,4,20,16,43,49,45,21,31,48,47,2,33,9,29,3,23,14,41,38,44,40,24,10,1,8,11,19,12,26,18,28,46,39,22,30,17,6,5,34,42,36,37,25,27;38;46740
Memetic;9;data/FIS50-2.txt;50;0,2,23,19,39,46,44,40,6,18,1,49,28,12,38,31,43,35,48,47,29,10,15,27,4,20,25,42,17,41,14,36,3,5,16,21,45,33,32,13,8,11,24,37,34,26,7,9,22,30;38;47435
Memetic;10;data/FIS50-2.txt;50;3,12,26,33,45,20,25,42,48,47,29,14,19,1,18,2,23,40,6,5,13,35,7,27,4,0,9,22,34,11,8,30,38,31,43,41,44,46,39,32,37,24,15,10,36,17,49,28,21,16;38;43766
Memetic;11;data/FIS50-2.txt;50;18,1,23,14,28,49,17,43,11,8,41,39,37,24,27,15,10,36,29,47,48,42,34,26,12,3,16,21,45,33,2,19,44,20,25,46,5,6,40,7,32,4,0,9,22,31,38,30,35,13;38;42675
Memetic;12;data/FIS50-2.txt;50;23,30,38,31,22,12,0,4,6,40,44,48,42,20,25,37,39,46,36,1,41,17,43,16,3,5,13,32,33,2,28,49,34,26,18,47,8,11,19,14,21,45,9,7,35,27,24,10,15,29;38;43867
Memetic;13;data/FIS50-2.txt;50;12,28,2,47,18,26,33,31,38,30,22,34,49,1,29,8,41,17,43,9,45,21,11,6,5,13,35,7,32,0,4,23,42,48,44,40,24,27,15,3,16,10,36,46,39,37,25,20,14,19;38;42167
Memetic;14;data/FIS50-2.txt;50;11,43,17,41,8,38,6,5,13,35,15,10,36,23,29,1,49,28,14,19,12,26,18,47,2,33,32,0,4,20,16,30,22,27,3,34,42,48,44,40,24,9,7,31,21,45,46,39,37,25;38;45936
Memetic;15;data/FIS50-2.txt;50;46,35,43,19,41,12,34,3,23,1,49,28,33,2,47,44,48,42,17,6,5,13,32,36,16,18,26,7,9,27,25,37,40,24,15,10,29,14,0,4,20,38,31,22,30,8,11,21,45,39;41;44831
Memetic;16;data/FIS50-2.txt;50;25,42,48,44,40,24,27,3,15,10,29,35,30,38,31,7,9,22,43,17,41,1,32,33,45,11,6,4,0,12,8,47,18,16,21,28,46,5,39,13,49,34,37,26,36,23,2,19,14,20;38;44236
Memetic;17;data/FIS50-2.txt;50;44,19,41,1,10,24,27,2,33,32,4,20,25,37,36,45,39,46,5,6,17,49,28,12,21,11,8,47,48,42,34,22,9,7,26,18,14,0,13,35,30,38,31,43,16,3,15,29,23,40;38;42838
Memetic;18;data/FIS50-2.txt;50;31,22,9,19,1,18,2,23,3,34,44,41,8,11,43,17,48,47,37,40,24,10,13,32,33,45,21,16,20,4,0,12,26,36,6,5,46,39,49,28,42,25,27,15,29,14,7,35,30,38;38;44005
Memetic;19;data/FIS50-2.txt;50;38,26,16,20,14,19,1,18,2,23,3,27,25,35,13,5,6,17,36,10,15,29,37,39,46,44,40,24,9,7,31,21,45,33,32,4,0,12,28,49,41,43,11,8,47,48,42,34,22,30;38;41587
Memetic;20;data/FIS50-2.txt;50;45,33,32,0,4,2,9,6,17,43,11,24,40,44,19,25,42,48,47,8,20,7,31,38,12,28,49,35,13,15,10,36,26,37,27,3,34,22,39,30,23,29,14,46,5,41,1,18,16,21;38;46714
Memetic;21;data/FIS50-2.txt;50;1,18,13,32,29,43,41,44,48,31,38,30,22,34,11,28,42,25,40,23,8,20,7,35,10,36,17,45,21,16,3,15,27,24,47,2,33,9,0,4,6,5,46,14,19,12,26,37,39,49;38;41485
Memetic;22;data/FIS50-2.txt;50;44,41,43,14,46,5,6,11,19,16,21,28,29,35,30,39,22,24,15,10,36,17,42,25,27,4,20,8,23,40,37,26,7,13,0,32,33,2,47,18,1,49,45,9,34,3,12,38,31,48;38;42948
Memetic;23;data/FIS50-2.txt;50;38,30,23,3,34,42,48,47,29,15,10,24,40,44,45,9,43,17,36,6,5,46,35,25,20,14,8,11,19,16,21,26,37,39,41,1,18,13,32,33,2,28,49,22,12,0,4,27,7,31;38;43095
Memetic;24;data/FIS50-2.txt;50;37,39,46,5,6,36,17,42,0,48,47,27,2,33,45,21,9,22,31,38,12,28,26,34,41,1,18,13,35,7,32,4,15,3,16,10,29,43,49,44,40,24,30,23,8,11,19,14,20,25;38;44783
Memetic;25;data/FIS50-2.txt;50;49,28,46,24,27,15,3,34,12,38,31,48,11,8,47,26,42,25,20,29,23,40,44,37,43,17,41,14,36,10,35,7,32,0,4,6,5,16,21,45,33,2,18,1,19,9,22,30,39,13;38;43277
Memetic;26;data/FIS50-2.txt;50;44,38,30,22,34,42,48,47,2,28,49,35,43,11,8,13,32,36,29,15,3,23,14,41,33,46,39,37,25,27,9,19,1,18,26,12,0,4,6,5,16,21,45,17,31,7,20,10,24,40;37;44655
Memetic;27;data/FIS50-2.txt;50;19,11,4,0,12,8,47,48,17,36,26,7,14,28,49,1,18,2,33,31,38,30,22,39,32,37,25,20,42,21,45,9,34,3,23,40,6,5,13,35,46,44,41,43,29,15,10,24,27,16;38;42171
Memetic;28;data/FIS50-2.txt;50;34,42,48,47,29,32,12,0,4,20,25,23,40,44,46,5,3,16,21,45,9,7,26,37,39,41,8,11,43,17,36,6,18,1,49,28,14,19,2,33,31,38,30,35,13,24,10,15,27,22;38;41173
Memetic;29;data/FIS50-2.txt;50;11,19,14,29,1,49,28,46,44,40,24,15,3,23,2,16,26,18,47,48,42,34,37,25,27,4,20,10,36,17,43,9,32,0,12,22,39,30,35,7,13,5,6,38,31,21,45,33,41,8;38;41795
Memetic;30;data/FIS50-2.txt;50;39,37,26,16,17,6,4,0,28,2,30,38,44,40,24,27,15,9,7,31,10,36,29,43,49,13,5,3,23,1,41,33,45,21,11,8,32,18,47,48,42,34,22,12,19,14,20,25,35,46;38;44392
Memetic;1;data/FIS50-3.txt;50;30,44,33,26,0,47,25,31,14,12,43,28,45,16,15,18,46,21,36,4,22,17,29,32,11,6,13,20,5,9,8,23,38,37,39,10,24,48,7,27,2,34,3,40,35,41,19,49,1,42;38;40516
Memetic;2;data/FIS50-3.txt;50;0,47,29,17,22,6,2,13,39,37,38,31,32,16,28,9,5,14,7,25,43,12,15,18,46,11,8,23,33,44,20,27,21,36,4,1,42,30,45,34,49,26,10,24,48,19,41,35,40,3;39;38420
Memetic;3;data/FIS50-3.txt;50;20,11,6,21,10,39,37,30,19,15,13,2,12,43,49,1,42,23,44,31,32,29,25,7,14,5,9,8,18,48,24,4,28,16,45,17,22,26,33,27,41,35,0,3,34,36,46,40,47,38;39;41127
Memetic;4;data/FIS50-3.txt;50;29,14,26,0,3,22,17,39,37,24,4,27,7,48,8,18,12,49,34,13,2,6,42,30,45,44,33,43,25,31,5,9,28,21,10,23,11,46,36,38,20,32,16,15,19,41,35,40,1,47;38;42720
Memetic;5;data/FIS50-3.txt;50;3,40,35,41,11,8,23,38,49,10,4,12,43,33,46,18,48,24,45,26,32,16,28,13,0,15,19,30,37,39,17,22,14,31,44,20,1,42,7,25,34,29,47,9,5,6,2,27,21,36;38;39630
Memetic;6;data/FIS50-3.txt;50;3,9,24,12,43,25,7,35,38,49,1,42,30,44,34,13,2,6,5,39,37,27,33,26,32,16,15,19,41,28,45,14,23,10,21,31,20,11,8,18,48,40,46,36,4,22,17,29,47,0;38;37277
Memetic;7;data/FIS50-3.txt;50;2,13,20,21,24,37,39,36,4,10,23,11,46,40,19,43,25,7,26,8,48,47,38,28,9,3,0,5,45,34,49,1,42,30,44,31,14,16,32,29,17,22,6,33,27,41,35,18,15,12;38;38293
Memetic;8;data/FIS50-3.txt;50;11,1,12,14,16,45,24,4,36,21,27,20,35,38,49,26,42,6,22,17,29,32,47,0,3,9,30,37,31,48,8,39,5,2,13,34,44,33,23,10,19,40,46,18,15,7,25,43,28,41;38;41292
Memetic;9;data/FIS50-3.txt;50;29,23,10,4,27,7,35,14,47,48,8,9,5,20,31,21,32,26,49,41,44,33,39,17,22,3,11,1,42,12,43,25,6,2,34,36,46,40,19,30,37,38,18,15,0,13,28,16,45,24;38;38529
Memetic;10;data/FIS50-3.txt;50;2,5,39,37,30,18,15,0,13,34,44,23,32,11,8,48,24,4,36,21,31,14,12,43,33,46,42,1,20,27,41,35,40,3,7,25,29,47,9,17,16,45,26,22,6,28,38,49,10,19;42;42595
Memetic;11;data/FIS50-3.txt;50;34,0,13,28,21,31,14,26,10,43,25,49,36,4,30,37,39,5,9,46,18,15,12,1,42,7,27,2,32,20,44,45,24,48,19,41,11,38,8,23,29,17,22,6,33,16,47,35,40,3;38;43485
Memetic;12;data/FIS50-3.txt;50;3,36,21,10,22,17,26,39,37,27,20,40,35,41,19,43,25,31,14,12,49,34,13,2,6,5,9,30,44,45,16,33,8,11,46,28,48,47,1,42,7,32,4,24,29,23,38,18,15,0;38;39426
Memetic;13;data/FIS50-3.txt;50;37,39,10,24,48,8,23,32,16,28,9,47,29,17,22,0,34,3,40,35,41,19,43,25,31,21,36,4,6,2,13,15,18,38,49,12,42,1,11,46,30,33,26,7,5,14,45,44,20,27;38;40939
Memetic;14;data/FIS50-3.txt;50;30,18,15,16,14,12,49,38,35,28,43,19,41,27,20,11,46,40,48,7,25,29,32,47,1,42,26,45,24,34,13,2,6,5,31,21,36,4,22,17,39,10,0,3,9,8,23,33,44,37;38;41134
Memetic;15;data/FIS50-3.txt;50;0,13,20,27,21,10,39,37,30,19,2,6,5,35,47,48,8,11,41,28,45,24,4,36,32,16,3,7,9,26,14,31,44,34,38,23,33,29,17,22,25,43,49,12,42,1,40,46,18,15;38;42558
Memetic;16;data/FIS50-3.txt;50;31,20,17,29,24,45,16,28,6,22,41,35,26,32,2,27,7,42,1,49,9,5,14,47,48,8,18,30,37,39,36,38,23,10,4,12,11,46,21,40,3,0,13,15,19,43,33,44,34,25;38;39899
Memetic;17;data/FIS50-3.txt;50;5,9,30,37,39,36,34,0,3,16,15,21,31,20,27,41,11,38,8,26,7,25,29,33,44,23,42,1,47,32,4,24,48,18,46,40,19,10,49,43,12,14,45,17,22,6,2,13,28,35;38;41807
Memetic;18;data/FIS50-3.txt;50;35,40,3,7,25,43,28,13,2,6,33,16,47,29,17,22,11,8,23,38,36,46,42,1,49,48,18,15,12,14,31,44,20,34,0,19,10,39,37,30,9,5,45,24,4,27,21,32,26,41;38;40246
Memetic;19;data/FIS50-3.txt;50;32,16,14,45,24,21,10,39,48,7,25,47,9,11,8,23,42,1,12,2,13,15,18,30,37,34,49,38,35,5,6,4,36,46,40,19,43,28,41,27,20,31,44,33,26,0,3,22,17,29;38;39713
Memetic;20;data/FIS50-3.txt;50;5,14,16,47,32,29,23,10,4,12,15,19,41,27,20,31,21,28,13,0,3,22,25,34,44,30,42,1,11,26,33,46,40,45,24,48,49,43,17,35,7,6,2,37,39,36,38,18,8,9;39;41410
Memetic;21;data/FIS50-3.txt;50;28,10,4,12,43,25,6,22,17,29,33,8,23,44,31,14,30,9,3,0,13,15,18,38,34,39,37,27,2,32,36,21,20,5,7,48,47,35,41,49,26,42,1,11,46,40,19,24,45,16;39;42513
Memetic;22;data/FIS50-3.txt;50;0,3,30,37,39,13,2,6,5,14,7,25,34,43,49,12,33,8,23,29,17,22,4,27,41,19,40,46,36,38,35,28,9,11,1,42,26,45,24,10,21,32,31,44,20,16,15,18,48,47;38;38437
Memetic;23;data/FIS50-3.txt;50;11,20,17,29,32,31,48,8,9,5,14,47,23,10,21,6,2,13,15,18,46,40,19,30,44,33,26,22,25,35,38,49,1,42,7,27,4,24,37,39,36,3,0,34,12,43,28,45,16,41;38;40785
Memetic;24;data/FIS50-3.txt;50;39,10,24,48,45,41,11,12,1,20,8,23,44,33,43,19,40,46,5,9,28,21,31,14,16,47,29,25,6,2,27,7,35,38,49,26,42,17,22,4,32,34,36,3,0,13,15,18,30,37;38;39793
Memetic;25;data/FIS50-3.txt;50;9,28,16,32,42,46,36,38,18,15,12,1,20,44,31,24,29,47,0,3,40,19,43,49,10,21,6,2,13,34,25,7,35,41,11,23,8,48,17,45,14,30,4,22,26,33,27,37,39,5;38;42393
Memetic;26;data/FIS50-3.txt;50;22,10,4,36,21,46,18,6,42,15,47,0,3,40,35,41,11,1,12,2,13,28,16,32,31,38,34,48,49,43,25,7,26,45,24,29,14,19,30,44,33,23,8,9,5,20,27,37,39,17;38;39231
Memetic;27;data/FIS50-3.txt;50;43,12,34,2,21,24,37,39,17,22,11,1,42,7,48,47,35,18,15,13,0,3,16,28,10,27,4,6,5,9,8,33,29,20,31,25,49,41,44,30,19,40,46,36,38,23,32,26,45,14;38;42631
Memetic;28;data/FIS50-3.txt;50;49,23,42,1,12,2,13,15,18,46,21,31,5,9,8,11,41,27,20,44,33,26,0,34,3,40,19,30,45,48,24,29,17,22,6,28,16,32,47,14,25,7,35,38,37,39,36,4,10,43;38;37500
Memetic;29;data/FIS50-3.txt;50;17,29,24,37,39,36,38,35,18,15,13,2,6,42,26,45,16,28,21,32,23,8,33,12,1,20,44,34,49,41,19,40,46,11,30,9,5,14,31,25,43,10,4,27,7,48,47,0,3,22;38;38884
Memetic;30;data/FIS50-3.txt;50;0,47,29,17,9,30,37,31,44,20,27,21,32,23,8,33,16,45,28,41,19,43,49,12,42,1,11,26,22,10,4,24,48,39,35,18,34,13,2,6,5,14,7,25,15,38,36,46,40,3;38;42748
Memetic;1;data/FIS50-4.txt;50;2,7,4,30,37,0,22,26,29,49,32,35,39,13,16,12,1,8,5,11,27,17,45,10,28,18,36,24,40,47,34,46,21,43,19,15,9,14,41,44,23,25,33,48,3,6,20,38,31,42;40;47298
Memetic;2;data/FIS50-4.txt;50;20,33,21,31,8,1,14,5,39,9,47,15,4,22,30,42,34,46,29,26,18,6,3,25,12,40,23,44,38,48,37,35,0,7,13,27,17,45,11,28,10,32,49,24,43,19,36,41,16,2;44;46114
Memetic;3;data/FIS50-4.txt;50;24,8,29,35,32,10,28,34,21,46,31,42,25,38,1,45,13,9,17,12,23,14,41,49,48,37,30,22,20,2,33,5,36,27,47,15,44,3,6,18,26,16,4,7,0,11,19,43,39,40;39;50060
Memetic;4;data/FIS50-4.txt;50;20,2,42,46,21,1,14,9,15,19,35,39,31,34,28,10,43,24,47,45,7,0,11,18,26,29,8,3,6,32,49,13,16,4,30,37,48,38,44,23,40,17,27,12,25,5,36,33,41,22;38;43901
Memetic;5;data/FIS50-4.txt;50;0,11,27,40,24,36,20,2,33,12,49,31,8,1,14,5,17,21,22,41,44,25,23,18,26,29,42,35,32,46,34,9,19,3,6,43,13,28,10,45,16,47,15,39,38,48,37,30,4,7;42;46622
Memetic;6;data/FIS50-4.txt;50;42,46,34,28,39,15,35,2,16,41,49,45,47,27,11,0,7,4,22,30,26,40,21,31,8,1,29,24,36,18,6,3,44,19,32,10,43,38,48,37,20,14,9,13,5,17,12,23,25,33;38;46325
Memetic;7;data/FIS50-4.txt;50;13,28,10,45,49,14,9,47,15,39,43,19,22,0,35,32,6,3,48,38,44,23,40,17,5,11,27,30,37,29,26,18,25,42,46,21,31,8,24,12,1,4,16,7,20,2,33,34,41,36;38;45898
Memetic;8;data/FIS50-4.txt;50;27,40,21,7,20,15,47,12,1,4,16,41,25,23,2,46,34,29,26,18,6,3,8,24,49,32,10,28,11,44,38,48,37,30,22,0,43,17,45,5,36,31,39,33,42,35,19,13,9,14;38;48238
Memetic;9;data/FIS50-4.txt;50;20,2,33,5,39,35,42,29,26,18,48,38,44,23,40,16,13,47,19,15,9,14,41,36,25,7,0,37,30,4,1,12,49,32,11,27,17,45,10,28,34,46,21,31,8,3,6,43,24,22;38;49900
Memetic;10;data/FIS50-4.txt;50;11,0,7,4,46,34,33,21,31,8,3,6,18,27,40,26,30,22,41,36,25,23,44,47,24,43,12,17,5,15,19,35,42,2,20,37,48,38,39,28,10,32,49,14,9,16,13,45,1,29;39;45058
Memetic;11;data/FIS50-4.txt;50;42,46,32,6,3,29,26,18,25,12,47,16,45,7,0,11,27,36,24,43,10,28,13,39,41,49,19,17,5,4,1,14,9,15,20,2,33,34,37,48,38,44,23,40,21,31,8,22,30,35;38;48489
Memetic;12;data/FIS50-4.txt;50;31,21,33,41,22,4,7,0,11,19,49,45,47,24,12,28,18,25,3,6,8,23,44,38,48,34,46,32,35,42,2,17,40,26,16,13,27,30,37,20,15,39,43,10,36,5,29,1,14,9;38;48107
Memetic;13;data/FIS50-4.txt;50;25,3,6,18,32,49,13,43,12,1,8,23,44,41,16,9,14,7,0,11,19,35,37,48,38,39,15,20,2,42,31,34,21,46,22,4,30,10,45,17,26,29,5,36,24,40,28,47,27,33;38;47177
Memetic;14;data/FIS50-4.txt;50;6,3,8,29,24,47,45,49,14,36,13,33,2,20,38,48,34,46,42,25,23,44,41,16,12,1,5,17,35,32,10,28,11,0,7,4,22,19,43,39,15,9,31,21,40,26,18,27,30,37;44;47502
Memetic;15;data/FIS50-4.txt;50;0,35,39,13,28,10,45,17,43,6,3,48,38,20,2,33,34,46,21,31,9,25,7,19,49,32,42,5,36,24,8,1,12,16,26,40,47,27,11,18,14,41,44,23,15,4,22,30,37,29;38;48826
Memetic;16;data/FIS50-4.txt;50;49,19,13,7,0,35,32,46,34,24,12,45,44,47,28,10,43,38,48,37,30,27,11,5,17,40,36,25,3,6,18,26,29,42,22,4,16,41,39,15,20,2,33,21,23,8,1,14,9,31;38;52075
Memetic;17;data/FIS50-4.txt;50;24,27,11,19,41,44,33,36,10,45,17,5,14,1,21,40,23,47,8,43,13,16,9,31,49,32,42,2,7,20,15,39,38,48,37,30,22,0,35,4,46,29,26,18,6,3,25,12,28,34;38;46833
Memetic;18;data/FIS50-4.txt;50;45,10,28,34,46,32,18,6,3,25,9,31,21,40,23,44,41,22,8,26,29,37,30,48,38,39,13,16,12,1,4,2,5,36,33,42,35,17,27,11,19,47,15,20,14,7,0,43,24,49;37;48427
Memetic;19;data/FIS50-4.txt;50;2,33,5,36,24,40,47,8,43,4,35,0,22,30,37,20,14,1,45,17,27,13,16,7,21,46,34,29,26,18,6,3,48,38,44,23,12,9,15,19,41,25,42,31,49,32,11,28,10,39;38;43827
Memetic;20;data/FIS50-4.txt;50;48,38,44,33,20,15,47,9,14,41,25,23,18,26,22,0,35,42,30,27,21,12,1,4,2,16,7,45,34,46,29,11,49,31,32,10,28,13,36,24,40,39,43,19,17,5,8,3,6,37;37;48190
Memetic;21;data/FIS50-4.txt;50;20,37,30,4,16,26,29,8,1,14,9,31,12,47,40,38,39,13,28,11,45,17,43,10,21,22,27,18,6,3,48,24,49,32,35,0,7,25,23,44,41,19,15,5,36,33,42,34,46,2;38;46938
Memetic;22;data/FIS50-4.txt;50;11,0,7,4,30,10,43,17,45,13,49,32,47,28,34,37,48,38,44,23,8,3,6,18,27,24,40,26,29,46,31,42,2,20,22,25,41,16,12,9,14,1,21,33,36,5,15,39,35,19;37;46864
Memetic;23;data/FIS50-4.txt;50;41,36,5,42,35,0,22,46,21,31,8,1,14,20,15,47,9,23,2,33,38,48,37,30,27,18,6,3,44,10,45,13,49,32,11,29,24,34,28,12,25,7,19,43,39,40,17,26,16,4;38;46507
Memetic;24;data/FIS50-4.txt;50;1,8,29,24,40,26,18,32,49,45,11,0,7,4,22,46,21,34,47,9,43,6,3,27,30,37,48,38,39,31,36,13,28,10,16,2,20,33,42,35,19,15,5,17,12,23,25,44,41,14;37;46121
Memetic;25;data/FIS50-4.txt;50;27,11,0,7,4,30,37,48,38,43,23,40,17,26,29,1,14,5,36,24,49,45,10,28,13,39,35,25,41,16,12,9,31,21,33,44,34,46,32,42,2,20,15,47,19,22,8,3,6,18;38;45473
Memetic;26;data/FIS50-4.txt;50;30,22,41,36,5,15,19,35,42,33,2,4,1,8,24,49,32,10,28,34,46,29,26,12,43,39,13,16,7,0,11,3,25,18,27,40,21,31,9,14,20,38,48,17,45,47,44,23,6,37;38;48289
Memetic;27;data/FIS50-4.txt;50;12,1,14,20,22,30,26,45,17,43,10,28,11,44,38,48,37,6,3,8,29,24,36,13,9,47,40,21,34,31,39,41,16,7,0,35,4,46,42,33,2,23,27,18,25,5,32,49,19,15;38;50706
Memetic;28;data/FIS50-4.txt;50;49,32,6,11,3,25,18,27,30,37,20,14,9,31,39,38,48,34,28,10,45,13,47,40,17,26,29,8,1,12,21,22,46,4,35,0,16,7,42,2,23,44,41,33,36,5,15,19,43,24;38;48314
Memetic;29;data/FIS50-4.txt;50;2,33,42,35,30,27,3,6,20,15,39,13,16,41,25,37,0,29,5,36,24,26,18,46,34,48,38,44,23,40,21,31,8,1,12,43,17,45,11,28,10,32,49,14,9,47,19,22,4,7;38;45224
Memetic;30;data/FIS50-4.txt;50;35,2,42,34,46,29,26,18,27,11,5,8,1,14,33,36,20,15,47,19,45,17,43,12,25,41,16,9,31,21,40,23,44,38,48,3,6,37,0,7,4,22,30,24,49,32,10,28,13,39;38;46825
Memetic;1;data/FIS75-0.txt;75;8,23,52,74,69,58,27,24,18,16,15,55,67,63,40,53,21,20,3,0,12,48,71,37,68,6,19,59,61,5,42,66,62,56,32,22,36,46,54,49,14,41,39,64,51,70,72,31,43,13,17,33,35,65,57,38,28,44,1,30,29,45,60,73,47,2,9,25,26,4,11,7,50,10,34;86;61237
Memetic;2;data/FIS75-0.txt;75;8,4,54,45,68,50,39,30,26,31,34,52,71,13,17,22,19,43,44,70,23,21,20,1,9,27,55,59,74,69,38,37,35,28,7,58,63,67,62,66,42,53,3,24,6,46,5,72,11,2,10,29,12,36,14,57,65,32,15,16,40,47,41,49,60,51,0,25,18,33,56,64,73,48,61;110;60275
Memetic;3;data/FIS75-0.txt;75;7,36,10,49,54,29,19,14,41,72,70,43,60,4,11,51,27,58,42,66,73,64,38,37,17,50,68,6,9,2,35,47,59,61,5,15,13,69,74,55,25,26,23,8,24,65,32,22,20,3,0,21,12,48,40,16,53,44,57,45,67,63,62,56,33,28,1,30,18,31,39,71,52,34,46;84;57356
Memetic;4;data/FIS75-0.txt;75;8,4,54,45,68,50,39,30,26,31,34,52,71,13,17,22,19,43,44,70,23,21,20,1,9,27,55,59,74,69,38,37,35,28,7,58,63,67,62,66,42,53,3,24,6,46,5,72,11,2,10,29,12,36,14,57,65,32,15,16,40,47,41,49,60,51,0,25,18,33,56,64,73,48,61;85;60275
Memetic;5;data/FIS75-0.txt;75;8,4,54,45,68,50,39,30,26,31,34,52,71,13,17,22,19,43,44,70,23,21,20,1,9,27,55,59,74,69,38,37,35,28,7,58,63,67,62,66,42,53,3,24,6,46,5,72,11,2,10,29,12,36,14,57,65,32,15,16,40,47,41,49,60,51,0,25,18,33,56,64,73,48,61;85;60275
Memetic;6;data/FIS75-0.txt;75;8,23,52,74,69,58,27,24,18,16,15,55,67,63,40,53,21,20,3,0,12,48,71,37,68,6,19,59,61,5,42,66,62,56,32,22,36,46,54,49,14,41,39,64,51,70,72,31,43,13,17,33,35,65,57,38,28,44,1,30,29,45,60,73,47,2,9,25,26,4,11,7,50,10,34;85;61237
Memetic;7;data/FIS75-0.txt;75;8,4,54,45,68,50,39,30,26,31,34,52,71,13,17,22,19,43,44,70,23,21,20,1,9,27,55,59,74,69,38,37,35,28,7,58,63,67,62,66,42,53,3,24,6,46,5,72,11,2,10,29,12,36,14,57,65,32,15,16,40,47,41,49,60,51,0,25,18,33,56,64,73,48,61;85;60275
Memetic;8;data/FIS75-0.txt;75;8,4,54,45,68,50,39,30,26,31,34,52,71,13,17,22,19,43,44,70,23,21,20,1,9,27,55,59,74,69,38,37,35,28,7,58,63,67,62,66,42,53,3,24,6,46,5,72,11,2,10,29,12,36,14,57,65,32,15,16,40,47,41,49,60,51,0,25,18,33,56,64,73,48,61;84;60275
Memetic;9;data/FIS75-0.txt;75;8,4,54,45,68,50,39,30,26,31,34,52,71,13,17,22,19,43,44,70,23,21,20,1,9,27,55,59,74,69,38,37,35,28,7,58,63,67,62,66,42,53,3,24,6,46,5,72,11,2,10,29,12,36,14,57,65,32,15,16,40,47,41,49,60,51,0,25,18,33,56,64,73,48,61;84;60275
Memetic;10;data/FIS75-0.txt;75;8,4,54,45,68,50,39,30,26,31,34,52,71,13,17,22,19,43,44,70,23,21,20,1,9,27,55,59,74,69,38,37,35,28,7,58,63,67,62,66,42,53,3,24,6,46,5,72,11,2,10,29,12,36,14,57,65,32,15,16,40,47,41,49,60,51,0,25,18,33,56,64,73,48,61;88;60275
Memetic;11;data/FIS75-0.txt;75;8,4,54,45,68,50,39,30,26,31,34,52,71,13,17,22,19,43,44,70,23,21,20,1,9,27,55,59,74,69,38,37,35,28,7,58,63,67,62,66,42,53,3,24,6,46,5,72,11,2,10,29,12,36,14,57,65,32,15,16,40,47,41,49,60,51,0,25,18,33,56,64,73,48,61;84;60275
Memetic;12;data/FIS75-0.txt;75;62,56,36,12,13,71,37,17,38,64,63,69,50,52,34,27,8,23,26,58,15,55,5,46,32,65,57,14,22,19,51,21,60,74,61,73,48,20,1,10,2,35,47,70,43,59,30,18,67,4,11,49,54,44,53,7,28,33,31,39,41,3,24,6,9,25,29,45,68,0,72,16,40,42,66;85;59090
Memetic;13;data/FIS75-0.txt;75;8,4,54,45,68,50,39,30,26,31,34,52,71,13,17,22,19,43,44,70,23,21,20,1,9,27,55,59,74,69,38,37,35,28,7,58,63,67,62,66,42,53,3,24,6,46,5,72,11,2,10,29,12,36,14,57,65,32,15,16,40,47,41,49,60,51,0,25,18,33,56,64,73,48,61;85;60275
Memetic;14;data/FIS75-0.txt;75;8,4,54,45,68,50,39,30,26,31,34,52,71,13,17,22,19,43,44,70,23,21,20,1,9,27,55,59,74,69,38,37,35,28,7,58,63,67,62,66,42,53,3,24,6,46,5,72,11,2,10,29,12,36,14,57,65,32,15,16,40,47,41,49,60,51,0,25,18,33,56,64,73,48,61;84;60275
Memetic;15;data/FIS75-0.txt;75;36,22,1,29,6,68,13,71,47,73,42,53,21,52,10,67,18,24,37,38,64,48,45,46,7,35,59,55,15,16,40,63,51,30,31,39,61,72,11,54,4,8,27,17,50,69,74,28,26,25,9,23,70,62,66,60,49,14,41,44,57,65,32,58,2,12,0,3,20,5,34,19,43,33,56;84;59713
Memetic;16;data/FIS75-0.txt;75;14,49,36,56,62,66,43,60,4,11,42,68,7,28,33,37,38,59,19,10,67,63,58,15,16,55,74,69,50,46,5,51,0,3,41,44,57,65,35,6,9,32,22,27,34,53,2,52,21,20,1,13,31,39,64,73,45,54,29,30,26,25,18,23,8,24,40,48,47,70,61,72,17,71,12;84;63188
Memetic;17;data/FIS75-0.txt;75;8,4,54,45,68,50,39,30,26,31,34,52,71,13,17,22,19,43,44,70,23,21,20,1,9,27,55,59,74,69,38,37,35,28,7,58,63,67,62,66,42,53,3,24,6,46,5,72,11,2,10,29,12,36,14,57,65,32,15,16,40,47,41,49,60,51,0,25,18,33,56,64,73,48,61;85;60275
Memetic;18;data/FIS75-0.txt;75;8,23,52,74,69,58,27,24,18,16,15,55,67,63,40,53,21,20,3,0,12,48,71,37,68,6,19,59,61,5,42,66,62,56,32,22,36,46,54,49,14,41,39,64,51,70,72,31,43,13,17,33,35,65,57,38,28,44,1,30,29,45,60,73,47,2,9,25,26,4,11,7,50,10,34;85;61237
Memetic;19;data/FIS75-0.txt;75;8,4,54,45,68,50,39,30,26,31,34,52,71,13,17,22,19,43,44,70,23,21,20,1,9,27,55,59,74,69,38,37,35,28,7,58,63,67,62,66,42,53,3,24,6,46,5,72,11,2,10,29,12,36,14,57,65,32,15,16,40,47,41,49,60,51,0,25,18,33,56,64,73,48,61;84;60275
Memetic;20;data/FIS75-0.txt;75;23,21,0,17,72,53,51,19,20,22,36,56,62,66,42,58,7,28,35,37,52,74,69,61,39,30,26,3,24,6,68,50,46,5,55,9,71,65,57,60,29,48,12,14,49,16,15,32,27,34,73,11,4,40,63,67,45,54,13,1,8,41,31,43,44,64,38,59,33,18,25,10,2,47,70;85;60748
Memetic;21;data/FIS75-0.txt;75;0,3,20,48,59,53,46,5,72,70,47,50,17,13,4,11,51,27,58,42,66,62,67,63,40,16,15,32,22,1,29,12,73,64,39,41,30,34,44,36,49,56,54,71,65,24,60,21,10,2,52,7,68,45,9,6,14,57,38,37,35,28,26,23,8,61,69,74,55,25,18,33,31,43,19;84;59638
Memetic;22;data/FIS75-0.txt;75;8,4,54,45,68,50,39,30,26,31,34,52,71,13,17,22,19,43,44,70,23,21,20,1,9,27,55,59,74,69,38,37,35,28,7,58,63,67,62,66,42,53,3,24,6,46,5,72,11,2,10,29,12,36,14,57,65,32,15,16,40,47,41,49,60,51,0,25,18,33,56,64,73,48,61;88;60275
Memetic;23;data/FIS75-0.txt;75;8,23,38,64,63,67,45,19,29,60,74,69,58,7,25,6,68,50,46,36,28,73,11,4,54,5,55,59,61,52,47,35,39,31,17,27,15,51,37,71,9,49,16,53,72,70,48,66,42,10,43,33,56,62,12,13,14,18,24,40,34,44,57,65,26,2,21,0,3,1,20,22,32,41,30;85;61013
Memetic;24;data/FIS75-0.txt;75;44,34,5,20,21,23,70,36,49,64,73,47,55,32,9,2,51,4,54,29,53,22,38,12,65,71,52,37,43,31,33,18,14,6,68,42,40,63,35,48,13,1,30,16,72,11,56,15,58,26,25,59,19,0,8,27,17,50,69,62,66,24,3,41,39,61,74,60,46,7,28,10,67,45,57;84;59876
Memetic;25;data/FIS75-0.txt;75;3,24,6,47,15,51,21,52,2,56,36,12,13,54,29,25,10,1,20,5,72,55,16,49,11,9,71,48,73,64,38,59,30,26,23,39,42,66,62,69,58,27,22,32,65,57,44,0,17,50,18,67,14,19,43,37,68,4,8,41,60,74,61,70,45,35,7,46,34,53,40,63,31,33,28;85;57626
Memetic;26;data/FIS75-0.txt;75;8,23,52,74,69,58,27,24,18,16,15,55,67,63,40,53,21,20,3,0,12,48,71,37,68,6,19,59,61,5,42,66,62,56,32,22,36,46,54,49,14,41,39,64,51,70,72,31,43,13,17,33,35,65,57,38,28,44,1,30,29,45,60,73,47,2,9,25,26,4,11,7,50,10,34;84;61237
Memetic;27;data/FIS75-0.txt;75;8,4,54,45,68,50,39,30,26,31,34,52,71,13,17,22,19,43,44,70,23,21,20,1,9,27,55,59,74,69,38,37,35,28,7,58,63,67,62,66,42,53,3,24,6,46,5,72,11,2,10,29,12,36,14,57,65,32,15,16,40,47,41,49,60,51,0,25,18,33,56,64,73,48,61;85;60275
Memetic;28;data/FIS75-0.txt;75;4,54,6,68,69,74,60,46,36,12,3,20,48,40,63,31,30,26,23,9,25,59,61,39,64,38,47,2,21,0,43,44,57,45,67,10,28,7,50,18,52,37,35,29,1,22,19,51,70,72,53,16,49,14,5,55,15,58,42,66,62,56,33,24,8,17,13,71,65,41,32,27,34,73,11;85;54674
Memetic;29;data/FIS75-0.txt;75;8,4,54,45,68,50,39,30,26,31,34,52,71,13,17,22,19,43,44,70,23,21,20,1,9,27,55,59,74,69,38,37,35,28,7,58,63,67,62,66,42,53,3,24,6,46,5,72,11,2,10,29,12,36,14,57,65,32,15,16,40,47,41,49,60,51,0,25,18,33,56,64,73,48,61;85;60275
Memetic;30;data/FIS75-0.txt;75;2,30,1,28,33,37,71,65,32,22,20,3,12,47,70,23,21,11,9,27,58,63,60,41,57,38,40,16,53,29,54,42,73,64,49,14,46,7,35,45,68,50,52,10,34,36,56,62,67,48,66,24,8,4,26,25,59,19,6,18,15,55,74,69,0,72,44,43,13,17,31,39,61,5,51;85;59968
Memetic;1;data/FIS75-1.txt;75;26,6,68,35,70,72,46,41,45,33,8,36,23,62,61,52,60,15,43,71,56,22,65,58,30,55,9,7,25,21,47,69,31,19,27,16,39,73,18,29,11,74,10,0,66,20,24,40,48,44,51,57,67,42,28,17,38,12,34,5,2,1,13,3,49,50,64,59,37,53,63,54,14,32,4;87;57130
Memetic;2;data/FIS75-1.txt;75;15,43,68,39,11,6,14,12,19,32,54,63,66,20,40,9,16,42,26,46,62,73,47,21,18,2,1,37,59,69,65,35,31,74,61,52,58,29,4,3,49,44,51,55,28,10,0,22,30,25,41,45,17,34,5,57,67,60,70,23,64,7,24,27,50,38,56,71,48,33,8,53,36,13,72;90;57409
Memetic;3;data/FIS75-1.txt;75;0,5,33,52,54,53,8,9,29,64,59,60,47,21,40,44,51,55,32,4,3,61,74,37,66,20,11,6,14,10,28,26,46,49,69,65,19,24,7,62,45,56,27,12,31,16,39,73,17,25,48,71,63,50,38,13,36,23,68,35,70,72,34,43,15,1,2,18,57,67,42,41,58,30,22;85;55864
Memetic;4;data/FIS75-1.txt;75;15,43,68,39,11,6,14,12,19,32,54,63,66,20,40,9,16,42,26,46,62,73,47,21,18,2,1,37,59,69,65,35,31,74,61,52,58,29,4,3,49,44,51,55,28,10,0,22,30,25,41,45,17,34,5,57,67,60,70,23,64,7,24,27,50,38,56,71,48,33,8,53,36,13,72;86;57409
Memetic;5;data/FIS75-1.txt;75;8,9,44,59,64,50,19,31,69,60,20,17,28,26,45,23,36,12,3,51,57,48,33,16,52,6,11,74,27,25,7,10,37,22,65,43,68,39,14,32,4,46,29,49,38,56,71,21,62,1,2,53,30,58,70,41,42,54,67,63,66,0,61,35,72,34,5,47,73,55,40,24,18,15,13;85;60220
Memetic;6;data/FIS75-1.txt;75;73,37,69,31,16,39,17,44,20,66,0,5,47,40,24,34,18,7,33,45,41,2,53,54,63,6,21,8,36,10,74,11,1,13,3,49,61,62,46,26,4,32,19,12,14,9,29,22,35,65,51,55,30,58,52,68,23,57,67,42,28,25,48,71,56,38,27,50,60,59,64,72,70,15,43;85;55511
Memetic;7;data/FIS75-1.txt;75;72,74,37,39,52,40,55,73,47,53,8,54,67,57,23,62,61,16,3,12,32,14,36,20,66,63,19,44,9,15,34,28,42,41,70,58,56,38,13,1,2,25,17,45,26,46,49,69,59,64,7,24,31,27,50,60,51,65,35,29,30,22,0,4,10,5,33,48,43,71,6,11,18,21,68;85;57101
Memetic;8;data/FIS75-1.txt;75;0,4,3,12,8,15,43,73,41,45,17,44,51,57,5,33,52,68,21,25,2,1,32,6,63,7,64,19,65,58,34,18,29,11,39,31,42,67,46,70,60,47,40,9,14,10,28,26,72,74,71,48,23,62,13,36,20,24,56,22,37,53,54,16,27,50,38,59,69,49,66,35,61,30,55;85;62371
Memetic;9;data/FIS75-1.txt;75;5,34,52,33,7,9,40,11,6,63,38,49,3,4,46,29,64,72,28,25,48,73,68,12,27,50,65,35,26,23,53,30,58,70,41,69,31,19,32,74,54,39,37,10,2,18,21,71,43,8,1,15,14,16,66,59,44,45,0,55,51,20,17,42,22,56,24,61,62,13,36,47,60,67,57;85;59789
Memetic;10;data/FIS75-1.txt;75;24,40,47,60,71,6,14,35,13,1,2,16,39,54,63,53,37,0,10,5,11,22,30,41,67,57,56,38,49,3,4,64,65,69,31,45,26,46,29,58,23,62,7,21,8,33,52,61,74,32,19,44,9,59,42,28,17,27,12,36,20,50,70,72,68,66,43,15,18,34,51,55,73,48,25;85;58950
Memetic;11;data/FIS75-1.txt;75;67,57,44,30,32,4,74,11,6,63,54,51,20,46,22,56,71,43,68,21,61,16,14,15,13,1,2,18,73,39,37,10,29,3,49,69,65,23,62,7,9,40,48,33,8,53,36,24,25,28,55,35,66,0,45,41,70,72,26,42,17,38,27,12,31,19,50,64,59,52,58,34,5,47,60;86;54655
Memetic;12;data/FIS75-1.txt;75;15,43,68,39,11,6,14,12,19,32,54,63,66,20,40,9,16,42,26,46,62,73,47,21,18,2,1,37,59,69,65,35,31,74,61,52,58,29,4,3,49,44,51,55,28,10,0,22,30,25,41,45,17,34,5,57,67,60,70,23,64,7,24,27,50,38,56,71,48,33,8,53,36,13,72;85;57409
Memetic;13;data/FIS75-1.txt;75;73,37,69,31,16,39,17,44,20,66,0,5,47,40,24,34,18,7,33,45,41,2,53,54,63,6,21,8,36,10,74,11,1,13,3,49,61,62,46,26,4,32,19,12,14,9,29,22,35,65,51,55,30,58,52,68,23,57,67,42,28,25,48,71,56,38,27,50,60,59,64,72,70,15,43;89;55511
Memetic;14;data/FIS75-1.txt;75;15,43,68,39,11,6,13,36,53,8,33,48,71,56,38,50,27,24,7,64,23,70,60,67,57,5,34,17,45,41,25,28,10,0,22,30,58,52,61,74,31,35,65,69,59,37,1,2,18,21,47,73,62,46,26,42,4,29,55,51,44,49,3,16,9,40,20,66,63,54,32,19,12,14,72;85;58334
Memetic;15;data/FIS75-1.txt;75;8,9,44,59,64,50,19,31,69,60,20,17,28,26,45,23,36,12,3,51,57,48,33,16,52,6,11,74,27,25,7,10,37,22,65,43,68,39,14,32,4,46,29,49,38,56,71,21,62,1,2,53,30,58,70,41,42,54,67,63,66,0,61,35,72,34,5,47,73,55,40,24,18,15,13;85;60220
Memetic;16;data/FIS75-1.txt;75;15,43,68,39,11,6,14,12,19,32,54,63,66,20,40,9,16,42,26,46,62,73,47,21,18,2,1,37,59,69,65,35,31,74,61,52,58,29,4,3,49,44,51,55,28,10,0,22,30,25,41,45,17,34,5,57,67,60,70,23,64,7,24,27,50,38,56,71,48,33,8,53,36,13,72;85;57409
Memetic;17;data/FIS75-1.txt;75;72,74,37,39,52,40,55,73,47,53,8,54,67,57,23,62,61,16,3,12,32,14,36,20,66,63,19,44,9,15,34,28,42,41,70,58,56,38,13,1,2,25,17,45,26,46,49,69,59,64,7,24,31,27,50,60,51,65,35,29,30,22,0,4,10,5,33,48,43,71,6,11,18,21,68;85;57101
Memetic;18;data/FIS75-1.txt;75;25,17,28,55,51,57,67,42,59,38,27,50,64,72,15,13,1,11,6,63,66,20,36,53,2,41,70,60,47,40,45,23,35,16,39,52,65,19,31,69,37,73,43,68,21,62,8,54,74,32,12,14,9,18,34,24,58,29,46,26,7,10,4,3,49,44,30,22,0,5,33,61,56,71,48;85;53679
Memetic;19;data/FIS75-1.txt;75;73,37,69,31,16,39,17,44,20,66,0,5,47,40,24,34,18,7,33,45,41,2,53,54,63,6,21,8,36,10,74,11,1,13,3,49,61,62,46,26,4,32,19,12,14,9,29,22,35,65,51,55,30,58,52,68,23,57,67,42,28,25,48,71,56,38,27,50,60,59,64,72,70,15,43;85;55511
Memetic;20;data/FIS75-1.txt;75;16,3,49,61,62,21,71,43,68,23,57,18,29,9,7,41,42,67,46,72,54,74,32,19,27,15,8,2,1,13,38,17,56,0,45,34,30,22,11,5,4,26,24,40,39,52,65,69,6,35,70,58,73,48,25,12,14,10,37,53,47,60,59,64,50,20,36,44,51,55,31,28,66,63,33;85;57334
Memetic;21;data/FIS75-1.txt;75;15,43,68,39,11,6,14,12,19,32,54,63,66,20,40,9,16,42,26,46,62,73,47,21,18,2,1,37,59,69,65,35,31,74,61,52,58,29,4,3,49,44,51,55,28,10,0,22,30,25,41,45,17,34,5,57,67,60,70,23,64,7,24,27,50,38,56,71,48,33,8,53,36,13,72;85;57409
Memetic;22;data/FIS75-1.txt;75;15,43,68,39,11,6,14,12,19,32,54,63,66,20,40,9,16,3,49,44,51,55,28,10,0,22,30,58,52,61,74,31,35,65,69,59,37,1,2,18,21,47,73,62,46,26,42,4,29,25,41,45,17,34,5,57,67,60,70,23,64,7,24,27,50,38,56,71,48,33,8,53,36,13,72;85;58132
Memetic;23;data/FIS75-1.txt;75;15,43,68,39,11,6,14,12,19,32,54,63,66,20,40,9,16,42,26,46,62,73,47,21,18,2,1,37,59,69,65,35,31,74,61,52,58,29,4,3,49,44,51,55,28,10,0,22,30,25,41,45,17,34,5,57,67,60,70,23,64,7,24,27,50,38,56,71,48,33,8,53,36,13,72;85;57409
Memetic;24;data/FIS75-1.txt;75;15,43,68,39,11,6,14,12,19,32,54,63,66,20,40,9,16,42,26,46,62,73,47,21,18,2,1,37,59,69,65,35,31,74,61,52,58,29,4,3,49,44,51,55,28,10,0,22,30,25,41,45,17,34,5,57,67,60,70,23,64,7,24,27,50,38,56,71,48,33,8,53,36,13,72;85;57409
Memetic;25;data/FIS75-1.txt;75;8,9,44,59,64,50,19,31,69,60,20,17,28,26,45,23,36,12,3,51,57,48,33,16,52,6,11,74,27,25,7,10,37,22,65,43,68,39,14,32,4,46,29,49,38,56,71,21,62,1,2,53,30,58,70,41,42,54,67,63,66,0,61,35,72,34,5,47,73,55,40,24,18,15,13;85;60220
Memetic;26;data/FIS75-1.txt;75;15,43,68,39,11,6,14,12,19,32,54,63,66,20,40,9,16,42,26,46,62,73,47,21,18,2,1,37,59,69,65,35,31,74,61,52,58,29,4,3,49,44,51,55,28,10,0,22,30,25,41,45,17,34,5,57,67,60,70,23,64,7,24,27,50,38,56,71,48,33,8,53,36,13,72;85;57409
Memetic;27;data/FIS75-1.txt;75;15,43,68,39,11,6,14,12,19,32,54,63,66,20,40,9,16,42,26,46,62,73,47,21,18,2,1,37,59,69,65,35,31,74,61,52,58,29,4,3,49,44,51,55,28,10,0,22,30,25,41,45,17,34,5,57,67,60,70,23,64,7,24,27,50,38,56,71,48,33,8,53,36,13,72;87;57409
Memetic;28;data/FIS75-1.txt;75;73,37,69,31,16,39,17,44,20,66,0,5,47,40,24,34,18,7,33,45,41,2,53,54,63,6,21,8,36,10,74,11,1,13,3,49,61,62,46,26,4,32,19,12,14,9,29,22,35,65,51,55,30,58,52,68,23,57,67,42,28,25,48,71,56,38,27,50,60,59,64,72,70,15,43;85;55511
Memetic;29;data/FIS75-1.txt;75;54,63,6,11,74,4,32,30,44,40,9,7,26,23,57,18,17,22,35,25,41,42,67,60,47,36,20,24,31,28,55,51,34,45,0,49,50,64,68,21,61,16,3,46,27,56,58,73,29,72,15,43,65,19,12,5,2,1,13,38,66,59,52,33,8,62,48,71,69,70,10,14,39,37,53;85;61216
Memetic;30;data/FIS75-1.txt;75;73,37,69,31,16,39,17,44,20,66,0,5,47,40,24,34,18,7,33,45,41,2,53,54,63,6,21,8,36,10,74,11,1,13,3,49,61,62,46,26,4,32,19,12,14,9,29,22,35,65,51,55,30,58,52,68,23,57,67,42,28,25,48,71,56,38,27,50,60,59,64,72,70,15,43;85;55511
Memetic;1;data/FIS75-2.txt;75;40,62,70,51,25,22,68,7,0,30,67,72,66,69,35,1,19,32,5,41,23,61,8,12,18,39,36,15,16,6,52,64,63,74,56,29,20,33,27,44,38,71,43,24,13,10,60,17,58,2,53,11,73,65,59,21,42,4,45,46,26,28,47,49,48,31,14,37,57,54,55,9,34,3,50;87;61937
Memetic;2;data/FIS75-2.txt;75;14,16,23,35,69,41,67,30,17,21,2,24,44,5,32,1,19,12,45,47,58,63,40,7,0,26,66,57,51,50,37,38,60,65,59,8,49,3,62,70,18,15,36,53,74,43,73,39,64,13,10,27,29,33,71,61,72,52,6,22,68,31,28,9,55,34,54,25,56,48,11,42,4,46,20;86;54827
Memetic;3;data/FIS75-2.txt;75;7,4,40,27,48,21,17,30,25,47,49,58,65,61,44,50,3,34,71,43,74,53,11,8,32,19,1,9,55,33,67,60,38,6,16,41,68,31,28,26,0,12,54,56,29,20,36,35,69,45,46,73,42,14,24,22,59,52,66,72,64,37,39,18,15,10,13,63,2,62,70,57,51,23,5;86;60518
Memetic;4;data/FIS75-2.txt;75;61,29,20,65,58,47,55,9,69,12,37,8,25,7,21,17,30,24,44,38,60,34,54,43,57,66,51,11,32,5,62,10,63,13,36,53,74,0,56,70,40,52,15,16,4,42,46,73,39,71,33,49,14,31,28,26,48,27,3,18,1,19,45,50,59,22,6,35,68,2,41,23,64,72,67;86;58549
Memetic;5;data/FIS75-2.txt;75;55,49,60,65,52,59,9,58,2,53,72,36,13,31,29,33,71,61,74,63,40,50,5,32,1,19,38,62,25,22,68,35,28,26,17,21,7,54,43,73,39,6,3,46,23,51,66,57,37,8,34,30,67,69,45,12,0,56,27,10,41,18,70,47,4,42,11,64,20,14,16,15,44,24,48;86;56392
Memetic;6;data/FIS75-2.txt;75;9,60,38,37,14,31,28,26,45,69,35,68,22,25,47,58,71,74,43,17,21,48,27,40,13,36,53,72,12,63,10,44,24,54,56,70,62,33,2,7,0,4,16,15,18,39,73,42,64,11,32,1,19,5,41,23,61,8,49,65,20,46,3,34,30,57,66,52,6,29,50,51,59,67,55;86;58633
Memetic;7;data/FIS75-2.txt;75;19,1,23,15,36,35,64,13,10,34,71,68,39,43,21,7,40,24,44,17,60,66,72,52,6,16,14,22,61,63,50,5,54,25,62,70,56,65,37,59,9,55,38,73,46,42,4,45,69,32,8,27,3,11,51,57,74,53,58,47,2,41,49,48,31,28,26,18,12,0,30,67,33,29,20;86;62347
Memetic;8;data/FIS75-2.txt;75;17,21,7,40,8,61,29,30,25,62,70,56,27,10,13,36,53,74,43,73,39,18,15,16,4,58,9,59,50,67,33,11,51,57,66,52,6,22,20,28,31,47,49,69,71,38,37,32,1,19,44,24,54,64,63,72,12,0,26,48,55,68,2,41,45,46,42,14,34,3,5,23,35,60,65;86;61835
Memetic;9;data/FIS75-2.txt;75;49,23,46,20,29,50,40,63,58,47,45,41,5,32,73,65,59,57,39,6,16,43,71,38,60,9,55,34,54,12,19,1,17,30,24,44,15,10,13,27,52,72,66,26,51,25,22,68,35,36,74,53,62,37,14,31,28,3,8,61,67,69,64,11,4,42,18,70,56,0,7,2,33,21,48;86;58069
Memetic;10;data/FIS75-2.txt;75;61,63,50,29,30,24,44,5,19,1,17,6,45,9,60,56,70,62,74,69,32,55,15,33,11,51,26,58,65,20,14,16,12,0,31,10,48,42,73,39,18,38,54,64,72,66,52,27,37,57,53,2,68,41,67,35,47,22,25,4,21,59,23,46,3,28,13,36,34,71,43,40,7,49,8;86;63613
Memetic;11;data/FIS75-2.txt;75;44,5,16,15,18,20,35,69,74,43,73,41,68,39,64,37,59,22,25,54,56,70,62,33,29,31,14,61,71,34,63,2,7,0,49,8,57,66,51,11,3,28,26,58,53,72,46,48,27,52,38,60,65,10,13,23,42,50,36,21,32,12,19,1,17,30,67,55,9,6,45,47,4,40,24;85;58637
Memetic;12;data/FIS75-2.txt;75;48,24,44,5,54,8,61,33,11,4,15,12,18,23,35,58,53,74,57,66,52,6,9,55,38,60,34,3,28,26,17,1,72,67,63,64,37,59,21,32,19,45,50,51,69,46,20,65,73,42,14,31,13,36,39,56,70,62,25,30,0,7,40,43,71,22,68,2,47,49,41,16,29,10,27;86;57554
Memetic;13;data/FIS75-2.txt;75;56,70,18,42,14,16,10,13,24,48,60,65,59,8,49,12,69,45,26,7,0,61,6,68,35,23,34,30,67,50,54,5,32,11,51,66,72,64,52,62,33,29,20,19,1,37,57,74,53,36,9,55,25,63,58,47,31,4,40,27,41,73,46,3,28,15,44,38,71,22,2,21,17,43,39;86;54525
Memetic;14;data/FIS75-2.txt;75;52,6,39,69,35,36,13,54,34,55,48,26,28,9,25,4,40,7,21,17,30,24,44,15,33,67,59,16,14,31,42,73,43,74,53,56,29,27,10,62,70,57,37,49,23,46,18,38,60,65,20,64,11,32,5,50,63,58,47,0,12,3,45,22,68,2,41,8,61,51,71,19,1,72,66;85;58080
Memetic;15;data/FIS75-2.txt;75;13,40,17,44,24,48,27,52,66,57,70,62,25,22,68,41,2,71,64,72,12,19,1,32,5,54,34,55,9,6,38,60,65,20,29,56,59,67,30,0,7,26,51,11,42,4,45,69,35,28,3,46,23,61,8,49,37,50,63,58,47,31,14,33,21,36,53,74,43,73,39,18,15,16,10;86;49989
Memetic;16;data/FIS75-2.txt;75;46,45,12,15,4,11,59,52,66,72,64,54,55,0,49,8,71,61,74,63,40,50,5,62,70,57,37,38,19,1,32,3,34,23,35,58,43,24,2,16,14,20,65,60,17,44,68,53,36,21,7,69,9,6,39,56,48,18,30,67,33,29,31,13,28,26,51,25,22,47,42,27,10,41,73;86;64021
Memetic;17;data/FIS75-2.txt;75;0,12,69,9,61,8,40,7,54,50,29,20,14,19,21,73,46,45,4,47,58,65,37,38,60,17,1,23,64,42,31,35,28,3,6,70,62,41,2,63,67,72,52,59,34,36,15,16,10,13,49,33,71,43,74,53,56,27,48,11,32,5,44,24,30,18,39,57,66,26,51,25,22,68,55;86;59891
Memetic;18;data/FIS75-2.txt;75;44,15,16,12,0,26,23,34,52,65,60,10,27,48,42,67,59,21,4,46,45,6,9,35,20,19,1,17,25,22,71,64,72,66,69,49,41,2,68,53,36,62,56,70,14,51,11,32,5,50,3,28,13,31,47,58,63,40,7,54,8,61,33,29,30,18,39,37,57,74,43,73,38,55,24;86;56196
Memetic;19;data/FIS75-2.txt;75;46,18,42,14,19,20,35,69,67,30,17,1,32,66,57,43,23,26,22,0,4,25,9,55,34,54,5,36,13,10,27,48,24,44,38,60,65,73,21,7,40,29,56,70,62,64,37,39,6,16,41,2,68,31,28,3,50,8,53,72,52,59,51,15,33,11,12,45,47,49,58,71,61,74,63;86;59065
Memetic;20;data/FIS75-2.txt;75;40,52,23,46,20,29,33,67,55,9,26,7,0,30,27,42,73,39,6,45,69,74,53,36,21,32,13,10,16,38,24,43,31,68,22,25,17,1,37,57,66,51,11,4,15,12,54,34,3,28,35,58,65,60,48,49,47,8,41,2,63,61,44,50,5,62,56,70,18,59,14,19,71,64,72;86;61671
Memetic;21;data/FIS75-2.txt;75;0,62,2,63,23,64,39,68,41,67,30,17,1,72,44,50,5,32,73,42,48,21,33,11,51,70,56,27,40,4,31,14,61,29,20,65,49,46,3,6,28,18,38,16,10,13,24,22,47,57,66,52,59,34,54,55,15,25,8,37,12,45,69,35,36,9,60,19,71,43,74,53,58,26,7;85;61865
Memetic;22;data/FIS75-2.txt;75;9,30,27,61,33,2,68,35,28,29,20,19,1,32,5,41,73,46,47,31,13,36,40,43,57,66,26,22,25,7,21,17,60,10,62,56,71,51,23,34,45,69,12,0,49,8,53,74,63,50,3,11,39,24,44,15,18,70,72,64,54,38,52,6,48,4,58,65,37,59,16,14,42,67,55;86;63083
Memetic;23;data/FIS75-2.txt;75;15,25,62,53,74,63,64,54,5,32,11,73,21,7,68,22,0,30,29,33,71,51,23,46,3,34,55,9,6,52,66,57,48,18,41,2,70,56,39,43,24,13,10,16,14,59,50,37,1,19,12,72,67,61,8,49,17,60,38,44,27,40,4,42,20,65,58,47,31,28,26,45,69,35,36;88;55656
Memetic;24;data/FIS75-2.txt;75;65,38,44,24,30,17,1,19,12,45,69,35,68,15,18,70,56,27,10,7,0,26,48,61,67,72,66,57,51,25,8,32,11,64,20,29,28,31,13,36,53,74,63,59,22,54,5,50,3,6,39,37,49,14,16,43,71,34,62,33,55,9,60,40,52,23,41,2,47,46,73,21,42,4,58;86;54787
Memetic;25;data/FIS75-2.txt;75;13,24,14,31,42,73,21,7,40,43,74,53,2,68,22,25,47,49,48,26,12,0,30,67,33,29,28,35,69,36,72,66,52,23,41,5,27,60,65,10,62,56,71,37,59,9,55,34,3,46,20,19,1,17,61,8,58,4,45,50,63,51,11,32,18,15,44,38,54,64,70,57,39,6,16;86;58981
Memetic;26;data/FIS75-2.txt;75;65,25,22,68,41,69,35,6,23,42,64,37,12,45,47,58,63,61,8,49,0,7,40,27,56,4,52,16,59,67,30,17,2,33,21,48,60,10,13,31,14,24,44,38,54,43,74,53,72,50,3,28,26,70,18,15,36,34,55,9,57,66,51,11,32,1,19,5,62,29,71,39,73,46,20;86;61072
Memetic;27;data/FIS75-2.txt;75;49,47,8,40,7,0,74,63,46,26,28,3,11,29,33,62,56,70,72,50,54,25,30,17,1,19,12,69,67,61,44,35,20,18,15,16,5,23,34,71,68,2,41,36,53,51,57,66,52,27,10,13,24,43,58,4,42,37,64,39,73,65,59,22,45,6,9,60,38,55,21,32,14,31,48;85;58783
Memetic;28;data/FIS75-2.txt;75;44,42,73,21,33,11,51,71,56,62,3,22,0,7,26,46,49,53,74,43,54,34,59,50,37,38,60,65,52,27,40,25,9,55,67,35,28,20,14,16,6,45,66,57,39,48,31,4,58,8,61,32,69,36,72,63,64,23,5,19,1,17,30,29,68,41,2,47,70,18,12,15,10,13,24;87;59836
Memetic;29;data/FIS75-2.txt;75;15,31,14,59,57,37,42,4,45,69,27,10,29,2,33,22,71,24,48,21,19,1,32,5,44,17,40,13,36,35,23,26,0,7,54,8,61,9,64,62,70,56,60,34,3,28,66,50,72,53,74,43,73,38,52,6,16,41,68,39,18,12,11,51,63,46,20,65,58,49,47,25,30,67,55;86;60609
Memetic;30;data/FIS75-2.txt;75;26,28,35,67,60,48,21,19,1,17,30,25,62,70,56,27,10,13,24,44,38,54,43,71,33,29,20,14,31,42,73,46,45,50,72,63,40,7,0,47,49,55,9,36,53,74,69,64,37,59,16,6,57,66,32,5,41,68,39,18,12,15,2,22,3,34,23,52,65,61,8,58,4,11,51;86;56187
Memetic;1;data/FIS75-3.txt;75;18,8,28,22,53,63,64,54,60,24,50,2,4,21,59,20,25,67,65,5,0,12,10,48,15,31,66,55,40,7,16,61,49,68,29,3,6,39,36,52,13,38,41,71,72,33,34,26,23,9,74,43,1,19,37,42,58,69,46,17,62,35,70,45,57,32,27,14,11,51,47,73,56,44,30;85;53689
Memetic;2;data/FIS75-3.txt;75;2,50,62,55,66,52,56,13,58,49,68,34,6,3,37,28,57,61,48,59,21,35,36,39,46,69,72,71,38,45,22,53,67,25,20,43,1,23,42,8,15,5,74,17,63,0,40,65,4,10,30,44,70,29,14,11,18,32,7,16,24,60,54,41,12,26,19,64,51,73,47,31,33,27,9;84;61561
Memetic;3;data/FIS75-3.txt;75;35,62,8,16,7,32,14,36,52,57,61,17,11,5,65,67,24,37,68,49,58,42,23,29,3,6,34,33,73,51,64,19,44,4,2,47,28,50,53,22,45,46,30,10,12,0,25,40,55,66,31,15,38,48,69,20,27,13,56,18,72,71,9,39,41,54,60,1,43,74,26,63,21,59,70;84;58202
Memetic;4;data/FIS75-3.txt;75;4,11,9,25,67,53,45,54,58,74,57,43,1,52,62,50,56,44,30,36,71,70,35,49,68,7,16,61,59,55,38,13,26,34,33,27,24,20,17,22,29,47,73,51,18,10,8,0,12,3,37,65,40,5,32,6,41,14,42,21,60,64,63,72,23,39,2,28,31,66,48,69,46,19,15;85;57619
Memetic;5;data/FIS75-3.txt;75;23,5,11,20,17,74,70,29,22,19,1,43,15,48,69,35,34,13,26,51,73,44,59,21,63,47,64,58,27,2,24,60,36,71,72,33,53,16,7,32,40,65,4,38,37,68,49,55,14,41,6,3,46,31,66,18,10,12,0,25,54,50,62,67,52,56,30,45,8,42,61,57,28,39,9;85;50091
Memetic;6;data/FIS75-3.txt;75;6,3,37,25,62,35,70,74,57,43,1,23,9,11,17,30,44,63,64,60,24,16,7,32,42,61,54,14,41,0,12,59,21,71,72,33,50,48,69,20,65,56,13,38,36,52,67,53,22,28,39,26,10,18,51,73,47,2,4,15,8,45,27,58,49,68,29,5,40,55,66,31,46,19,34;85;47796
Memetic;7;data/FIS75-3.txt;75;59,70,60,73,68,48,50,11,9,39,2,24,26,34,57,15,43,74,41,12,19,52,36,38,13,58,64,47,51,40,5,0,25,54,33,67,53,22,28,31,32,42,61,16,7,6,3,49,71,72,69,35,62,1,23,14,27,45,46,30,10,8,18,29,37,65,20,63,17,66,55,56,44,4,21;85;57699
Memetic;8;data/FIS75-3.txt;75;5,32,6,57,61,17,59,12,0,25,62,43,74,9,39,10,73,1,23,14,42,54,41,19,64,45,70,29,22,28,51,18,30,44,63,72,71,36,60,21,4,11,20,50,27,24,2,31,15,38,37,68,49,58,13,56,52,67,53,65,40,7,16,48,69,35,33,34,26,3,46,8,66,55,47;85;57253
Memetic;9;data/FIS75-3.txt;75;14,37,68,58,69,20,17,30,44,63,64,60,24,48,15,43,1,62,26,13,34,19,52,36,71,72,56,65,40,4,2,39,10,45,38,55,59,70,35,25,9,23,53,67,49,18,8,46,51,73,47,29,22,28,57,66,31,3,6,74,5,0,12,41,54,42,61,16,27,33,50,11,21,7,32;85;49170
Memetic;10;data/FIS75-3.txt;75;59,70,40,55,74,33,50,11,21,7,32,14,42,61,1,43,17,46,8,18,30,44,73,56,65,4,2,27,45,22,28,23,63,72,71,19,48,68,49,66,10,39,0,41,54,58,69,20,57,6,3,29,5,60,64,47,51,26,13,34,35,24,16,9,25,62,52,36,15,31,37,67,53,38,12;85;55230
Memetic;11;data/FIS75-3.txt;75;50,20,17,22,28,31,66,49,68,37,3,6,41,71,72,69,10,25,35,70,43,62,1,19,46,45,24,9,23,63,58,74,57,15,48,29,54,61,59,55,40,30,18,11,5,0,12,38,36,52,67,65,4,2,39,8,47,64,51,73,44,60,21,56,13,26,34,33,53,16,7,32,14,42,27;85;53078
Memetic;12;data/FIS75-3.txt;75;66,55,50,54,25,10,30,44,56,48,73,60,70,53,41,33,29,22,28,57,61,16,7,6,3,37,24,45,35,69,58,11,5,40,19,46,51,47,64,63,0,32,14,72,23,34,13,27,2,4,15,36,52,67,65,20,38,12,71,17,74,9,18,8,42,21,59,39,68,49,26,43,1,62,31;85;56308
Memetic;13;data/FIS75-3.txt;75;24,18,8,46,3,43,15,52,62,50,2,28,22,29,70,59,23,11,58,49,55,40,7,21,4,63,17,74,5,60,37,68,71,72,19,56,13,38,36,39,44,30,9,25,10,57,66,31,27,16,48,73,51,64,47,26,12,0,41,14,54,42,61,1,32,6,34,33,35,69,20,65,53,67,45;85;52335
Memetic;14;data/FIS75-3.txt;75;70,35,49,10,59,17,60,21,71,72,55,40,0,12,3,46,45,27,42,23,9,25,67,29,68,65,33,50,48,73,51,26,41,7,16,53,63,24,54,14,15,4,2,39,8,62,69,20,58,13,38,36,47,74,44,66,31,28,22,43,1,61,57,52,56,30,18,11,5,32,6,34,19,64,37;85;57434
Memetic;15;data/FIS75-3.txt;75;55,40,32,7,16,14,21,59,12,38,13,56,20,65,5,0,63,72,23,48,19,17,61,42,8,10,18,29,37,67,53,22,45,46,47,64,51,73,44,30,36,52,15,43,1,62,35,69,58,27,50,11,9,39,28,2,4,6,41,54,60,24,26,34,33,71,70,74,57,66,31,3,25,68,49;85;55768
Memetic;16;data/FIS75-3.txt;75;2,4,21,60,1,43,22,28,23,39,5,32,6,57,45,67,53,65,40,55,74,17,46,31,66,18,10,13,34,30,56,52,68,37,19,12,0,41,71,72,69,35,62,26,54,14,29,70,59,20,38,15,36,44,63,47,64,58,11,49,25,61,42,24,27,51,73,48,16,9,7,8,3,33,50;84;59310
Memetic;17;data/FIS75-3.txt;75;21,42,20,69,48,38,17,11,9,23,14,55,66,31,46,19,8,15,5,0,12,59,39,36,26,13,52,33,74,70,29,3,6,37,25,62,67,53,65,40,32,18,30,56,72,71,41,50,28,22,44,63,47,73,51,64,7,16,24,45,35,34,68,49,58,27,2,4,10,57,61,54,43,1,60;85;52537
Memetic;18;data/FIS75-3.txt;75;29,70,59,12,19,37,22,53,67,45,43,11,5,15,52,36,30,46,51,73,44,57,10,27,9,23,1,62,8,18,0,25,40,55,66,31,3,6,34,33,35,24,26,39,28,50,41,54,74,17,63,4,2,47,64,60,38,13,58,69,20,65,56,72,71,21,42,14,32,7,16,48,61,49,68;86;48906
Memetic;19;data/FIS75-3.txt;75;33,50,22,28,39,26,47,64,51,73,44,60,35,49,68,29,70,59,17,74,9,23,5,15,11,58,54,41,19,46,31,66,55,40,25,0,12,3,37,24,63,53,38,18,8,62,1,43,57,61,48,16,7,32,14,42,27,45,67,65,20,69,10,13,52,36,30,56,72,71,21,4,2,6,34;85;48407
Memetic;20;data/FIS75-3.txt;75;10,57,20,65,53,67,33,3,6,59,21,12,0,41,1,60,73,71,19,56,13,38,37,24,45,27,42,8,18,72,52,69,35,34,26,23,9,11,46,51,47,64,58,54,43,32,7,16,48,68,49,61,25,62,63,74,70,29,5,40,55,66,31,28,22,36,39,44,30,17,14,15,4,2,50;87;54368
Memetic;21;data/FIS75-3.txt;75;37,18,51,73,48,16,27,33,74,43,59,39,36,22,28,0,12,10,40,65,53,67,62,50,20,17,30,72,52,56,13,38,21,60,54,61,1,19,46,69,58,11,5,23,9,25,35,34,57,6,7,32,42,44,63,64,47,26,24,45,31,66,55,14,41,3,49,68,29,70,71,2,4,15,8;85;57806
Memetic;22;data/FIS75-3.txt;75;9,25,27,50,11,12,0,41,54,61,42,26,3,37,24,45,53,23,39,5,65,40,32,7,16,48,29,68,49,47,2,4,6,34,33,35,70,59,55,14,21,28,22,36,71,67,52,31,46,15,43,1,62,74,57,66,8,10,18,51,73,44,60,38,17,20,69,58,13,56,19,64,63,72,30;85;55823
Memetic;23;data/FIS75-3.txt;75;73,48,50,11,9,16,53,67,37,19,22,45,27,42,26,39,2,4,15,8,62,1,43,17,61,25,69,58,54,14,32,7,6,34,33,35,60,64,63,59,55,40,65,20,74,47,24,28,21,12,0,5,23,57,10,13,38,30,44,56,52,72,71,36,70,29,68,49,66,31,46,3,41,18,51;85;49951
Memetic;24;data/FIS75-3.txt;75;10,4,2,15,8,46,18,51,40,25,0,12,3,31,11,50,33,29,22,28,39,26,23,9,65,20,57,61,1,43,17,66,44,60,24,37,19,34,6,32,5,74,70,71,21,59,73,48,16,7,68,49,55,14,72,63,64,47,58,27,45,35,69,62,52,56,13,38,53,67,42,54,41,36,30;84;57984
Memetic;25;data/FIS75-3.txt;75;71,36,70,35,62,8,18,29,47,64,51,73,44,57,32,39,9,23,26,34,55,66,31,3,6,7,40,19,46,45,24,28,22,43,1,15,14,54,61,42,37,38,53,67,52,56,30,10,13,25,16,27,33,41,74,63,21,60,17,59,12,0,5,11,58,49,68,48,50,2,4,65,20,69,72;85;49742
Memetic;26;data/FIS75-3.txt;75;23,72,71,49,61,42,8,62,1,43,17,74,9,39,28,50,41,54,64,60,5,29,70,59,55,38,13,56,73,44,30,10,12,0,40,65,20,57,6,7,32,14,45,35,69,58,68,34,26,3,37,53,67,25,63,24,48,16,27,33,31,66,18,21,4,2,15,19,22,36,52,47,51,46,11;86;55572
Memetic;27;data/FIS75-3.txt;75;68,37,19,22,29,70,59,62,56,50,71,72,33,34,26,13,38,21,60,15,32,7,16,45,30,54,61,42,8,63,4,2,31,52,36,35,25,0,12,10,40,55,66,17,20,24,47,64,58,27,14,23,1,43,74,9,39,28,57,44,67,53,65,5,11,46,69,48,73,51,18,41,6,3,49;86;56788
Memetic;28;data/FIS75-3.txt;75;66,57,32,27,16,7,40,19,52,58,69,35,34,13,25,67,53,23,9,11,18,30,44,56,72,71,50,33,74,47,63,21,42,8,62,39,68,49,55,15,43,1,61,54,14,41,6,2,4,65,48,73,51,26,24,45,46,3,12,0,5,60,36,64,20,17,38,37,31,28,22,29,70,59,10;86;53665
Memetic;29;data/FIS75-3.txt;75;27,14,21,59,39,36,52,67,53,16,9,11,38,55,49,68,48,66,31,46,17,62,40,65,37,3,26,34,35,69,58,19,41,71,70,74,57,15,50,2,4,6,7,47,30,72,63,23,29,5,32,42,61,54,43,1,13,56,20,64,51,73,44,60,24,28,8,25,0,12,10,18,33,22,45;85;56438
Memetic;30;data/FIS75-3.txt;75;4,63,21,59,12,8,10,60,54,41,19,52,36,30,56,48,73,68,66,31,46,11,5,67,15,43,1,23,26,47,64,58,27,24,18,0,25,62,40,65,20,39,9,74,70,44,57,28,51,13,38,37,42,61,17,29,3,6,34,35,69,72,71,49,55,14,32,7,16,53,45,22,33,50,2;85;51658
Memetic;1;data/FIS75-4.txt;75;39,68,28,63,19,37,18,29,45,47,58,0,2,21,4,71,41,3,46,49,52,6,74,8,22,67,34,69,55,62,25,7,14,1,35,53,70,50,9,11,24,33,72,42,44,36,16,57,60,66,73,54,65,48,23,30,31,43,64,38,17,12,26,51,61,32,56,20,27,13,15,59,10,5,40;86;60731
Memetic;2;data/FIS75-4.txt;75;14,1,8,22,49,65,48,50,37,18,20,0,59,12,41,35,69,11,21,67,71,68,64,44,36,33,24,23,28,15,13,70,5,10,27,53,51,26,6,52,40,63,74,9,19,29,45,30,58,57,17,47,4,62,25,2,34,60,61,73,54,39,38,31,43,56,72,66,16,55,3,46,32,42,7;86;56983
Memetic;3;data/FIS75-4.txt;75;3,61,7,64,43,31,17,8,12,22,60,2,26,34,45,47,32,21,27,4,38,50,48,65,73,54,39,30,19,9,74,16,25,13,70,53,35,1,20,0,15,59,14,52,6,42,40,63,51,69,55,5,10,44,56,67,71,68,49,46,18,29,37,11,62,66,57,58,36,28,23,24,33,72,41;85;59122
Memetic;4;data/FIS75-4.txt;75;50,49,46,22,12,8,1,14,9,74,47,66,38,35,51,63,40,5,10,59,15,13,70,6,42,2,26,0,58,56,67,21,4,71,68,61,60,57,7,24,34,45,53,27,64,43,65,54,73,48,31,20,37,25,62,17,52,69,55,32,23,28,36,30,39,33,72,41,3,11,16,29,18,44,19;85;59584
Memetic;5;data/FIS75-4.txt;75;73,61,60,29,19,22,13,15,28,51,63,17,12,41,50,64,66,52,69,57,7,38,4,21,70,35,45,3,54,53,58,30,46,0,26,6,27,20,31,74,47,72,8,1,14,59,49,65,48,62,42,44,40,36,33,24,23,32,55,68,71,67,56,43,10,39,2,25,37,18,16,11,5,34,9;85;55626
Memetic;6;data/FIS75-4.txt;75;5,10,26,51,61,65,14,52,4,27,20,31,38,39,47,1,15,0,62,12,70,13,33,66,73,48,69,11,21,46,32,19,9,25,37,50,49,22,36,40,63,55,68,71,67,64,44,18,24,17,57,53,54,3,41,72,8,7,16,29,43,56,58,30,23,28,74,6,42,2,60,59,35,45,34;86;60558
Memetic;7;data/FIS75-4.txt;75;48,72,8,30,31,43,54,39,38,35,1,4,71,68,63,17,46,9,33,36,40,65,56,67,21,11,37,25,13,15,69,24,27,53,45,59,10,28,3,41,50,49,47,22,6,51,23,74,20,55,5,34,12,70,18,29,52,19,44,14,58,57,60,2,26,0,62,16,66,64,7,42,32,61,73;85;63100
Memetic;8;data/FIS75-4.txt;75;60,61,73,48,50,19,37,18,33,9,74,28,23,24,27,26,51,71,69,12,34,5,10,59,72,66,38,45,3,41,35,53,70,13,15,65,14,44,56,58,11,42,1,52,31,20,67,22,6,25,36,40,63,68,49,46,17,54,55,62,4,0,2,21,32,47,39,30,8,7,64,43,57,16,29;86;65128
Memetic;9;data/FIS75-4.txt;75;57,35,27,6,26,21,32,55,69,34,44,28,15,13,17,24,23,14,39,25,62,4,11,2,5,1,8,72,51,60,12,59,10,38,22,47,74,40,36,7,64,67,71,68,63,58,0,20,31,43,56,48,30,46,18,33,9,19,16,29,37,53,45,61,73,54,3,41,50,70,52,66,49,65,42;86;60550
Memetic;10;data/FIS75-4.txt;75;60,17,56,10,39,2,26,0,46,3,58,53,57,19,44,18,16,7,14,6,27,35,45,29,37,33,66,73,54,65,48,62,25,13,15,59,9,5,11,21,34,61,68,71,67,20,31,43,64,38,28,36,40,63,51,4,47,1,42,74,30,23,32,55,69,52,49,50,41,12,70,24,72,8,22;85;54673
Memetic;11;data/FIS75-4.txt;75;13,7,4,1,33,36,40,63,74,14,52,6,26,29,45,30,58,41,72,8,22,49,50,27,24,23,32,37,48,65,51,61,73,9,19,70,71,67,56,20,31,64,43,53,35,5,10,59,15,46,3,28,38,66,62,42,44,18,16,12,60,57,17,47,11,21,34,68,0,2,39,54,55,69,25;86;60257
Memetic;12;data/FIS75-4.txt;75;34,45,35,53,58,30,46,3,41,20,56,48,37,29,18,44,42,62,55,32,19,9,72,24,17,8,1,65,23,74,14,52,4,47,7,64,43,31,38,66,73,61,51,28,15,13,25,16,57,60,39,40,36,33,27,6,22,67,71,68,63,21,2,11,69,12,59,10,5,70,50,54,49,0,26;86;56895
Memetic;13;data/FIS75-4.txt;75;1,47,58,53,57,19,9,50,70,71,51,60,12,59,10,38,66,72,56,44,40,36,28,23,30,31,43,64,15,13,17,25,37,48,65,49,68,63,21,11,3,41,5,55,20,67,22,62,0,26,2,46,32,74,69,35,45,29,18,16,7,8,27,24,34,61,73,54,39,14,33,4,52,6,42;86;58377
Memetic;14;data/FIS75-4.txt;75;28,15,13,70,12,59,10,36,9,5,55,11,69,20,71,4,6,21,37,22,49,40,63,51,26,34,45,35,53,43,56,67,72,65,48,50,41,3,17,31,73,61,60,29,52,27,24,23,30,58,57,64,38,54,19,44,14,74,47,68,0,2,42,32,46,18,39,16,25,7,8,1,33,66,62;86;59030
Memetic;15;data/FIS75-4.txt;75;11,9,19,57,25,62,41,50,70,72,59,45,53,37,29,18,48,65,49,68,63,17,52,4,21,2,0,71,34,67,20,27,8,7,13,43,64,3,46,30,58,56,44,40,26,10,5,55,16,66,73,54,39,38,28,12,31,74,47,60,36,14,1,42,32,61,51,6,22,15,69,35,33,24,23;86;59941
Memetic;16;data/FIS75-4.txt;75;9,73,52,49,50,41,20,74,47,4,62,25,57,19,44,14,70,24,69,12,7,8,1,35,53,51,27,6,22,10,56,58,30,23,32,55,45,61,65,48,37,18,29,16,11,5,34,26,0,2,21,67,71,68,63,40,42,36,28,15,13,17,31,43,64,38,54,3,46,39,60,59,72,66,33;85;55741
Memetic;17;data/FIS75-4.txt;75;34,69,55,62,42,36,28,15,0,33,66,39,68,71,67,20,31,38,35,1,14,7,64,27,53,45,59,10,11,5,65,13,70,12,17,24,72,8,49,43,18,29,37,44,56,48,50,41,16,25,6,22,47,58,30,23,32,46,3,54,73,61,51,26,2,60,57,19,9,74,63,40,52,4,21;86;58790
Memetic;18;data/FIS75-4.txt;75;55,20,67,27,53,45,58,57,24,23,12,17,8,1,35,69,25,13,15,28,38,39,59,72,66,60,2,37,29,18,70,6,26,0,30,31,33,36,44,56,73,54,65,48,62,42,50,41,34,21,11,9,19,32,61,68,71,51,63,40,52,49,46,16,7,4,3,64,14,74,47,22,43,10,5;86;58818
Memetic;19;data/FIS75-4.txt;75;44,36,14,23,24,72,9,19,39,33,65,49,46,3,54,53,58,45,29,37,67,56,43,18,20,1,42,40,63,64,66,57,17,47,4,52,69,55,5,11,21,32,61,51,60,12,59,10,22,8,30,0,2,25,68,34,26,6,27,35,38,62,48,73,31,28,15,13,7,16,41,50,70,71,74;86;57221
Memetic;20;data/FIS75-4.txt;75;32,21,11,9,74,47,68,39,14,7,25,62,70,71,67,20,31,64,43,10,59,72,66,38,35,27,6,5,34,45,18,29,52,4,15,13,17,24,33,36,44,56,51,61,73,54,3,46,0,26,2,60,57,58,30,19,22,8,1,42,40,63,55,69,12,28,23,48,65,49,50,41,16,53,37;86;56370
Memetic;21;data/FIS75-4.txt;75;14,40,5,56,6,67,22,8,72,24,69,11,21,47,39,38,35,27,34,41,50,70,71,51,28,12,43,10,59,15,13,17,31,42,19,37,18,29,45,61,62,63,68,55,54,3,46,0,26,2,60,7,64,66,49,65,1,20,9,25,16,57,53,58,30,23,32,44,74,73,48,36,33,4,52;86;65227
Memetic;22;data/FIS75-4.txt;75;53,45,34,5,10,15,28,38,39,67,71,68,63,40,36,25,2,42,6,70,24,62,4,27,20,56,44,18,33,0,26,37,31,74,47,22,43,13,7,16,41,50,48,65,51,72,9,19,32,46,21,11,69,55,3,64,66,57,58,30,23,12,17,54,73,61,60,29,59,14,52,49,8,1,35;86;59627
Memetic;23;data/FIS75-4.txt;75;22,47,74,32,42,19,14,1,8,7,25,16,41,50,9,31,20,70,12,62,0,68,63,40,36,33,24,27,51,71,61,72,66,73,54,65,48,30,23,28,60,2,26,29,35,38,39,44,53,45,59,10,18,4,6,5,11,21,67,34,69,55,3,46,49,52,64,57,58,56,43,15,13,17,37;89;59644
Memetic;24;data/FIS75-4.txt;75;21,63,30,46,3,42,2,0,58,53,54,13,15,28,38,39,68,73,66,67,56,43,31,12,29,45,35,69,55,5,11,37,19,9,72,47,74,14,1,4,7,64,27,6,17,20,18,44,34,52,50,70,71,48,62,25,40,65,49,59,10,22,8,26,51,61,32,23,24,33,36,60,57,16,41;85;60038
Memetic;25;data/FIS75-4.txt;75;11,21,46,49,50,41,3,54,7,64,57,60,66,73,63,14,62,4,52,17,53,45,70,12,26,10,5,55,59,48,23,28,68,32,74,71,67,37,29,16,25,9,19,30,31,38,35,69,15,0,2,39,40,36,33,13,43,22,47,58,56,20,27,8,72,51,6,42,1,65,61,34,44,18,24;85;66076
Memetic;26;data/FIS75-4.txt;75;1,8,17,21,34,22,49,65,5,10,26,51,63,40,52,27,24,69,12,59,72,66,67,20,55,16,57,36,73,48,62,38,54,7,64,43,31,28,15,13,0,2,42,11,74,47,45,3,41,35,53,70,50,9,33,18,44,56,58,30,23,32,46,39,60,61,68,71,4,6,25,37,29,19,14;85;59179
Memetic;27;data/FIS75-4.txt;75;16,41,20,67,56,65,22,60,9,72,66,57,58,45,53,35,33,24,27,15,13,7,8,17,38,64,43,31,30,14,1,42,6,51,61,73,54,3,46,49,68,71,48,50,10,62,4,47,74,32,23,28,44,34,21,11,37,29,26,0,59,12,70,18,39,2,25,5,40,63,55,69,52,19,36;85;59242
Memetic;28;data/FIS75-4.txt;75;14,1,8,22,49,65,48,50,37,18,20,0,59,12,41,35,69,11,21,67,71,68,64,44,36,33,24,23,28,15,13,70,5,10,27,53,51,26,6,52,40,63,74,9,19,29,45,30,58,57,17,47,4,62,25,2,34,60,61,73,54,39,38,31,43,56,72,66,16,55,3,46,32,42,7;86;56983
Memetic;29;data/FIS75-4.txt;75;0,68,25,9,19,52,49,46,39,38,31,28,23,32,55,69,11,22,6,27,51,63,42,44,40,36,33,24,17,12,70,18,29,37,48,65,54,73,61,34,26,30,14,5,62,4,47,1,8,7,16,53,45,2,60,74,71,67,21,43,13,15,59,10,50,64,3,41,35,58,57,66,72,56,20;85;59720
Memetic;30;data/FIS75-4.txt;75;14,1,8,22,49,65,48,50,37,18,20,0,59,12,41,35,69,11,21,67,71,68,64,44,36,33,24,23,28,15,13,70,5,10,27,53,51,26,6,52,40,63,74,9,19,29,45,30,58,57,17,47,4,62,25,2,34,60,61,73,54,39,38,31,43,56,72,66,16,55,3,46,32,42,7;85;56983
Memetic;1;data/FIS100-0.txt;100;99,50,41,24,4,54,73,94,89,71,44,97,39,20,18,9,69,98,36,26,35,27,55,72,96,75,49,60,19,15,17,10,46,68,95,34,63,21,51,6,22,16,31,52,86,91,92,88,87,61,28,1,3,53,7,65,25,56,32,83,84,11,67,58,2,5,45,38,90,14,37,47,48,80,29,43,8,78,12,70,0,13,40,82,77,81,59,57,30,42,62,76,66,79,23,33,64,74,85,93;179;73170
Memetic;2;data/FIS100-0.txt;100;0,9,19,43,29,77,51,6,22,54,56,40,13,27,55,47,82,41,39,28,61,63,33,53,16,31,35,58,90,62,83,5,2,42,80,75,79,72,44,64,8,88,81,85,57,4,30,34,49,52,59,87,86,68,65,25,74,38,96,97,7,3,1,15,14,48,93,20,12,78,24,60,37,66,50,76,98,46,26,17,10,21,45,32,95,94,18,84,11,67,89,92,71,70,23,36,73,69,91,99;175;69333
Memetic;3;data/FIS100-0.txt;100;0,9,19,43,29,77,51,6,22,54,56,40,13,27,55,47,82,41,39,28,61,63,33,53,16,31,35,58,90,62,83,5,2,42,80,75,79,72,44,64,8,88,81,85,57,4,30,34,49,52,59,87,86,68,65,25,74,38,96,97,7,3,1,15,14,48,93,20,12,78,24,60,37,66,50,76,98,46,26,17,10,21,45,32,95,94,18,84,11,67,89,92,71,70,23,36,73,69,91,99;176;69333
Memetic;4;data/FIS100-0.txt;100;1,11,92,59,35,54,4,30,60,37,81,77,68,46,19,84,95,94,47,55,74,49,8,67,83,80,53,16,31,21,63,34,76,62,33,6,58,90,96,97,15,17,10,65,23,93,48,82,40,78,12,91,57,72,44,22,26,20,3,13,51,41,38,29,75,61,87,88,89,71,70,69,18,9,27,25,56,32,66,50,99,79,86,52,85,0,5,43,42,14,39,2,7,24,45,36,73,98,64,28;175;77504
Memetic;5;data/FIS100-0.txt;100;1,15,60,28,94,31,16,17,26,22,74,25,75,54,48,47,46,45,21,32,66,34,0,69,91,71,92,93,14,67,8,64,97,65,33,23,36,49,52,79,53,39,2,5,18,35,61,58,70,83,96,95,84,87,10,20,7,68,38,80,88,81,37,6,51,56,85,42,30,4,73,98,63,62,12,78,89,90,11,59,9,29,40,82,77,76,43,19,3,57,44,72,86,27,13,99,55,50,41,24;175;80772
Memetic;6;data/FIS100-0.txt;100;0,9,19,43,29,77,51,6,22,54,56,40,13,27,55,47,82,41,39,28,61,63,33,53,16,31,35,58,90,62,83,5,2,42,80,75,79,72,44,64,8,88,81,85,57,4,30,34,49,52,59,87,86,68,65,25,74,38,96,97,7,3,1,15,14,48,93,20,12,78,24,60,37,66,50,76,98,46,26,17,10,21,45,32,95,94,18,84,11,67,89,92,71,70,23,36,73,69,91,99;200;69333
Memetic;7;data/FIS100-0.txt;100;0,9,19,43,29,77,51,6,22,54,56,40,13,27,55,47,82,41,39,28,61,63,33,53,16,31,35,58,90,62,83,5,2,42,80,75,79,72,44,64,8,88,81,85,57,4,30,34,49,52,59,87,86,68,65,25,74,38,96,97,7,3,1,15,14,48,93,20,12,78,24,60,37,66,50,76,98,46,26,17,10,21,45,32,95,94,18,84,11,67,89,92,71,70,23,36,73,69,91,99;178;69333
Memetic;8;data/FIS100-0.txt;100;0,9,19,43,29,77,51,6,22,54,56,40,13,27,55,47,82,41,39,28,61,63,33,53,16,31,35,58,90,62,83,5,2,42,80,75,79,72,44,64,8,88,81,85,57,4,30,34,49,52,59,87,86,68,65,25,74,38,96,97,7,3,1,15,14,48,93,20,12,78,24,60,37,66,50,76,98,46,26,17,10,21,45,32,95,94,18,84,11,67,89,92,71,70,23,36,73,69,91,99;177;69333
Memetic;9;data/FIS100-0.txt;100;96,46,51,24,19,3,84,75,73,54,4,30,42,61,28,85,56,14,80,72,44,66,47,82,95,25,71,12,91,34,98,76,94,31,63,9,18,20,68,39,77,27,53,16,17,10,23,79,59,87,86,45,62,35,70,43,74,58,92,55,83,38,29,36,26,5,2,6,60,37,90,57,52,41,7,65,69,99,81,88,78,8,49,48,93,22,40,1,89,64,33,50,21,32,0,13,11,67,15,97;176;74984
Memetic;10;data/FIS100-0.txt;100;0,9,19,43,29,77,51,6,22,54,56,40,13,27,55,47,82,41,39,28,61,63,33,53,16,31,35,58,90,62,83,5,2,42,80,75,79,72,44,64,8,88,81,85,57,4,30,34,49,52,59,87,86,68,65,25,74,38,96,97,7,3,1,15,14,48,93,20,12,78,24,60,37,66,50,76,98,46,26,17,10,21,45,32,95,94,18,84,11,67,89,92,71,70,23,36,73,69,91,99;175;69333
Memetic;11;data/FIS100-0.txt;100;0,9,19,43,29,77,51,6,22,54,56,40,13,27,55,47,82,41,39,28,61,63,33,53,16,31,35,58,90,62,83,5,2,42,80,75,79,72,44,64,8,88,81,85,57,4,30,34,49,52,59,87,86,68,65,25,74,38,96,97,7,3,1,15,14,48,93,20,12,78,24,60,37,66,50,76,98,46,26,17,10,21,45,32,95,94,18,84,11,67,89,92,71,70,23,36,73,69,91,99;175;69333
Memetic;12;data/FIS100-0.txt;100;0,9,19,43,29,77,51,6,22,54,56,40,13,27,55,47,82,41,39,28,61,63,33,53,16,31,35,58,90,62,83,5,2,42,80,75,79,72,44,64,8,88,81,85,57,4,30,34,49,52,59,87,86,68,65,25,74,38,96,97,7,3,1,15,14,48,93,20,12,78,24,60,37,66,50,76,98,46,26,17,10,21,45,32,95,94,18,84,11,67,89,92,71,70,23,36,73,69,91,99;180;69333
Memetic;13;data/FIS100-0.txt;100;99,0,22,86,79,90,58,2,7,97,41,24,19,15,1,3,84,32,51,6,21,4,27,5,83,37,64,28,60,38,96,75,31,16,53,80,72,59,11,92,61,88,57,52,56,40,29,36,26,17,30,42,43,49,74,70,77,39,89,81,93,48,20,12,62,45,85,46,87,95,94,73,54,50,35,33,23,10,65,34,66,44,71,91,69,14,25,8,9,18,47,55,63,82,98,78,68,67,13,76;174;74039
Memetic;14;data/FIS100-0.txt;100;8,25,44,66,34,58,9,18,69,88,63,72,20,62,11,39,31,94,95,84,2,7,65,57,52,26,5,0,32,83,43,97,96,90,70,35,53,80,37,81,77,6,33,28,61,42,74,16,17,79,59,92,60,71,47,30,4,99,55,91,15,1,51,56,54,67,68,85,23,10,46,87,86,22,12,19,24,45,41,50,76,98,21,27,13,38,73,40,82,3,36,29,75,49,93,48,14,78,89,64;175;74020
Memetic;15;data/FIS100-0.txt;100;0,9,19,43,29,77,51,6,22,54,56,40,13,27,55,47,82,41,39,28,61,63,33,53,16,31,35,58,90,62,83,5,2,42,80,75,79,72,44,64,8,88,81,85,57,4,30,34,49,52,59,87,86,68,65,25,74,38,96,97,7,3,1,15,14,48,93,20,12,78,24,60,37,66,50,76,98,46,26,17,10,21,45,32,95,94,18,84,11,67,89,92,71,70,23,36,73,69,91,99;175;69333
Memetic;16;data/FIS100-0.txt;100;0,9,19,43,29,77,51,6,22,54,56,40,13,27,55,47,82,41,39,28,61,63,33,53,16,31,35,58,90,62,83,5,2,42,80,75,79,72,44,64,8,88,81,85,57,4,30,34,49,52,59,87,86,68,65,25,74,38,96,97,7,3,1,15,14,48,93,20,12,78,24,60,37,66,50,76,98,46,26,17,10,21,45,32,95,94,18,84,11,67,89,92,71,70,23,36,73,69,91,99;175;69333
Memetic;17;data/FIS100-0.txt;100;99,50,41,24,4,54,73,94,89,71,44,97,39,20,18,9,69,98,36,26,35,27,55,72,96,75,49,60,19,15,17,10,46,68,95,34,63,21,51,6,22,16,31,52,86,91,92,88,87,61,28,1,3,53,7,65,25,56,32,83,84,11,67,58,2,5,45,38,90,14,37,47,48,80,29,43,8,78,12,70,0,13,40,82,77,81,59,57,30,42,62,76,66,79,23,33,64,74,85,93;175;73170
Memetic;18;data/FIS100-0.txt;100;0,9,19,43,29,77,51,6,22,54,56,40,13,27,55,47,82,41,39,28,61,63,33,53,16,31,35,58,90,62,83,5,2,42,80,75,79,72,44,64,8,88,81,85,57,4,30,34,49,52,59,87,86,68,65,25,74,38,96,97,7,3,1,15,14,48,93,20,12,78,24,60,37,66,50,76,98,46,26,17,10,21,45,32,95,94,18,84,11,67,89,92,71,70,23,36,73,69,91,99;180;69333
Memetic;19;data/FIS100-0.txt;100;0,9,19,43,29,77,51,6,22,54,56,40,13,27,55,47,82,41,39,28,61,63,33,53,16,31,35,58,90,62,83,5,2,42,80,75,79,72,44,67,11,84,18,94,95,32,45,21,10,17,26,46,98,76,50,66,37,60,24,78,12,20,93,48,14,15,1,3,7,97,96,38,74,25,65,68,86,87,59,52,49,34,30,4,57,85,81,88,8,64,89,92,71,70,23,36,73,69,91,99;175;69831
Memetic;20;data/FIS100-0.txt;100;0,9,19,43,29,77,51,6,22,54,56,40,13,27,55,47,82,41,39,28,61,63,33,53,16,31,35,58,90,62,83,5,2,42,80,75,79,72,44,64,8,88,81,85,57,4,30,34,49,52,59,87,86,68,65,25,74,38,96,97,7,3,1,15,14,48,93,20,12,78,24,60,37,66,50,76,98,46,26,17,10,21,45,32,95,94,18,84,11,67,89,92,71,70,23,36,73,69,91,99;175;69333
Memetic;21;data/FIS100-0.txt;100;0,9,19,43,29,77,51,6,22,54,56,40,13,27,55,47,82,41,39,28,61,63,33,53,16,31,35,58,90,62,83,5,2,42,80,75,79,72,44,64,8,88,81,85,57,4,30,34,49,52,59,87,86,68,65,25,74,38,96,97,7,3,1,15,14,48,93,20,12,78,24,60,37,66,50,76,98,46,26,17,10,21,45,32,95,94,18,84,11,67,89,92,71,70,23,36,73,69,91,99;175;69333
Memetic;22;data/FIS100-0.txt;100;0,9,19,43,29,77,51,6,22,54,56,40,13,27,55,47,82,41,39,28,61,63,33,53,16,31,35,58,90,62,83,5,2,42,80,75,79,72,44,64,8,88,81,85,57,4,30,34,49,52,59,87,86,68,65,25,74,38,96,97,7,3,1,15,14,48,93,20,12,78,24,60,37,66,50,76,98,46,26,17,10,21,45,32,95,94,18,84,11,67,89,92,71,70,23,36,73,69,91,99;174;69333
Memetic;23;data/FIS100-0.txt;100;0,9,19,43,29,77,51,6,22,54,56,40,13,27,55,47,82,41,39,28,61,63,33,53,16,31,35,58,90,62,83,5,2,42,80,75,79,72,44,64,8,88,81,85,57,4,30,34,49,52,59,87,86,68,65,25,74,38,96,97,7,3,1,15,14,48,93,20,12,78,24,60,37,66,50,76,98,46,26,17,10,21,45,32,95,94,18,84,11,67,89,92,71,70,23,36,73,69,91,99;179;69333
Memetic;24;data/FIS100-0.txt;100;0,37,47,43,97,96,90,67,58,55,27,48,14,23,10,46,22,54,56,62,70,71,92,91,32,21,51,19,3,95,82,45,59,9,18,77,6,5,2,13,11,39,76,52,41,4,24,1,15,49,68,86,87,69,34,33,29,31,26,17,61,53,80,42,30,57,83,38,74,16,65,7,40,79,93,99,50,78,12,81,88,63,66,35,64,8,25,75,84,36,72,20,60,28,94,44,98,89,73,85;174;80347
Memetic;25;data/FIS100-0.txt;100;14,39,9,63,31,94,76,97,42,95,34,43,8,67,52,49,26,35,27,77,70,55,71,89,79,99,0,54,73,84,75,28,61,21,32,98,30,4,78,5,83,15,91,57,65,19,46,10,12,22,93,48,47,25,56,62,64,80,72,20,60,37,81,88,69,18,51,6,2,13,11,92,3,7,24,45,59,87,86,82,40,1,68,38,29,36,23,85,58,90,96,74,33,53,16,17,41,50,44,66;176;73855
Memetic;26;data/FIS100-0.txt;100;0,9,19,48,93,41,39,28,73,69,91,85,81,88,8,49,52,59,87,86,68,65,25,74,16,31,33,64,89,92,71,70,23,36,98,76,50,66,37,60,24,78,12,20,82,47,55,27,13,40,56,54,22,6,51,77,29,43,14,15,1,3,7,97,96,38,53,35,58,90,62,83,5,2,42,80,75,79,72,44,57,4,30,34,63,61,46,26,17,10,21,45,32,95,94,18,84,11,67,99;179;77672
Memetic;27;data/FIS100-0.txt;100;5,25,74,21,1,3,19,32,83,45,24,12,20,39,43,76,53,80,84,95,94,89,71,44,57,48,78,65,2,52,64,77,6,58,34,92,91,86,22,93,97,87,46,26,17,41,51,35,33,31,16,0,13,27,30,47,82,70,90,73,98,69,18,9,11,10,23,36,29,38,60,14,37,28,61,75,72,79,56,54,4,40,7,96,55,99,50,66,15,85,68,67,8,49,42,62,63,88,81,59;175;79199
Memetic;28;data/FIS100-0.txt;100;0,9,19,43,29,77,51,6,22,54,56,40,13,27,55,47,82,41,39,28,61,63,33,53,16,31,35,58,90,62,83,5,2,42,80,75,79,72,44,64,8,88,81,85,57,4,30,34,49,52,59,87,86,68,65,25,74,38,96,97,7,3,1,15,14,48,93,20,12,78,24,60,37,66,50,76,98,46,26,17,10,21,45,32,95,94,18,84,11,67,89,92,71,70,23,36,73,69,91,99;175;69333
Memetic;29;data/FIS100-0.txt;100;0,9,19,43,29,77,51,6,22,54,56,40,13,27,55,47,82,41,39,28,61,63,33,53,16,31,35,58,90,62,83,5,2,42,80,75,79,72,44,64,8,88,81,85,57,4,30,34,49,52,59,87,86,68,65,25,74,38,96,97,7,3,1,15,14,48,93,20,12,78,24,60,37,66,50,76,98,46,26,17,10,21,45,32,95,94,18,84,11,67,89,92,71,70,23,36,73,69,91,99;178;69333
Memetic;30;data/FIS100-0.txt;100;0,9,19,43,29,77,51,6,22,54,56,40,13,27,55,47,82,41,39,28,61,63,33,53,16,31,35,58,90,62,83,5,2,42,80,75,79,72,44,64,8,88,81,85,57,4,30,34,49,52,59,87,86,68,65,25,74,38,96,97,7,3,1,15,14,48,93,20,12,78,24,60,37,66,50,76,98,46,26,17,10,21,45,32,95,94,18,84,11,67,89,92,71,70,23,36,73,69,91,99;174;69333
Memetic;1;data/FIS100-1.txt;100;9,81,83,98,72,74,34,21,16,30,87,36,90,53,79,20,46,18,78,19,62,42,86,52,60,2,37,3,39,92,88,55,4,51,99,13,43,22,68,48,15,24,12,31,14,63,56,70,58,47,76,89,94,66,77,28,65,27,11,17,73,71,95,97,41,67,84,25,26,23,49,75,85,29,82,50,40,5,80,57,8,38,33,69,61,93,0,32,59,91,64,96,44,54,35,10,7,1,6,45;176;75676
Memetic;2;data/FIS100-1.txt;100;29,13,57,99,69,41,6,27,2,22,4,60,24,88,92,98,95,71,61,17,11,77,14,93,73,80,3,63,51,94,65,91,59,19,78,18,39,35,54,44,40,45,83,86,97,74,89,53,64,42,56,32,0,87,66,38,34,30,31,50,96,68,48,26,47,7,28,15,76,70,36,49,23,12,43,33,84,62,52,16,21,79,81,85,25,20,75,1,72,37,90,55,46,9,5,8,82,58,67,10;175;76349
Memetic;3;data/FIS100-1.txt;100;1,72,17,84,67,77,3,32,86,52,20,0,45,23,83,35,9,36,13,57,16,21,74,70,91,79,81,33,38,30,26,68,42,92,98,95,71,73,49,29,10,51,37,90,62,34,64,4,24,5,80,55,6,50,96,76,99,89,39,53,28,7,88,19,40,11,46,97,63,93,61,56,14,31,12,59,41,69,22,25,47,58,82,8,54,44,66,87,27,2,60,43,85,65,94,48,15,78,18,75;179;80732
Memetic;4;data/FIS100-1.txt;100;25,2,27,88,92,1,39,79,53,90,36,85,18,78,60,97,63,93,26,55,12,94,89,76,23,16,40,45,83,81,73,80,65,75,57,52,20,13,0,21,74,28,91,54,67,49,5,8,82,58,70,56,32,3,77,47,7,15,4,64,66,72,98,95,87,71,19,43,9,37,59,62,84,46,31,33,11,29,10,51,99,24,35,41,14,17,48,68,22,30,34,69,44,96,61,6,50,86,38,42;174;75111
Memetic;5;data/FIS100-1.txt;100;54,8,82,91,72,74,15,38,56,10,65,94,48,26,47,7,34,64,4,51,67,84,62,59,45,30,22,68,39,89,99,96,44,69,13,25,85,75,90,36,87,33,43,12,23,76,55,80,5,77,3,42,28,53,73,49,29,37,18,78,31,79,11,46,20,58,70,35,97,41,50,6,61,93,14,57,32,86,52,27,2,60,24,88,21,16,40,19,71,95,92,17,83,0,66,9,81,63,98,1;177;76841
Memetic;6;data/FIS100-1.txt;100;98,99,71,11,17,33,87,66,88,92,42,68,22,25,85,75,26,56,61,93,86,24,45,6,27,16,30,77,47,58,70,52,49,5,40,19,65,90,37,13,36,73,43,91,79,20,18,2,14,41,82,8,38,9,46,15,48,96,10,39,1,54,29,84,63,97,95,78,76,62,34,21,44,89,94,7,81,64,74,0,32,50,60,72,59,69,53,57,31,35,28,12,23,83,67,51,4,55,80,3;175;80649
Memetic;7;data/FIS100-1.txt;100;88,19,59,6,40,4,64,55,80,53,79,11,67,34,69,89,44,50,15,76,70,56,26,30,22,38,33,81,93,72,1,0,13,27,87,66,77,39,35,41,78,75,90,37,43,9,36,20,52,86,32,57,31,12,23,18,63,46,96,73,98,99,71,61,47,58,95,97,74,91,28,42,25,16,21,60,48,68,24,49,5,3,7,10,65,94,51,83,45,82,8,54,29,84,62,14,17,92,85,2;173;75627
Memetic;8;data/FIS100-1.txt;100;12,23,83,67,41,97,17,55,9,46,20,69,33,13,22,10,53,89,39,29,4,15,48,31,79,11,28,7,47,37,90,52,16,30,36,60,2,18,78,19,25,85,65,94,6,72,1,98,96,50,21,74,76,92,86,81,24,59,88,73,80,68,75,61,71,63,93,26,77,3,42,38,91,54,40,44,66,95,35,5,49,27,87,0,32,56,70,58,82,8,57,14,84,62,34,64,99,51,45,43;176;79489
Memetic;9;data/FIS100-1.txt;100;28,83,0,7,10,53,39,92,88,27,46,11,17,61,41,97,63,68,48,80,87,91,93,71,49,23,16,21,74,24,81,73,42,51,4,15,6,45,12,59,19,40,50,44,66,95,58,82,54,31,35,5,52,86,98,57,96,37,43,33,62,34,30,26,75,20,25,85,29,8,22,2,60,79,18,78,64,99,55,9,36,13,69,90,70,94,89,76,47,67,1,72,38,84,14,77,3,32,56,65;174;73216
Memetic;10;data/FIS100-1.txt;100;52,4,55,80,3,32,59,41,82,58,47,26,93,63,97,71,49,5,35,54,56,70,98,95,87,37,72,15,48,57,99,69,28,21,14,39,38,75,68,96,64,74,25,2,27,78,83,81,7,94,18,46,8,85,31,79,17,84,86,62,34,30,22,60,24,65,50,40,16,23,19,67,20,77,45,91,43,73,11,29,10,51,42,92,88,66,0,13,33,36,44,89,53,61,6,1,9,76,12,90;174;75532
Memetic;11;data/FIS100-1.txt;100;64,34,45,30,76,70,68,2,14,74,69,89,53,28,21,16,57,75,71,95,98,72,59,12,23,49,86,52,85,20,25,33,31,43,37,87,27,24,81,83,40,11,79,17,92,91,93,73,42,56,13,36,44,47,58,66,88,82,41,61,96,10,29,8,22,1,0,18,7,94,65,90,62,26,6,77,48,80,63,97,60,50,32,3,39,19,78,15,4,51,67,84,9,38,5,35,54,46,55,99;174;74858
Memetic;12;data/FIS100-1.txt;100;76,92,40,82,8,57,6,15,4,11,71,27,88,45,77,20,50,96,73,98,83,78,41,67,47,80,55,46,54,1,42,19,72,37,87,66,29,48,94,65,10,58,24,86,52,60,2,85,75,38,56,13,32,3,39,35,95,97,63,84,62,14,17,61,93,81,33,43,31,12,9,7,0,22,5,49,18,79,91,59,90,53,64,34,51,99,68,69,28,21,16,23,26,25,30,74,89,44,36,70;176;79252
Memetic;13;data/FIS100-1.txt;100;9,46,36,90,52,87,30,51,4,64,34,62,84,50,86,92,42,68,24,35,39,44,96,73,99,71,11,5,49,18,78,59,37,43,12,23,95,83,72,66,10,7,98,13,25,47,76,55,80,3,15,48,31,57,53,65,94,89,69,74,14,17,61,33,81,85,75,38,56,63,97,60,2,91,79,20,0,93,26,21,28,77,45,88,27,41,6,1,22,8,29,70,58,82,54,67,19,40,16,32;174;71913
Memetic;14;data/FIS100-1.txt;100;76,31,34,64,53,94,48,29,10,66,12,78,19,39,14,17,42,38,56,26,62,63,97,55,60,2,18,5,49,27,65,28,69,40,92,47,98,99,89,6,72,84,77,90,95,35,41,61,86,93,73,20,75,85,25,13,57,45,68,96,37,4,51,30,87,36,46,11,79,91,59,71,7,0,1,22,67,58,82,8,54,44,50,21,88,24,74,15,23,9,43,33,81,83,80,3,32,16,52,70;176;72032
Memetic;15;data/FIS100-1.txt;100;44,40,5,72,37,87,66,49,23,9,43,13,70,36,33,17,11,46,18,78,38,86,52,20,0,21,60,24,81,63,97,56,95,2,25,85,92,76,47,7,15,4,51,94,65,28,69,61,75,68,22,10,35,41,58,62,84,1,42,73,80,3,32,82,29,48,57,99,98,26,55,6,8,14,16,30,45,88,27,53,12,59,91,79,90,74,89,39,19,71,93,83,67,77,50,96,64,34,31,54;175;77638
Memetic;16;data/FIS100-1.txt;100;83,2,60,31,78,27,13,33,36,82,41,14,21,17,48,54,59,62,76,89,53,64,34,30,22,38,98,18,46,11,29,4,15,6,45,74,90,75,1,72,37,87,16,51,99,93,0,20,79,49,84,50,81,7,94,65,56,10,52,3,80,63,97,95,71,61,86,32,57,8,85,92,40,69,28,58,70,25,26,23,12,55,47,77,66,88,67,91,43,9,5,19,24,68,42,73,96,44,39,35;176;80055
Memetic;17;data/FIS100-1.txt;100;36,20,52,71,61,17,55,4,37,21,60,97,63,51,94,65,64,34,82,50,77,28,7,47,26,6,41,67,88,66,29,54,11,46,18,79,91,38,78,19,39,1,75,85,8,16,40,92,86,49,84,25,2,27,87,81,93,0,32,59,44,89,76,9,23,12,31,14,80,3,83,35,5,72,98,95,58,70,56,10,96,48,15,24,99,68,22,30,45,74,73,42,62,33,43,57,53,90,69,13;175;75314
Memetic;18;data/FIS100-1.txt;100;27,78,18,59,12,91,21,83,3,80,92,76,62,34,30,16,52,90,37,43,33,84,67,49,55,4,11,14,74,28,77,66,38,56,32,0,87,95,58,82,41,72,5,35,24,68,70,36,13,29,10,53,89,94,65,64,42,73,93,86,81,79,60,22,2,46,20,85,75,61,47,7,45,6,26,17,44,25,97,63,71,19,39,1,54,8,57,98,69,99,51,40,9,23,15,48,31,50,96,88;175;72100
Memetic;19;data/FIS100-1.txt;100;98,83,67,32,37,9,43,33,69,13,36,90,62,59,35,45,30,16,82,58,47,61,71,11,29,8,6,91,2,49,86,42,51,4,64,44,96,48,15,78,18,79,31,34,38,40,50,84,25,26,23,12,93,28,74,70,76,89,94,66,77,20,46,27,65,19,39,92,88,21,85,75,53,57,52,5,3,80,87,95,97,41,14,17,60,24,81,73,99,55,68,22,0,7,10,63,56,54,1,72;175;78687
Memetic;20;data/FIS100-1.txt;100;82,78,83,81,76,71,65,53,61,51,52,49,23,12,28,58,47,26,93,63,97,41,14,17,60,24,68,96,64,34,21,0,7,9,46,18,79,31,30,16,27,11,62,84,29,10,66,48,69,99,57,8,92,88,4,15,89,35,5,56,42,73,36,33,13,25,20,75,85,43,6,55,80,3,32,59,44,40,45,74,70,98,94,91,2,22,38,86,50,77,90,95,87,37,72,1,39,19,67,54;176;76293
Memetic;21;data/FIS100-1.txt;100;49,5,21,0,13,15,48,80,73,60,50,6,59,17,61,96,10,56,65,24,35,41,97,63,38,42,3,77,14,93,26,47,62,90,37,43,91,79,11,46,36,70,67,99,95,71,32,58,28,81,83,72,66,64,34,30,22,68,55,76,9,23,12,31,57,53,89,69,74,45,40,44,54,8,92,88,4,51,16,52,86,84,29,82,7,98,1,39,19,78,18,94,2,85,75,20,25,33,87,27;174;75067
Memetic;22;data/FIS100-1.txt;100;7,47,77,30,51,10,37,4,11,46,15,48,31,79,18,2,27,8,29,82,50,96,68,24,39,19,71,63,97,60,22,35,78,83,95,58,70,36,13,25,59,69,28,65,90,62,14,17,61,45,74,89,53,64,34,54,9,84,49,86,32,3,80,73,81,33,43,6,55,76,23,12,91,42,56,38,66,94,98,92,93,26,75,85,20,67,1,72,41,99,44,40,5,52,57,88,21,16,87,0;174;76725
Memetic;23;data/FIS100-1.txt;100;0,64,24,68,70,52,8,3,32,51,99,72,1,39,19,71,93,83,80,48,66,44,36,13,67,41,35,5,49,84,33,43,9,23,12,31,20,77,27,87,74,90,78,18,94,65,91,2,25,42,73,79,81,76,75,38,45,30,16,21,88,82,89,86,92,40,69,34,62,59,29,10,53,11,54,46,96,50,6,61,58,95,97,60,22,4,28,15,85,37,98,57,17,55,14,63,56,26,47,7;175;74738
Memetic;24;data/FIS100-1.txt;100;76,55,46,9,37,90,65,53,10,29,48,54,56,81,83,80,3,15,7,47,99,51,45,40,19,67,88,4,11,79,31,34,30,22,60,97,95,87,27,49,5,35,24,86,52,16,21,74,64,75,85,2,14,62,42,73,20,26,6,59,17,61,71,32,57,13,36,44,66,72,84,77,28,58,70,25,63,18,39,38,91,93,92,98,94,89,82,8,0,1,41,78,50,96,68,69,33,43,12,23;175;75538
Memetic;25;data/FIS100-1.txt;100;45,53,89,94,66,31,12,23,76,70,74,25,26,6,15,4,64,32,86,69,28,63,10,7,0,21,79,91,58,87,34,77,20,75,38,39,18,78,83,68,24,59,43,85,81,41,35,95,97,60,57,16,30,22,13,56,65,90,62,98,1,67,54,99,51,52,3,80,73,42,47,50,82,29,37,9,84,14,93,61,71,49,55,46,11,33,36,44,96,48,19,88,2,27,8,92,17,72,5,40;175;85389
Memetic;26;data/FIS100-1.txt;100;92,88,55,38,45,51,99,73,96,10,31,43,33,84,62,59,54,35,9,23,49,86,52,85,25,44,17,4,15,78,19,39,18,63,28,69,53,57,48,26,30,87,81,93,72,1,98,40,66,29,8,5,3,80,12,91,79,21,77,20,50,41,61,75,76,94,89,6,27,64,34,7,47,56,70,58,82,36,13,37,90,65,16,32,0,83,67,22,46,11,71,14,74,97,95,2,60,24,68,42;176;72716
Memetic;27;data/FIS100-1.txt;100;73,43,85,54,91,38,56,33,17,14,80,55,4,51,67,77,6,27,2,65,28,78,60,79,81,9,36,13,69,29,82,45,88,21,16,30,87,95,99,57,8,47,7,15,3,5,49,24,83,35,70,20,31,12,23,26,25,41,61,93,59,71,11,53,10,66,48,94,98,92,76,18,39,89,74,97,75,1,72,37,90,52,86,32,0,63,46,84,62,34,64,96,44,50,40,19,58,22,68,42;174;74332
Memetic;28;data/FIS100-1.txt;100;1,39,19,36,13,37,18,79,86,60,2,91,38,56,32,9,84,14,17,73,71,95,96,99,89,6,27,8,30,34,62,59,54,11,5,72,41,97,63,93,61,69,20,0,22,21,74,28,77,47,7,15,4,64,24,68,76,94,98,57,48,46,55,88,92,40,66,29,10,35,83,81,33,43,31,12,23,26,75,85,25,44,3,42,45,51,78,90,53,49,52,70,58,82,50,65,80,87,16,67;174;79294
Memetic;29;data/FIS100-1.txt;100;51,99,98,72,59,29,37,14,17,61,93,86,32,3,77,9,89,69,33,43,12,6,45,57,13,36,70,40,92,88,24,27,78,18,79,53,90,95,71,73,42,68,22,96,64,74,25,2,91,38,75,26,47,58,28,94,65,56,49,23,16,52,62,84,46,11,7,10,8,30,76,41,81,85,20,0,83,35,82,15,48,31,54,44,66,87,34,67,19,39,1,50,21,60,97,63,80,5,55,4;176;75157
Memetic;30;data/FIS100-1.txt;100;68,24,15,48,96,22,45,13,25,57,32,59,69,53,64,34,62,84,67,77,30,16,7,0,1,72,3,80,55,9,18,21,28,50,60,52,86,49,5,11,46,20,58,23,76,94,82,8,54,29,85,83,98,47,44,36,87,27,2,65,71,99,73,42,17,26,6,89,12,91,40,92,74,97,95,78,51,4,88,19,39,79,75,90,37,43,33,56,38,66,61,93,81,41,35,10,31,14,63,70;176;75700
Memetic;1;data/FIS100-2.txt;100;85,41,86,42,92,95,63,52,54,88,55,93,68,90,38,73,1,82,70,10,45,56,71,22,23,9,89,77,15,50,67,29,78,96,66,62,30,35,7,4,19,98,51,99,49,87,8,6,37,12,39,47,69,36,46,57,20,18,43,79,44,81,76,28,83,31,13,14,3,32,16,75,94,26,84,5,21,61,27,60,91,17,65,2,58,34,48,25,24,59,40,72,74,97,64,53,33,0,80,11;176;74993
Memetic;2;data/FIS100-2.txt;100;8,65,22,29,91,0,33,17,38,28,76,58,83,94,26,80,14,96,1,18,12,84,98,77,56,60,24,50,15,27,9,23,59,49,66,99,35,68,7,43,89,90,71,47,39,4,19,85,25,87,88,54,75,16,20,13,40,62,67,30,73,74,72,69,10,45,48,92,82,11,57,6,34,21,61,70,63,95,93,55,37,2,3,53,42,79,44,81,51,5,64,97,78,86,41,52,36,46,31,32;174;69186
Memetic;3;data/FIS100-2.txt;100;27,76,31,96,65,88,64,66,62,40,51,24,94,84,5,1,92,93,72,78,28,25,11,82,19,98,79,53,38,69,32,34,58,52,54,14,3,68,37,48,30,35,21,8,6,13,9,57,46,36,80,59,56,45,23,42,17,33,0,60,39,86,55,75,49,26,4,7,91,29,12,61,70,63,73,95,10,16,97,44,87,2,47,71,90,89,43,85,22,74,20,18,83,81,99,77,15,50,67,41;174;67567
Memetic;4;data/FIS100-2.txt;100;33,5,51,19,67,41,52,29,30,2,65,23,84,98,66,62,36,44,21,6,17,0,63,73,79,70,61,58,34,48,25,43,75,94,26,91,7,15,47,35,88,55,99,93,37,54,18,83,49,87,46,57,59,72,69,10,45,56,77,89,24,50,16,20,12,4,39,27,60,80,86,95,53,68,32,74,97,64,42,38,71,90,78,96,40,3,14,13,31,28,76,81,1,92,82,11,9,8,85,22;176;72202
Memetic;5;data/FIS100-2.txt;100;87,8,32,37,68,45,75,94,26,80,0,33,6,57,11,82,66,59,24,73,42,53,79,62,96,20,18,85,43,89,90,77,56,23,9,27,60,39,91,86,36,44,30,16,10,34,17,51,81,74,84,29,67,50,14,13,54,52,72,65,38,28,76,22,69,15,40,3,2,58,83,78,64,4,19,98,5,21,61,70,97,71,47,46,63,95,92,48,25,41,12,1,31,7,35,88,55,93,99,49;181;66735
Memetic;6;data/FIS100-2.txt;100;99,75,50,67,41,85,19,4,26,57,60,78,96,71,22,33,53,95,92,17,65,2,64,76,28,30,27,9,23,10,45,48,51,74,97,16,20,13,31,46,63,73,61,29,49,87,8,6,34,36,62,66,59,32,58,83,94,84,98,12,93,11,25,24,56,77,90,89,54,14,3,40,72,52,43,7,68,37,70,82,86,91,38,80,0,42,79,44,21,5,18,39,47,69,15,1,81,35,88,55;177;69328
Memetic;7;data/FIS100-2.txt;100;2,44,5,51,88,55,99,75,45,68,31,32,8,92,95,63,15,50,67,41,85,43,89,90,47,27,35,21,26,97,16,82,12,84,74,81,42,80,0,33,17,64,38,60,24,94,22,29,70,79,73,30,71,9,13,61,59,57,6,34,11,93,37,20,10,69,72,40,46,36,62,66,98,83,58,52,54,48,19,18,1,23,28,76,14,3,53,25,87,49,91,65,96,78,86,39,7,4,56,77;174;71961
Memetic;8;data/FIS100-2.txt;100;72,61,12,1,63,34,6,42,30,48,95,73,77,56,60,27,35,21,26,94,75,16,69,15,3,2,58,52,54,25,43,7,4,81,29,91,65,88,64,5,11,14,13,31,46,36,62,47,96,78,83,18,20,55,57,59,66,98,79,53,33,22,23,9,50,67,99,51,24,82,71,97,44,87,8,32,19,85,41,86,39,68,37,70,10,45,40,90,93,92,89,80,0,17,38,28,76,49,84,74;176;66123
Memetic;9;data/FIS100-2.txt;100;25,54,89,77,58,30,16,35,88,2,64,56,71,97,9,13,60,96,78,29,22,21,61,36,62,39,92,82,75,50,67,19,4,81,40,90,43,7,68,45,87,49,93,95,86,80,53,33,0,91,26,94,84,5,51,99,66,59,57,6,17,38,42,47,69,15,24,73,79,70,37,32,8,65,46,83,28,31,11,27,76,74,12,55,10,48,1,63,34,72,98,14,3,44,23,52,41,85,18,20;174;77104
Memetic;10;data/FIS100-2.txt;100;43,76,28,83,46,47,71,72,70,61,58,52,36,86,55,99,66,59,57,6,34,22,62,23,93,95,10,16,12,41,27,50,67,84,5,11,8,21,49,29,90,89,80,74,73,63,0,33,24,94,75,48,19,4,7,35,32,37,68,31,13,9,69,18,20,53,25,87,88,64,81,51,30,2,42,38,65,44,97,26,91,17,14,54,85,60,39,92,82,1,96,78,15,40,3,45,56,77,98,79;177;72415
Memetic;11;data/FIS100-2.txt;100;75,16,69,72,52,29,30,2,42,23,66,98,84,12,46,47,44,28,25,48,34,58,61,59,24,33,5,51,99,93,11,81,35,88,76,89,92,95,71,22,57,6,8,21,14,54,96,78,90,77,56,64,31,68,45,10,70,36,91,13,83,49,87,7,62,39,4,38,65,53,80,60,27,19,67,50,15,26,3,40,43,79,73,1,82,9,97,74,32,63,0,17,37,55,86,41,85,18,20,94;178;74096
Memetic;12;data/FIS100-2.txt;100;9,85,8,32,19,67,50,16,41,93,39,52,25,7,21,35,27,72,99,81,83,28,71,92,77,56,45,10,62,49,80,15,1,18,4,30,29,70,82,79,98,66,59,24,60,38,65,44,75,43,40,13,20,6,69,54,14,17,37,55,57,78,96,47,42,53,64,76,87,51,5,84,94,26,91,0,11,31,12,36,86,95,48,63,46,22,33,34,58,61,73,74,97,23,68,3,2,88,90,89;175;68744
Memetic;13;data/FIS100-2.txt;100;39,86,55,77,7,15,12,66,40,72,69,6,34,63,0,33,20,37,70,79,73,24,60,91,13,83,49,93,99,43,85,18,54,14,25,11,27,17,64,88,98,5,21,35,30,48,68,31,4,19,67,41,74,84,61,58,52,36,44,3,2,65,96,78,42,38,28,76,53,95,92,82,1,81,26,94,75,16,10,45,56,59,32,8,87,29,90,89,80,51,50,47,46,57,9,23,22,71,97,62;174;66497
Memetic;14;data/FIS100-2.txt;100;94,91,86,41,27,76,51,81,95,53,68,46,36,80,50,67,62,10,69,72,40,66,12,61,21,5,84,74,20,35,7,31,4,13,9,89,77,15,3,2,88,87,8,6,57,24,83,49,99,75,48,34,33,22,29,78,60,55,59,52,43,28,23,25,58,26,63,32,79,44,47,96,65,73,30,42,11,93,19,98,54,14,39,0,17,37,70,92,45,90,38,64,56,71,97,16,82,1,18,85;175;72837
Memetic;15;data/FIS100-2.txt;100;83,58,43,73,79,70,61,21,34,6,57,46,63,95,93,99,72,52,48,25,41,16,75,82,92,45,10,69,76,36,51,17,27,13,12,1,31,9,89,90,40,66,23,65,0,33,22,11,56,71,97,62,67,50,47,96,78,29,74,28,44,68,53,98,88,64,84,5,18,85,8,32,19,80,38,91,60,39,86,55,37,54,14,3,15,77,26,81,4,7,35,20,42,59,49,87,2,30,24,94;175;71714
Memetic;16;data/FIS100-2.txt;100;72,40,3,2,13,9,50,15,51,81,44,79,73,77,56,45,0,63,16,97,74,76,27,41,5,98,84,80,78,42,38,28,83,94,20,18,39,31,68,32,8,65,96,60,93,55,88,52,23,33,22,85,11,25,14,54,29,90,71,53,37,48,19,4,64,67,89,43,7,91,86,36,34,6,69,47,62,10,99,75,95,17,66,12,1,92,82,70,61,58,30,35,21,26,57,46,87,49,59,24;179;74353
Memetic;17;data/FIS100-2.txt;100;20,96,78,64,17,27,11,82,92,48,25,41,5,93,9,97,71,8,32,16,75,94,26,84,23,59,24,51,15,50,67,99,49,21,7,87,80,89,90,38,70,37,68,62,73,79,44,3,14,54,61,72,69,18,83,81,85,19,4,30,29,91,98,88,39,66,28,31,13,40,43,52,63,95,77,56,60,55,10,1,6,57,46,47,42,53,86,36,12,0,65,45,74,76,22,33,34,58,2,35;174;74566
Memetic;18;data/FIS100-2.txt;100;81,22,94,75,16,69,15,50,45,87,8,84,5,51,18,85,41,86,39,62,73,79,43,40,13,9,27,12,46,72,74,76,28,44,36,80,38,17,11,82,70,49,67,19,4,31,7,35,20,61,21,34,6,42,47,63,95,92,89,90,88,71,24,60,99,29,96,1,91,0,33,53,64,56,77,98,14,66,59,32,58,2,30,48,83,78,65,57,55,52,25,54,37,93,23,68,3,26,97,10;175;68303
Memetic;19;data/FIS100-2.txt;100;71,97,16,69,15,26,3,14,54,37,89,67,99,49,80,0,11,56,42,87,8,32,36,52,25,43,7,77,55,86,38,28,83,78,96,65,88,64,31,68,45,74,84,12,46,63,70,10,62,39,4,19,9,50,75,94,24,59,90,81,51,76,22,33,34,48,30,35,21,5,98,79,82,1,73,41,85,18,20,53,23,66,29,91,60,27,57,6,17,13,40,72,93,95,92,61,58,2,44,47;175;69417
Memetic;20;data/FIS100-2.txt;100;73,63,0,33,31,37,70,55,99,75,45,10,87,49,59,46,47,71,56,61,25,79,44,97,16,82,11,67,62,39,60,24,65,27,72,69,15,50,9,13,91,29,17,38,22,85,8,32,26,52,41,86,95,53,42,2,30,48,92,77,98,84,5,51,36,81,64,88,90,40,66,12,1,18,4,19,80,94,83,58,34,6,57,93,23,68,3,14,54,89,43,21,7,35,20,96,78,28,76,74;177;69750
Memetic;21;data/FIS100-2.txt;100;0,33,62,39,88,54,14,44,47,96,65,72,27,9,13,91,3,40,5,48,95,92,89,43,84,74,41,12,1,31,37,68,45,87,49,26,32,8,60,19,67,81,76,64,53,20,35,16,10,69,18,85,22,57,6,34,21,93,23,77,15,24,58,61,70,82,79,90,55,11,42,2,30,17,73,63,52,36,86,71,97,78,28,83,98,66,59,46,51,99,29,56,4,7,25,50,75,94,38,80;176;71519
Memetic;22;data/FIS100-2.txt;100;79,98,69,72,27,35,16,20,10,70,29,30,44,55,60,78,63,95,64,97,74,73,1,92,45,48,99,93,37,68,3,40,5,51,2,65,59,32,58,7,66,14,96,76,86,54,18,85,46,31,13,6,8,21,49,87,15,50,67,41,52,28,23,25,75,43,71,22,33,34,36,62,39,88,91,94,24,57,9,19,4,81,11,83,26,80,0,17,38,90,89,77,56,61,12,84,47,42,53,82;179;77136
Memetic;23;data/FIS100-2.txt;100;19,18,83,70,93,37,20,35,2,44,36,86,91,98,66,23,33,24,58,26,94,75,16,41,25,87,49,32,8,85,9,89,77,15,50,63,73,74,76,28,39,0,80,38,90,71,22,65,96,60,79,43,7,4,64,47,62,10,69,72,52,29,30,14,3,57,46,68,53,95,81,42,45,56,59,99,55,88,54,13,17,51,40,78,97,31,67,27,61,21,34,6,11,5,84,12,1,82,92,48;175;76780
Memetic;24;data/FIS100-2.txt;100;29,12,61,70,63,95,92,1,31,64,76,69,72,93,99,66,59,32,8,65,53,82,24,50,15,86,55,20,57,60,91,4,7,43,84,49,74,41,67,19,51,5,18,39,27,58,73,83,81,90,38,28,52,36,46,47,71,97,62,10,16,75,94,44,79,42,56,23,48,13,26,3,2,88,98,54,14,25,11,85,22,33,77,89,9,96,78,40,35,21,34,6,17,37,68,45,87,30,80,0;176;72422
Memetic;25;data/FIS100-2.txt;100;42,11,83,94,24,59,49,84,0,91,58,14,76,74,73,62,40,46,36,52,72,69,18,41,37,68,31,67,29,56,4,7,13,9,27,17,38,86,89,90,35,47,32,8,85,75,99,55,77,15,26,3,2,19,48,54,50,63,70,61,21,34,6,57,65,96,20,93,5,51,80,60,79,43,71,22,33,53,82,92,1,12,39,95,78,97,16,10,45,87,25,23,28,66,98,88,64,81,44,30;176;72077
Memetic;26;data/FIS100-2.txt;100;83,31,67,99,51,50,15,69,16,41,25,52,63,70,61,29,56,11,17,58,32,59,98,14,96,1,12,0,66,44,79,43,40,3,76,4,81,64,97,74,73,30,35,21,34,85,75,48,19,9,27,54,89,92,93,55,88,2,47,71,90,38,28,78,60,24,82,86,95,39,62,7,77,36,80,49,87,8,6,42,53,33,22,46,72,65,57,18,20,37,68,45,10,23,5,84,94,26,91,13;189;75260
Memetic;27;data/FIS100-2.txt;100;27,9,13,60,78,93,99,51,48,19,8,85,18,20,96,65,88,35,81,74,84,49,76,28,38,24,59,66,98,91,86,39,4,7,11,83,31,70,29,90,36,46,47,52,58,30,42,17,14,80,32,87,45,10,16,12,41,67,50,15,63,43,79,73,1,82,92,95,53,68,44,21,34,6,54,37,89,77,56,61,23,25,75,94,26,3,40,5,64,97,71,22,33,0,62,2,72,69,57,55;176;76132
Memetic;28;data/FIS100-2.txt;100;62,97,71,47,27,37,17,51,36,76,74,41,52,72,98,14,3,20,5,84,94,80,19,32,8,87,88,64,66,23,42,0,91,29,67,68,79,44,81,65,2,45,75,55,99,93,90,38,85,18,1,82,70,49,59,46,12,31,11,25,24,58,34,6,86,53,33,22,21,35,40,43,48,92,95,63,73,61,50,15,69,16,10,26,57,54,89,77,56,60,13,9,96,78,83,28,30,4,7,39;179;74019
Memetic;29;data/FIS100-2.txt;100;82,79,98,66,7,43,52,55,60,80,86,36,44,0,63,25,75,99,49,87,8,56,29,70,10,45,14,54,40,72,71,90,35,68,32,58,2,51,5,84,12,61,21,22,46,47,96,78,83,11,17,13,31,37,93,23,77,16,69,18,85,41,73,1,92,95,81,65,57,6,34,48,30,3,26,15,50,64,67,89,24,59,33,62,97,74,20,94,91,88,39,4,19,9,27,76,28,38,42,53;176;75300
Memetic;30;data/FIS100-2.txt;100;40,72,69,15,24,18,66,29,67,50,80,19,4,39,60,14,3,26,49,53,79,98,54,64,10,45,87,30,35,11,56,77,95,93,90,38,28,44,36,86,91,0,33,6,34,85,43,89,76,22,74,20,62,7,84,8,92,82,1,12,41,25,52,55,99,81,83,58,2,51,88,65,96,78,42,73,17,27,9,13,31,57,46,47,71,97,70,61,21,5,48,37,68,32,63,16,75,94,23,59;174;72454
Memetic;1;data/FIS100-3.txt;100;7,24,60,42,73,47,99,52,55,74,98,94,59,91,49,40,5,6,26,84,58,11,76,80,62,36,50,29,21,69,33,17,12,14,35,34,78,71,88,85,20,25,41,31,89,37,86,8,0,10,15,61,83,65,97,81,70,46,64,90,72,66,67,43,54,18,28,48,57,92,82,27,4,32,22,51,75,53,96,95,16,9,30,45,38,77,39,79,63,3,23,44,1,2,93,56,87,19,68,13;179;73329
Memetic;2;data/FIS100-3.txt;100;7,24,60,42,73,47,99,52,55,74,98,94,59,91,49,40,5,6,26,84,58,11,76,80,62,36,50,29,21,69,33,17,12,14,35,34,78,71,88,85,20,25,41,31,89,37,86,8,0,10,15,61,83,65,97,81,70,46,64,90,72,66,67,43,54,18,28,48,57,92,82,27,4,32,22,51,75,53,96,95,16,9,30,45,38,77,39,79,63,3,23,44,1,2,93,56,87,19,68,13;175;73329
Memetic;3;data/FIS100-3.txt;100;21,7,24,67,77,53,75,51,1,20,84,87,92,42,45,30,65,26,55,11,98,48,28,14,88,6,25,91,47,99,72,90,29,52,12,60,59,94,70,0,43,2,69,33,81,85,80,62,76,49,23,19,39,95,73,74,68,61,58,31,16,54,41,79,63,64,5,22,57,38,89,40,71,17,15,10,56,44,66,97,46,78,34,35,13,27,3,9,86,50,93,37,36,83,96,18,82,8,32,4;176;71489
Memetic;4;data/FIS100-3.txt;100;7,24,60,42,73,47,99,52,55,74,98,94,59,91,49,40,5,6,26,84,58,11,76,80,62,36,50,29,21,69,33,17,12,14,35,34,78,71,88,85,20,25,41,31,89,37,86,8,0,10,15,61,83,65,97,81,70,46,64,90,72,66,67,43,54,18,28,48,57,92,82,27,4,32,22,51,75,53,96,95,16,9,30,45,38,77,39,79,63,3,23,44,1,2,93,56,87,19,68,13;176;73329
Memetic;5;data/FIS100-3.txt;100;7,24,60,42,73,47,99,52,55,74,98,94,59,91,49,40,5,6,26,84,58,11,76,80,62,36,50,29,21,69,33,17,12,14,35,34,78,71,88,85,20,25,41,31,89,37,86,8,0,10,15,61,83,65,97,81,70,46,64,90,72,66,67,43,54,18,28,48,57,92,82,27,4,32,22,51,75,53,96,95,16,9,30,45,38,77,39,79,63,3,23,44,1,2,93,56,87,19,68,13;176;73329
Memetic;6;data/FIS100-3.txt;100;85,55,77,0,10,2,53,27,90,72,87,59,64,30,9,29,61,31,81,70,28,58,3,65,43,86,99,33,96,8,40,1,44,66,93,75,51,71,17,49,80,36,74,12,14,35,47,78,34,62,19,45,16,38,6,18,54,57,92,82,5,95,7,46,13,68,84,20,25,91,94,98,89,63,83,50,48,37,22,32,56,67,24,60,52,69,21,15,23,79,42,39,4,41,97,26,73,11,76,88;175;80522
Memetic;7;data/FIS100-3.txt;100;7,24,60,42,73,47,99,52,55,74,98,94,59,91,49,40,5,6,26,84,58,11,76,80,62,36,50,29,21,69,33,17,12,14,35,34,78,71,88,85,20,25,41,31,89,37,86,8,0,10,15,61,83,65,97,81,70,46,64,90,72,66,67,43,54,18,28,48,57,92,82,27,4,32,22,51,75,53,96,95,16,9,30,45,38,77,39,79,63,3,23,44,1,2,93,56,87,19,68,13;180;73329
Memetic;8;data/FIS100-3.txt;100;5,75,93,74,68,64,9,16,82,92,94,98,11,73,26,80,44,56,8,2,91,39,96,83,33,71,13,46,1,85,40,17,15,10,32,22,78,0,54,43,87,51,88,6,67,24,7,23,19,28,42,52,55,60,97,81,70,65,57,53,48,37,38,20,25,29,61,31,89,72,90,35,47,27,4,50,36,62,99,34,69,21,3,45,66,59,95,86,77,76,14,12,58,84,30,18,63,79,41,49;175;70780
Memetic;9;data/FIS100-3.txt;100;7,24,60,42,73,47,99,52,55,74,98,94,59,91,49,40,5,6,26,84,58,11,76,80,62,36,50,29,21,69,33,17,12,14,35,34,78,71,88,85,20,25,41,31,89,37,86,8,0,10,15,61,83,65,97,81,70,46,64,90,72,66,67,43,54,18,28,48,57,92,82,27,4,32,22,51,75,53,96,95,16,9,30,45,38,77,39,79,63,3,23,44,1,2,93,56,87,19,68,13;176;73329
Memetic;10;data/FIS100-3.txt;100;7,24,60,42,73,47,99,52,55,74,98,94,59,91,49,40,5,6,26,84,58,11,76,80,62,36,50,29,21,69,33,17,12,14,35,34,78,71,88,85,20,25,41,31,89,37,86,8,0,10,15,61,83,65,97,81,70,46,64,90,72,66,67,43,54,18,28,48,57,92,82,27,4,32,22,51,75,53,96,95,16,9,30,45,38,77,39,79,63,3,23,44,1,2,93,56,87,19,68,13;177;73329
Memetic;11;data/FIS100-3.txt;100;7,24,60,42,73,47,99,52,55,74,98,94,59,91,49,40,5,6,26,84,58,11,76,80,62,36,50,29,21,69,33,17,12,14,35,34,78,71,88,85,20,25,41,31,89,37,86,8,0,10,15,61,83,65,97,81,70,46,64,90,72,66,67,43,54,18,28,48,57,92,82,27,4,32,22,51,75,53,96,95,16,9,30,45,38,77,39,79,63,3,23,44,1,2,93,56,87,19,68,13;175;73329
Memetic;12;data/FIS100-3.txt;100;7,24,60,42,73,47,99,52,55,74,98,94,59,91,49,40,5,6,26,84,58,11,76,80,62,36,50,29,21,69,33,17,12,14,35,34,78,71,88,85,20,25,41,31,89,37,86,8,0,10,15,61,83,65,97,81,70,46,64,90,72,66,67,43,54,18,28,48,57,92,82,27,4,32,22,51,75,53,96,95,16,9,30,45,38,77,39,79,63,3,23,44,1,2,93,56,87,19,68,13;179;73329
Memetic;13;data/FIS100-3.txt;100;7,13,35,34,37,48,50,55,97,14,28,36,47,49,65,70,61,22,32,4,21,25,91,39,95,16,40,72,90,64,30,41,8,26,1,20,38,89,73,33,69,52,12,74,29,81,24,2,17,31,98,94,88,93,66,10,0,54,57,63,18,51,68,84,58,3,45,46,71,82,92,86,99,79,85,23,15,9,43,87,42,78,11,19,76,80,62,27,83,96,67,77,53,75,5,6,56,44,60,59;176;75216
Memetic;14;data/FIS100-3.txt;100;7,24,60,42,73,47,99,52,55,74,98,94,59,91,49,40,5,6,26,84,58,11,76,80,62,36,50,29,21,69,33,17,12,14,35,34,78,71,88,85,20,25,41,31,89,37,86,8,0,10,15,61,83,65,97,81,70,46,64,90,72,66,67,43,54,18,28,48,57,92,82,27,4,32,22,51,75,53,96,95,16,9,30,45,38,77,39,79,63,3,23,44,1,2,93,56,87,19,68,13;179;73329
Memetic;15;data/FIS100-3.txt;100;7,24,60,42,73,47,99,52,55,74,98,94,59,91,49,40,5,6,26,84,58,11,76,80,62,36,50,29,21,69,33,17,12,14,35,34,78,71,88,85,20,25,41,31,89,37,86,8,0,10,15,61,83,65,97,81,70,46,64,90,72,66,67,43,54,18,28,48,57,92,82,27,4,32,22,51,75,53,96,95,16,9,30,45,38,77,39,79,63,3,23,44,1,2,93,56,87,19,68,13;175;73329
Memetic;16;data/FIS100-3.txt;100;7,24,60,42,73,47,99,52,55,74,98,94,59,91,49,40,5,6,26,84,58,11,76,80,62,36,50,29,21,69,33,17,12,14,35,34,78,71,88,85,20,25,41,31,89,37,86,8,0,10,15,61,83,65,97,81,70,46,64,90,72,66,67,43,54,18,28,48,57,92,82,27,4,32,22,51,75,53,96,95,16,9,30,45,38,77,39,79,63,3,23,44,1,2,93,56,87,19,68,13;177;73329
Memetic;17;data/FIS100-3.txt;100;99,33,69,21,1,20,84,93,2,57,63,29,51,9,62,97,60,88,42,28,19,23,3,58,50,83,96,53,48,17,15,10,71,67,81,87,95,43,0,8,14,26,56,40,85,24,7,13,35,34,37,36,80,75,89,45,54,47,78,94,98,31,16,82,92,91,76,49,5,66,44,4,39,79,41,25,6,18,46,64,27,61,68,74,73,77,38,70,12,59,11,65,30,86,32,22,52,55,90,72;182;68195
Memetic;18;data/FIS100-3.txt;100;7,24,60,42,73,47,99,52,55,74,98,94,59,91,49,40,5,6,26,84,58,11,76,80,62,36,50,29,21,69,33,17,12,14,35,34,78,71,88,85,20,25,41,31,89,37,86,8,0,10,15,61,83,65,97,81,70,46,64,90,72,66,67,43,54,18,28,48,57,92,82,27,4,32,22,51,75,53,96,95,16,9,30,45,38,77,39,79,63,3,23,44,1,2,93,56,87,19,68,13;179;73329
Memetic;19;data/FIS100-3.txt;100;7,30,24,60,97,62,9,31,2,19,1,26,27,90,25,43,0,54,52,12,74,70,21,29,84,82,71,78,47,56,33,81,87,92,94,91,76,49,23,68,41,79,61,83,50,73,35,4,45,42,96,18,65,11,55,36,38,20,6,5,40,8,86,75,93,88,95,80,67,59,64,53,48,10,15,17,39,99,77,98,51,16,14,66,44,37,89,85,46,72,34,69,28,58,3,63,57,22,32,13;176;78649
Memetic;20;data/FIS100-3.txt;100;7,24,60,42,73,47,99,52,55,74,98,94,59,91,49,40,5,6,26,84,58,11,76,80,62,36,50,29,21,69,33,17,12,14,35,34,78,71,88,85,20,25,41,31,89,37,86,8,0,10,15,61,83,65,97,81,70,46,64,90,72,66,67,43,54,18,28,48,57,92,82,27,4,32,22,51,75,53,96,95,16,9,30,45,38,77,39,79,63,3,23,44,1,2,93,56,87,19,68,13;176;73329
Memetic;21;data/FIS100-3.txt;100;90,72,78,34,62,29,20,25,8,14,26,38,36,80,75,93,74,55,69,21,47,10,46,13,71,16,95,84,70,65,68,43,64,9,54,57,97,7,23,85,40,56,32,59,94,98,11,22,27,83,61,79,41,50,39,35,4,37,66,44,1,19,76,24,81,51,96,18,30,45,31,73,89,63,3,88,60,91,92,87,42,53,2,0,17,48,77,67,52,12,58,28,82,86,99,33,6,5,49,15;175;72627
Memetic;22;data/FIS100-3.txt;100;7,24,60,42,73,47,99,52,55,74,98,94,59,91,49,40,5,6,26,84,58,11,76,80,62,36,50,29,21,69,33,17,12,14,35,34,78,71,88,85,20,25,41,31,89,37,86,8,0,10,15,61,83,65,97,81,70,46,64,90,72,66,67,43,54,18,28,48,57,92,82,27,4,32,22,51,75,53,96,95,16,9,30,45,38,77,39,79,63,3,23,44,1,2,93,56,87,19,68,13;175;73329
Memetic;23;data/FIS100-3.txt;100;7,24,60,42,73,47,99,52,55,74,98,94,59,91,49,40,5,6,26,84,58,11,76,80,62,36,50,29,21,69,33,17,12,14,35,34,78,71,88,85,20,25,41,31,89,37,86,8,0,10,15,61,83,65,97,81,70,46,64,90,72,66,67,43,54,18,28,48,57,92,82,27,4,32,22,51,75,53,96,95,16,9,30,45,38,77,39,79,63,3,23,44,1,2,93,56,87,19,68,13;175;73329
Memetic;24;data/FIS100-3.txt;100;31,88,6,67,0,43,20,94,18,30,9,15,61,83,96,39,54,41,79,63,42,28,22,53,75,27,3,23,48,10,81,21,89,25,82,16,64,5,49,17,80,40,85,24,60,59,11,65,55,93,56,8,14,26,97,70,46,1,86,32,57,2,69,36,84,99,33,87,92,91,76,47,68,13,7,50,37,95,34,62,19,45,4,74,29,90,72,35,73,77,38,52,12,58,44,66,51,78,71,98;179;76472
Memetic;25;data/FIS100-3.txt;100;98,94,59,60,46,30,41,25,8,86,75,93,55,65,11,13,71,82,78,34,37,70,96,83,36,38,16,95,87,81,32,57,10,48,9,15,6,5,40,85,24,7,21,3,45,72,90,4,35,39,79,92,91,50,89,31,61,27,26,97,62,88,42,28,33,23,19,80,76,14,12,49,22,54,47,99,73,74,68,64,52,17,2,53,44,66,29,51,1,18,63,56,69,58,84,20,43,0,77,67;175;75906
Memetic;26;data/FIS100-3.txt;100;7,24,60,42,73,47,99,52,55,74,98,94,59,91,49,40,5,6,26,84,58,11,76,80,62,36,50,29,21,69,33,17,12,14,35,34,78,71,88,85,20,25,41,31,89,37,86,8,0,10,15,61,83,65,97,81,70,46,64,90,72,66,67,43,54,18,28,48,57,92,82,27,4,32,22,51,75,53,96,95,16,9,30,45,38,77,39,79,63,3,23,44,1,2,93,56,87,19,68,13;178;73329
Memetic;27;data/FIS100-3.txt;100;7,24,60,42,73,47,99,52,55,74,98,94,59,91,49,40,5,6,26,84,58,11,76,80,62,36,50,29,21,69,33,17,12,14,35,34,78,71,88,85,20,25,41,31,89,37,86,8,0,10,15,61,83,65,97,81,70,46,64,90,72,66,67,43,54,18,28,48,57,92,82,27,4,32,22,51,75,53,96,95,16,9,30,45,38,77,39,79,63,3,23,44,1,2,93,56,87,19,68,13;175;73329
Memetic;28;data/FIS100-3.txt;100;9,41,4,35,39,42,2,24,60,77,53,75,63,89,73,95,34,46,1,85,40,71,17,15,10,66,44,90,27,26,38,29,50,37,93,56,31,45,3,88,98,94,36,69,21,55,14,16,51,25,91,92,87,59,64,19,11,65,18,72,5,49,76,62,97,99,79,74,57,48,28,33,23,6,80,8,96,83,20,43,0,70,81,67,52,12,58,84,30,7,13,68,47,78,82,61,54,22,32,86;175;71959
Memetic;29;data/FIS100-3.txt;100;7,24,60,42,73,47,99,52,55,74,98,94,59,91,49,40,5,6,26,84,58,11,76,80,62,36,50,29,21,69,33,17,12,14,35,34,78,71,88,85,20,25,41,31,89,37,86,8,0,10,15,61,83,65,97,81,70,46,64,90,72,66,67,43,54,18,28,48,57,92,82,27,4,32,22,51,75,53,96,95,16,9,30,45,38,77,39,79,63,3,23,44,1,2,93,56,87,19,68,13;177;73329
Memetic;30;data/FIS100-3.txt;100;7,24,60,42,73,47,99,52,55,74,98,94,59,91,49,40,5,6,26,84,58,11,76,80,62,36,50,29,21,69,33,17,12,14,35,34,78,71,88,85,20,25,41,31,89,37,86,8,0,10,15,61,83,65,97,81,70,46,64,90,72,66,67,43,54,18,28,48,57,92,82,27,4,32,22,51,75,53,96,95,16,9,30,45,38,77,39,79,63,3,23,44,1,2,93,56,87,19,68,13;174;73329
Memetic;1;data/FIS100-4.txt;100;56,36,66,68,92,46,23,50,82,90,29,21,15,10,18,48,95,31,6,73,54,97,78,67,32,98,63,44,0,60,4,93,72,30,39,24,13,9,42,14,59,77,87,88,89,19,79,94,86,53,17,40,12,8,25,35,62,34,37,2,11,45,28,70,71,85,83,80,27,64,3,47,16,76,51,81,49,1,20,33,26,55,38,57,99,7,58,22,84,61,91,69,74,52,5,65,43,75,96,41;176;70411
Memetic;2;data/FIS100-4.txt;100;96,60,83,6,34,70,89,24,39,12,16,9,0,28,98,32,91,31,82,45,51,29,26,69,71,58,7,79,38,99,94,41,72,17,21,15,1,49,85,77,87,13,53,81,19,4,48,42,63,33,30,93,68,74,10,2,8,11,62,35,86,78,90,92,37,44,59,61,76,75,97,54,73,25,52,5,65,57,50,23,84,55,14,43,56,46,80,20,22,67,64,27,95,40,47,3,18,36,66,88;175;73941
Memetic;3;data/FIS100-4.txt;100;2,8,12,14,25,26,82,90,16,47,3,64,17,72,73,76,69,67,46,39,49,85,53,55,34,45,19,15,50,23,37,44,59,77,63,75,43,54,97,87,56,18,91,61,71,22,62,20,1,41,99,94,79,35,51,32,13,9,24,21,78,86,33,30,81,98,83,6,29,0,28,70,96,88,89,93,4,40,95,5,31,7,42,48,52,57,65,60,74,80,84,92,10,11,38,36,66,68,27,58;178;70859
Memetic;4;data/FIS100-4.txt;100;38,17,72,35,86,60,82,50,58,7,75,84,61,91,55,26,14,33,63,80,81,98,83,18,3,59,57,77,96,88,87,56,43,37,2,11,22,23,65,49,66,15,10,74,24,52,5,71,94,99,39,30,68,29,21,4,51,67,69,76,97,54,73,12,53,27,64,25,46,16,31,95,40,47,36,1,20,13,48,42,78,90,92,44,0,9,62,34,6,89,19,79,93,45,28,70,85,32,41,8;174;72264
Memetic;5;data/FIS100-4.txt;100;49,85,53,13,70,42,94,52,60,93,72,16,65,5,27,9,45,34,76,82,84,14,26,69,91,31,74,15,10,2,41,32,51,47,3,78,8,79,55,90,66,92,68,99,38,87,36,71,22,62,11,80,28,83,17,24,21,59,35,86,54,97,64,67,58,7,96,88,73,12,39,46,98,89,81,19,61,6,0,44,37,30,33,63,77,56,43,4,40,95,48,20,29,18,1,25,57,50,23,75;180;72385
Memetic;6;data/FIS100-4.txt;100;69,26,14,41,96,75,27,5,35,68,54,79,55,90,16,74,15,67,64,80,63,21,34,6,48,52,57,39,12,50,62,92,77,94,42,70,0,60,3,78,51,81,19,8,2,53,86,84,82,66,65,45,4,40,31,95,29,10,99,7,58,22,72,73,25,49,1,20,33,30,37,43,76,97,24,9,13,32,59,93,89,87,36,61,91,18,56,46,98,83,85,71,44,17,38,11,23,28,88,47;178;72421
Memetic;7;data/FIS100-4.txt;100;78,3,67,1,20,53,25,56,55,26,34,6,44,60,0,69,91,18,71,5,52,74,54,29,41,8,12,13,32,28,70,85,83,14,42,9,45,65,57,90,82,93,51,40,4,59,17,89,19,33,98,95,27,64,80,11,62,48,68,10,15,50,38,99,94,79,81,30,37,43,76,66,36,2,47,16,72,73,63,21,31,23,75,49,88,96,77,92,46,39,24,61,84,86,35,58,7,87,97,22;175;71542
Memetic;8;data/FIS100-4.txt;100;68,66,40,10,92,37,49,1,54,46,98,89,65,45,4,48,52,74,59,44,3,18,91,61,55,39,24,13,0,6,31,75,56,87,77,57,73,12,8,25,34,28,43,11,62,35,20,16,72,41,94,63,42,21,17,53,95,76,15,67,32,80,83,85,70,78,2,9,29,51,84,7,58,30,93,79,81,19,33,86,60,96,64,97,22,23,50,82,90,14,26,69,47,88,36,71,27,5,38,99;178;72650
Memetic;9;data/FIS100-4.txt;100;15,10,32,82,93,73,90,16,56,1,20,46,98,18,3,64,80,31,5,86,6,92,37,44,59,69,91,61,49,50,23,75,7,2,47,40,66,78,67,22,62,9,0,88,58,97,76,34,63,33,30,14,84,51,87,77,57,4,45,28,70,42,94,99,48,74,13,38,11,36,17,83,85,81,39,24,89,95,53,55,26,52,19,29,68,54,72,60,96,41,8,12,25,21,27,71,35,79,43,65;180;73811
Memetic;10;data/FIS100-4.txt;100;37,92,28,76,25,8,12,82,84,86,0,44,32,50,49,61,13,99,94,36,93,30,33,19,97,68,31,75,56,87,77,57,38,47,2,15,1,85,51,78,20,62,43,71,65,45,4,88,5,91,7,58,27,70,89,24,39,46,69,54,17,21,59,35,79,55,90,29,41,22,11,10,18,67,64,3,52,74,80,81,98,83,14,26,63,96,60,95,53,66,40,42,9,16,72,73,34,48,6,23;175;75659
Memetic;11;data/FIS100-4.txt;100;42,14,75,63,94,86,88,28,87,21,35,2,10,32,60,96,41,56,33,6,92,83,98,89,24,39,57,52,48,19,15,59,77,78,8,82,84,80,64,70,58,11,38,17,72,73,25,46,20,22,30,26,69,61,27,71,36,85,53,95,74,79,23,37,43,55,90,29,18,3,47,40,51,93,4,45,34,50,49,81,65,5,31,12,62,66,68,99,7,91,54,97,76,16,67,1,44,0,13,9;175;71526
Memetic;12;data/FIS100-4.txt;100;17,38,8,12,62,35,86,84,13,34,21,78,77,59,44,37,23,79,31,91,69,55,14,42,1,15,52,25,74,60,19,33,63,80,64,67,51,20,29,18,3,11,58,27,68,92,54,6,83,85,81,30,0,22,43,76,75,96,41,72,16,9,24,39,46,98,89,88,70,28,45,4,48,32,50,49,61,56,97,87,95,53,66,40,47,36,10,2,5,7,26,82,93,73,90,57,65,71,94,99;176;61586
Memetic;13;data/FIS100-4.txt;100;6,34,37,92,10,2,47,16,72,93,45,12,8,25,73,85,84,89,95,31,79,19,33,30,68,29,0,9,42,56,43,28,23,17,21,5,71,65,57,52,3,78,77,63,75,7,58,27,70,64,80,81,98,46,74,13,53,41,54,97,87,51,20,1,36,94,11,62,22,67,69,76,96,60,86,35,59,14,26,55,38,99,39,24,61,91,18,88,32,48,4,40,15,50,49,66,82,90,44,83;174;64164
Memetic;14;data/FIS100-4.txt;100;32,23,50,49,66,30,28,3,5,38,12,73,54,79,55,90,29,10,36,17,72,97,86,84,14,62,9,16,18,83,85,1,20,22,41,76,75,96,60,82,33,19,52,57,65,45,4,93,89,88,70,0,44,15,98,81,80,31,74,25,8,2,53,95,87,7,58,35,68,64,27,78,67,51,40,47,37,46,24,39,99,94,71,48,6,34,21,42,63,77,56,43,11,92,13,26,69,91,61,59;174;66126
Memetic;15;data/FIS100-4.txt;100;5,95,74,79,23,22,71,36,87,97,72,17,24,9,20,33,45,65,57,52,19,11,10,92,41,94,63,90,34,27,70,85,56,55,43,28,88,89,81,80,64,67,58,62,49,50,15,40,6,83,14,26,82,60,96,75,84,86,35,13,0,44,25,68,66,30,53,1,54,7,91,32,98,29,18,3,51,47,37,2,8,12,39,99,38,46,16,31,21,59,61,69,76,73,77,78,42,48,4,93;179;73191
Memetic;16;data/FIS100-4.txt;100;73,43,65,27,70,85,83,66,62,34,48,13,9,45,28,88,89,98,81,30,76,16,74,15,40,95,5,71,36,87,97,72,64,67,58,35,25,12,8,38,29,68,99,94,41,56,18,3,59,57,77,78,42,20,22,23,37,47,51,90,55,79,11,53,2,10,33,63,80,84,86,0,44,92,24,52,19,39,17,26,14,82,60,96,75,31,21,32,50,93,4,46,1,49,61,69,91,7,54,6;175;74688
Memetic;17;data/FIS100-4.txt;100;22,43,53,86,84,14,26,31,95,33,19,89,98,83,92,46,61,20,58,7,75,21,78,3,52,5,77,57,59,12,73,72,30,68,64,67,32,82,45,4,48,39,76,70,85,71,65,15,10,24,38,99,94,63,44,17,42,9,13,35,79,74,81,62,55,25,49,1,56,36,90,29,50,23,11,37,18,66,88,96,60,0,69,91,16,47,2,8,41,54,97,87,6,34,27,80,28,93,51,40;175;69024
Memetic;18;data/FIS100-4.txt;100;17,38,8,12,62,35,86,84,13,34,21,78,77,59,44,37,23,79,31,91,69,55,14,42,1,15,52,25,74,60,19,33,63,80,64,67,51,20,29,18,3,11,58,27,68,92,54,6,83,85,81,30,0,22,43,76,75,96,41,72,16,9,24,39,46,98,89,88,70,28,45,4,48,32,50,49,61,56,97,87,95,53,66,40,47,36,10,2,5,7,26,82,93,73,90,57,65,71,94,99;176;61586
Memetic;19;data/FIS100-4.txt;100;7,75,9,83,85,70,28,43,8,38,5,31,23,84,61,91,18,88,4,45,93,49,99,17,64,27,72,30,14,59,57,77,87,51,76,41,53,12,96,60,82,26,29,98,32,67,80,66,40,13,0,44,24,39,25,56,36,73,65,81,19,1,42,63,33,10,15,21,20,46,69,54,68,48,71,94,86,95,89,74,52,3,78,22,97,50,34,6,92,37,62,11,2,47,16,90,55,79,35,58;175;66630
Memetic;20;data/FIS100-4.txt;100;46,56,37,44,0,13,9,16,76,95,31,79,7,58,20,80,28,93,61,30,39,99,68,35,59,3,18,91,69,26,14,41,32,50,49,97,29,81,1,42,40,66,54,72,73,36,4,23,11,62,43,75,63,98,89,24,52,2,78,22,84,55,25,53,17,38,8,12,82,45,19,60,74,70,85,83,34,6,48,71,94,88,96,86,33,10,15,21,87,77,5,27,64,67,51,47,65,57,90,92;179;68904
Memetic;21;data/FIS100-4.txt;100;6,94,99,47,2,7,26,23,84,61,59,44,45,33,30,68,64,3,18,14,82,90,78,42,70,0,13,9,16,76,75,98,81,19,12,8,25,55,56,72,97,87,77,85,73,53,43,37,39,24,89,88,49,1,20,62,66,92,46,54,29,51,67,69,91,31,65,15,28,93,79,50,58,35,86,48,95,4,40,63,57,71,27,5,38,36,52,60,96,41,22,11,10,32,17,83,80,74,21,34;175;65733
Memetic;22;data/FIS100-4.txt;100;18,0,13,32,80,64,25,53,17,36,10,2,41,81,85,83,6,34,62,35,26,29,19,15,76,24,89,95,31,5,38,73,54,79,7,58,22,72,97,75,84,61,59,3,47,40,99,94,71,57,65,66,68,30,33,20,1,21,27,70,82,93,45,12,42,9,16,91,69,74,60,52,48,4,51,67,78,90,92,28,98,46,63,44,37,11,23,50,49,88,96,86,87,77,56,43,8,39,55,14;176;67957
Memetic;23;data/FIS100-4.txt;100;0,13,9,16,95,60,96,88,94,79,7,58,50,23,17,10,11,2,37,44,19,43,53,59,89,70,78,27,5,38,8,52,25,57,65,66,92,48,4,45,28,93,49,99,47,3,18,91,69,62,34,6,83,85,81,80,64,67,51,40,31,75,84,86,35,72,30,33,63,98,46,74,36,71,24,39,12,14,26,55,90,82,32,41,22,20,61,56,42,21,1,15,76,73,77,87,97,54,68,29;175;70458
Memetic;24;data/FIS100-4.txt;100;11,62,20,58,7,79,19,33,45,36,88,89,98,32,95,5,52,2,53,10,74,80,84,86,35,25,3,18,29,26,63,60,96,75,97,72,17,64,27,78,77,56,42,9,87,71,57,67,51,13,0,44,37,23,50,15,1,54,21,59,61,93,82,70,28,43,76,73,38,55,34,48,4,40,66,92,68,31,91,94,99,47,69,46,24,39,12,8,41,65,6,83,14,49,16,90,85,81,30,22;176;75303
Memetic;25;data/FIS100-4.txt;100;0,29,54,52,74,69,91,31,59,14,18,4,36,47,51,81,49,44,37,92,41,94,99,38,5,21,42,63,40,45,33,19,79,93,61,20,1,85,83,80,24,68,10,15,50,23,46,25,73,72,35,86,84,22,78,2,11,3,65,57,39,12,8,17,16,30,26,55,53,95,60,96,75,76,43,28,98,89,88,70,34,6,48,66,97,58,7,87,77,71,27,64,67,32,82,90,56,62,9,13;175;67715
Memetic;26;data/FIS100-4.txt;100;1,3,18,36,90,14,26,82,60,96,38,55,17,83,50,23,11,58,70,89,95,86,88,73,72,93,61,91,69,85,8,64,47,99,94,63,21,31,5,35,68,66,40,45,19,79,32,80,67,51,4,7,2,53,25,74,59,44,37,92,6,34,27,78,57,52,48,12,62,81,98,84,13,9,24,39,46,20,42,56,77,87,71,43,65,15,10,33,30,28,0,29,22,41,54,97,75,76,16,49;190;77334
Memetic;27;data/FIS100-4.txt;100;17,38,8,12,62,35,86,84,13,34,21,78,77,59,44,37,23,79,31,91,69,74,60,19,33,63,80,64,67,51,20,29,18,3,11,58,27,68,92,54,6,83,85,81,30,0,22,43,76,75,96,41,72,16,9,24,39,46,98,89,88,70,28,45,4,48,32,50,49,61,25,52,15,1,42,14,55,56,97,87,95,53,66,40,47,36,10,2,5,7,26,82,93,73,90,57,65,71,94,99;176;60833
Memetic;28;data/FIS100-4.txt;100;95,5,22,3,18,67,64,70,28,45,4,7,26,55,73,72,54,29,37,23,50,49,66,53,88,61,91,69,42,32,14,82,90,16,47,40,99,94,71,43,65,27,78,51,87,77,57,38,24,9,13,35,36,52,41,96,60,63,44,17,21,1,20,46,39,31,6,0,30,33,12,25,74,48,92,83,98,81,19,79,56,85,59,93,68,97,86,84,80,75,76,15,10,2,8,11,34,62,58,89;177;74700
Memetic;29;data/FIS100-4.txt;100;17,38,8,12,62,35,86,84,13,34,21,78,77,59,44,37,23,79,31,91,69,74,60,19,33,63,80,64,67,51,20,29,18,3,11,58,27,68,92,54,6,83,85,81,30,0,22,43,76,75,96,41,72,16,9,24,39,46,98,89,88,70,28,45,4,48,32,50,49,61,25,52,15,1,42,14,55,56,97,87,95,53,66,40,47,36,10,2,5,7,26,82,93,73,90,57,65,71,94,99;176;60833
Memetic;30;data/FIS100-4.txt;100;43,56,92,44,45,4,40,66,68,35,20,1,21,22,97,49,61,88,57,52,60,74,89,98,75,31,65,5,10,36,17,54,72,93,28,80,24,39,46,69,96,76,95,53,91,18,58,7,87,86,33,14,30,81,51,38,50,34,6,83,85,73,12,42,9,13,0,29,26,63,77,59,3,47,16,67,78,90,82,37,62,11,23,84,55,79,19,15,48,99,94,71,70,27,64,25,8,2,41,32;175;65976
GeneticImproved;1;data/FIS50-0.txt;50;10,17,29,46,28,7,3,34,43,47,8,12,13,16,36,2,25,48,1,23,31,6,35,21,27,20,14,49,15,39,0,5,18,9,24,44,37,22,38,40,41,19,4,26,11,42,30,32,33,45;221;79422
GeneticImproved;2;data/FIS50-0.txt;50;31,48,6,37,32,22,14,7,41,44,38,23,1,43,16,9,8,10,39,49,17,5,2,20,4,34,45,30,40,3,15,18,33,28,35,13,12,42,47,27,29,25,21,11,24,46,19,26,0,36;224;59146
GeneticImproved;3;data/FIS50-0.txt;50;10,25,15,18,33,5,21,11,8,12,9,13,16,48,40,17,29,27,47,42,38,22,35,6,31,37,44,34,3,0,36,30,46,28,32,19,24,39,49,14,23,1,43,41,20,2,4,26,7,45;222;60170
GeneticImproved;4;data/FIS50-0.txt;50;5,26,35,28,17,22,14,0,1,4,19,49,40,48,16,30,3,23,13,24,43,39,46,44,38,29,25,18,15,45,34,11,42,47,8,12,37,32,20,9,21,27,33,41,7,2,31,6,36,10;223;63137
GeneticImproved;5;data/FIS50-0.txt;50;21,25,10,7,4,26,18,32,34,37,28,45,31,41,20,2,1,16,13,39,15,49,12,9,23,33,35,6,29,48,14,40,3,46,44,27,38,22,17,43,36,0,19,24,47,8,11,42,30,5;221;69998
GeneticImproved;6;data/FIS50-0.txt;50;29,25,18,7,2,23,14,49,15,27,44,8,43,4,34,45,33,10,5,26,19,36,0,1,38,48,40,20,3,12,9,21,30,41,13,39,42,11,31,6,28,22,32,37,46,24,47,35,16,17;227;69797
GeneticImproved;7;data/FIS50-0.txt;50;39,49,5,12,14,40,3,20,2,7,10,25,21,11,24,17,28,19,41,9,15,27,37,32,38,42,44,46,31,8,33,45,30,34,47,43,36,22,29,6,35,48,16,13,0,1,23,4,26,18;223;55011
GeneticImproved;8;data/FIS50-0.txt;50;10,18,33,32,6,36,43,39,47,34,4,45,19,49,14,40,3,0,13,24,46,31,35,21,30,42,11,26,27,15,20,8,44,37,28,17,22,5,2,7,41,29,38,23,9,12,1,16,48,25;222;61734
GeneticImproved;9;data/FIS50-0.txt;50;0,24,44,46,19,45,3,30,20,36,2,5,21,25,23,1,49,15,18,33,22,47,35,48,27,26,6,40,14,9,12,8,31,28,37,32,38,43,4,34,11,42,39,13,16,17,29,41,10,7;234;52980
GeneticImproved;10;data/FIS50-0.txt;50;1,0,13,4,26,27,31,28,34,47,42,39,49,15,18,20,41,29,38,48,40,17,22,5,2,7,19,10,25,21,30,45,14,23,6,36,43,24,11,8,12,9,16,35,44,37,32,46,3,33;221;55889
GeneticImproved;11;data/FIS50-0.txt;50;45,10,42,39,8,20,41,29,25,21,44,34,4,27,12,26,19,46,37,31,36,6,28,11,35,47,24,13,9,16,48,40,17,5,2,7,23,14,49,15,18,22,30,32,38,43,0,1,33,3;224;52905
GeneticImproved;12;data/FIS50-0.txt;50;5,21,30,43,36,10,25,0,8,12,14,40,26,4,7,28,35,2,11,37,16,1,15,48,23,31,6,29,38,42,47,22,46,3,45,19,41,9,20,27,44,34,32,13,24,17,49,39,18,33;224;70750
GeneticImproved;13;data/FIS50-0.txt;50;13,32,37,21,25,18,15,48,40,3,46,5,30,29,38,23,7,14,22,28,41,43,0,39,42,11,31,6,36,33,10,45,19,49,17,8,12,26,35,47,27,16,1,2,20,4,34,44,24,9;231;56945
GeneticImproved;14;data/FIS50-0.txt;50;6,31,48,15,39,8,12,14,40,30,45,34,44,24,19,46,3,0,1,23,4,43,37,33,10,25,21,26,18,38,49,17,5,2,20,32,29,41,13,9,16,36,47,22,7,27,11,42,28,35;224;58814
GeneticImproved;15;data/FIS50-0.txt;50;16,48,35,47,5,30,3,25,23,38,43,0,42,28,37,11,21,26,27,44,34,45,15,18,22,32,29,46,7,4,1,2,31,6,36,33,10,39,40,17,24,9,12,8,20,14,49,19,41,13;224;60936
GeneticImproved;16;data/FIS50-0.txt;50;23,4,26,27,44,34,28,32,14,20,41,33,24,11,21,47,5,39,0,43,36,2,7,22,30,42,12,8,17,16,9,13,35,29,38,49,40,6,31,37,46,19,45,3,25,10,18,15,48,1;226;57340
GeneticImproved;17;data/FIS50-0.txt;50;17,16,9,12,8,31,37,32,13,5,2,20,7,22,36,43,0,39,42,3,46,24,11,4,26,27,28,34,30,45,33,18,15,49,19,41,1,23,14,47,35,21,25,10,48,6,29,38,44,40;223;54329
GeneticImproved;18;data/FIS50-0.txt;50;6,29,22,38,43,27,30,32,20,13,9,12,8,46,3,34,4,1,0,5,17,28,45,31,48,15,18,25,21,11,42,39,49,14,23,2,7,19,24,33,36,10,26,35,47,16,37,44,41,40;222;64693
GeneticImproved;19;data/FIS50-0.txt;50;7,27,12,30,29,41,4,34,11,35,44,37,32,14,48,40,18,15,23,47,8,13,5,2,31,6,36,28,49,39,42,33,10,25,3,46,19,45,17,16,1,0,24,43,38,22,26,21,9,20;226;59410
GeneticImproved;20;data/FIS50-0.txt;50;46,24,13,9,16,17,5,2,7,23,38,49,22,18,15,44,8,35,6,26,27,33,28,37,1,48,31,36,0,3,34,45,30,40,14,39,10,25,21,11,19,41,4,43,47,42,12,20,32,29;223;58503
GeneticImproved;21;data/FIS50-0.txt;50;15,31,6,48,10,18,39,42,38,32,20,40,26,21,25,29,46,19,49,14,23,2,7,22,17,36,43,47,8,11,24,44,27,4,34,30,41,1,0,3,9,13,16,35,28,37,12,5,33,45;223;60995
GeneticImproved;22;data/FIS50-0.txt;50;21,23,25,10,45,19,49,5,2,20,41,35,44,37,32,46,3,33,1,0,43,38,29,27,31,6,36,42,11,26,4,13,39,47,22,7,14,48,40,18,15,17,8,12,30,34,28,16,24,9;221;56090
GeneticImproved;23;data/FIS50-0.txt;50;15,25,23,13,9,21,26,27,47,35,2,36,43,16,39,0,19,17,28,45,33,24,46,37,44,4,34,3,11,5,22,49,38,1,7,10,48,6,31,8,12,42,30,40,14,32,29,41,20,18;222;58501
GeneticImproved;24;data/FIS50-0.txt;50;33,18,40,26,12,15,49,5,46,32,22,14,19,41,29,6,39,21,44,4,34,30,42,36,0,1,43,38,23,9,20,2,7,10,48,31,8,25,3,45,27,47,35,13,16,17,28,37,11,24;226;64096
GeneticImproved;25;data/FIS50-0.txt;50;27,31,8,11,42,28,45,30,3,34,44,24,19,7,2,20,32,38,49,14,23,9,12,5,21,40,48,25,26,4,1,0,43,36,39,13,37,6,29,17,16,46,22,47,35,41,33,10,18,15;225;54680
GeneticImproved;26;data/FIS50-0.txt;50;49,14,12,9,16,48,40,30,42,47,27,24,11,21,26,17,22,7,5,13,8,44,34,4,41,1,23,25,18,15,20,2,10,33,28,36,0,3,45,19,46,32,37,31,35,6,29,38,43,39;220;58160
GeneticImproved;27;data/FIS50-0.txt;50;45,42,11,22,7,18,10,21,25,29,48,15,31,8,12,9,23,14,40,6,28,35,26,27,4,33,32,38,43,41,1,2,20,36,37,44,34,3,30,16,47,24,13,5,17,49,19,0,39,46;221;71586
GeneticImproved;28;data/FIS50-0.txt;50;35,20,12,26,49,14,9,8,10,34,11,42,47,40,18,15,39,46,44,37,28,24,13,16,43,7,29,17,22,5,2,31,32,33,36,0,27,21,25,23,1,38,19,41,4,30,3,45,6,48;220;75062
GeneticImproved;29;data/FIS50-0.txt;50;26,5,10,2,20,8,31,37,44,34,32,30,41,40,38,23,6,17,29,48,16,1,15,14,22,42,39,18,7,19,49,12,27,4,11,9,21,25,0,36,43,47,24,13,35,28,46,3,33,45;219;65308
GeneticImproved;30;data/FIS50-0.txt;50;45,33,35,25,21,27,7,2,20,41,40,12,42,11,26,4,17,6,37,32,46,31,8,15,18,28,34,44,24,19,1,23,38,43,39,49,22,14,9,16,48,29,3,0,13,47,5,10,36,30;224;59330
GeneticImproved;1;data/FIS50-1.txt;50;37,14,0,16,29,36,42,44,15,43,10,26,21,49,11,22,38,39,19,45,31,2,12,9,23,6,34,27,28,13,3,30,8,41,17,7,24,4,18,40,35,32,33,1,46,5,47,20,48,25;234;60731
GeneticImproved;2;data/FIS50-1.txt;50;8,41,22,49,48,15,3,2,21,11,25,14,30,27,34,9,12,1,0,39,19,45,29,40,44,36,17,23,6,33,38,47,5,43,28,13,31,42,35,4,16,46,10,26,37,7,24,20,32,18;223;64416
GeneticImproved;3;data/FIS50-1.txt;50;2,33,46,20,23,17,36,44,6,45,29,16,4,38,47,31,11,22,49,5,13,3,19,32,35,42,18,30,7,24,1,12,9,21,28,34,0,37,25,39,8,41,14,48,15,43,10,26,40,27;225;56054
GeneticImproved;4;data/FIS50-1.txt;50;45,14,1,0,2,6,23,19,32,22,44,37,36,5,11,8,13,28,46,26,40,41,30,18,42,35,20,12,21,34,29,39,25,17,9,3,15,7,48,49,43,33,10,27,31,47,38,24,4,16;224;60085
GeneticImproved;5;data/FIS50-1.txt;50;41,23,29,35,42,31,37,0,1,18,30,26,40,27,28,21,2,6,33,9,43,10,15,3,38,16,45,14,36,32,19,12,11,49,25,17,22,44,47,5,13,4,24,7,48,34,46,20,39,8;224;60037
GeneticImproved;6;data/FIS50-1.txt;50;4,0,22,14,36,28,46,20,31,13,3,15,7,43,5,25,39,42,41,23,29,12,26,10,27,34,21,9,19,8,11,1,33,24,38,47,49,48,17,45,6,2,18,30,32,35,44,40,37,16;224;58652
GeneticImproved;7;data/FIS50-1.txt;50;47,49,48,14,32,9,19,45,29,11,12,18,42,22,44,36,5,25,16,38,3,15,6,34,27,2,43,10,39,0,1,33,46,20,17,13,8,4,24,7,37,35,41,28,21,30,40,26,23,31;226;58526
GeneticImproved;8;data/FIS50-1.txt;50;11,22,44,37,7,24,23,27,40,35,42,1,46,33,3,15,47,8,4,0,16,41,17,13,6,48,49,5,43,2,31,34,38,39,25,14,45,29,20,12,18,30,32,26,10,36,28,21,9,19;221;64063
GeneticImproved;9;data/FIS50-1.txt;50;40,35,32,10,15,7,22,11,43,5,34,4,16,37,20,48,6,44,47,49,45,19,14,1,0,12,9,23,17,24,26,36,28,21,2,31,27,30,8,41,18,38,3,13,29,33,46,42,39,25;226;59604
GeneticImproved;10;data/FIS50-1.txt;50;48,27,30,21,9,32,47,38,16,45,29,37,44,36,5,14,4,8,13,24,23,31,42,46,3,19,11,43,10,26,40,35,25,17,7,2,6,34,28,12,18,41,22,0,1,33,15,39,20,49;225;59147
GeneticImproved;11;data/FIS50-1.txt;50;11,8,13,28,41,42,39,37,14,18,20,12,31,19,32,22,46,33,10,27,40,29,34,21,17,25,49,45,16,0,1,35,9,43,7,15,3,2,47,30,38,24,4,5,48,26,23,6,44,36;225;71051
GeneticImproved;12;data/FIS50-1.txt;50;18,6,8,4,0,16,29,45,14,22,11,19,3,46,33,1,12,20,48,34,27,2,31,43,24,7,37,44,17,41,13,28,36,42,49,21,9,10,26,15,35,40,5,25,23,39,38,47,32,30;222;63963
GeneticImproved;13;data/FIS50-1.txt;50;18,47,38,2,6,45,29,11,5,19,32,34,48,49,15,7,22,14,25,41,40,44,20,37,1,0,39,42,36,17,21,30,26,43,10,8,13,35,33,46,16,4,9,3,12,31,27,28,23,24;228;67402
GeneticImproved;14;data/FIS50-1.txt;50;13,8,6,14,19,32,24,37,25,39,38,22,7,4,3,15,48,49,21,9,10,33,46,16,45,11,36,27,40,35,41,28,29,30,31,12,26,44,42,18,20,47,5,43,2,1,0,34,23,17;223;77566
GeneticImproved;15;data/FIS50-1.txt;50;29,16,4,35,40,26,14,20,12,15,3,9,44,37,42,36,28,17,41,21,49,45,19,5,11,8,47,38,22,32,18,24,13,6,34,31,23,25,39,48,7,46,1,0,30,43,2,27,10,33;224;65359
GeneticImproved;16;data/FIS50-1.txt;50;8,41,22,49,33,48,15,7,30,43,28,21,24,4,16,29,45,36,44,42,46,20,39,11,14,5,40,35,13,26,10,27,18,32,19,12,3,9,23,17,25,37,0,1,2,31,47,38,34,6;222;67334
GeneticImproved;17;data/FIS50-1.txt;50;1,0,16,37,20,42,35,40,7,24,4,9,21,28,29,30,8,41,22,44,25,49,11,12,2,33,46,3,13,6,18,15,27,47,5,43,10,26,32,19,23,31,34,38,39,36,14,45,17,48;226;61374
GeneticImproved;18;data/FIS50-1.txt;50;10,43,7,17,24,18,40,35,32,30,29,13,5,19,9,21,28,27,31,36,44,20,12,15,3,2,6,45,11,22,38,39,37,16,0,1,33,46,42,47,49,48,34,25,14,4,8,41,23,26;227;49951
GeneticImproved;19;data/FIS50-1.txt;50;44,37,6,16,4,11,3,33,27,48,49,15,47,5,21,34,29,45,19,9,23,25,39,41,28,12,26,10,46,30,31,2,38,42,36,14,22,0,1,18,40,43,24,32,20,17,7,8,13,35;222;69278
GeneticImproved;20;data/FIS50-1.txt;50;2,16,0,1,18,4,24,23,29,5,25,39,11,19,9,22,47,38,34,7,17,12,20,48,15,43,14,27,10,33,35,32,30,8,41,42,36,28,46,26,40,44,31,37,6,13,3,45,49,21;223;62580
GeneticImproved;21;data/FIS50-1.txt;50;9,44,38,33,3,19,11,29,40,26,10,43,5,13,4,24,7,17,12,20,18,1,0,2,21,30,32,47,42,36,8,41,22,46,28,31,34,6,23,15,49,45,16,27,48,39,25,37,14,35;223;64986
GeneticImproved;22;data/FIS50-1.txt;50;4,14,45,38,47,8,15,7,17,24,18,30,26,32,35,40,42,44,31,23,29,20,12,9,21,28,36,43,39,37,16,25,34,48,27,10,46,33,1,0,2,3,13,41,49,22,11,19,5,6;226;56679
GeneticImproved;23;data/FIS50-1.txt;50;2,0,1,46,28,44,15,43,5,48,34,21,26,40,35,42,36,17,13,3,19,11,39,38,33,37,6,8,4,24,18,41,23,9,32,22,49,47,7,20,10,29,45,16,25,14,30,27,31,12;227;60405
GeneticImproved;24;data/FIS50-1.txt;50;17,7,22,49,21,13,28,46,19,12,11,5,40,35,27,30,14,45,39,38,34,4,0,16,29,18,41,8,32,3,33,43,24,1,48,47,44,20,37,6,2,31,42,36,26,10,15,9,23,25;222;66453
GeneticImproved;25;data/FIS50-1.txt;50;38,16,45,29,28,13,6,37,39,43,36,26,21,32,35,33,49,11,19,3,44,40,5,12,31,42,41,17,48,15,47,8,18,30,14,4,9,10,25,23,34,7,24,20,46,22,0,1,27,2;224;67595
GeneticImproved;26;data/FIS50-1.txt;50;30,29,13,24,20,48,49,11,43,7,17,41,23,34,21,5,3,32,8,36,44,40,26,14,6,2,47,42,46,33,1,28,9,10,27,16,37,25,39,0,4,35,19,45,38,22,15,18,12,31;222;72403
GeneticImproved;27;data/FIS50-1.txt;50;33,27,10,36,44,20,4,16,46,28,21,11,12,31,30,47,18,8,41,17,7,22,49,25,37,14,35,6,13,24,23,26,32,34,42,39,38,3,15,48,5,43,2,1,0,40,29,45,19,9;229;64428
GeneticImproved;28;data/FIS50-1.txt;50;4,13,41,18,24,30,26,40,43,33,9,34,38,44,31,7,17,36,11,22,16,37,25,39,42,28,12,15,3,2,0,1,46,5,48,49,21,32,19,23,6,27,10,20,47,8,29,45,14,35;262;65292
GeneticImproved;29;data/FIS50-1.txt;50;16,4,24,38,39,35,32,33,10,20,48,34,0,37,5,43,2,6,14,25,23,19,45,31,13,3,46,11,49,47,44,36,28,9,12,1,18,15,27,30,21,26,40,29,8,41,17,7,22,42;223;61592
GeneticImproved;30;data/FIS50-1.txt;50;27,34,31,12,21,49,48,15,18,14,4,8,41,47,44,20,22,11,1,0,2,6,5,36,28,42,35,32,19,9,23,17,24,38,39,25,37,16,45,29,40,7,43,13,3,30,26,46,33,10;224;59384
GeneticImproved;1;data/FIS50-2.txt;50;32,12,19,26,7,9,45,21,8,11,48,44,47,31,22,0,4,27,25,35,49,1,18,2,33,28,46,42,34,37,6,38,40,24,30,43,16,41,14,29,10,36,17,20,13,15,3,23,5,39;228;68060
GeneticImproved;2;data/FIS50-2.txt;50;21,14,7,16,29,23,42,17,36,32,0,4,20,44,19,25,46,13,5,6,40,31,22,30,39,49,28,18,47,48,35,43,9,45,33,2,27,1,10,24,37,34,3,15,12,26,38,41,8,11;227;67006
GeneticImproved;3;data/FIS50-2.txt;50;27,3,15,35,13,0,32,4,20,10,24,39,49,1,34,21,45,9,33,2,47,18,42,48,44,37,43,19,11,8,41,25,46,28,31,22,12,14,7,16,29,23,40,6,5,30,38,26,36,17;223;57243
GeneticImproved;4;data/FIS50-2.txt;50;3,29,9,43,23,2,16,26,37,39,49,1,41,19,44,34,22,30,45,33,32,4,6,36,17,46,25,42,28,21,11,10,24,40,35,13,5,7,31,48,0,12,8,47,38,20,14,18,15,27;227;58226
GeneticImproved;5;data/FIS50-2.txt;50;48,47,23,11,4,7,31,43,49,28,2,33,26,30,16,18,1,19,14,21,45,17,41,8,20,3,34,42,46,36,6,9,27,25,37,32,39,22,24,10,15,29,40,44,38,12,0,5,13,35;223;56604
GeneticImproved;6;data/FIS50-2.txt;50;38,12,6,17,42,36,37,24,30,16,3,5,13,21,11,4,0,9,22,31,43,19,20,7,26,18,47,2,25,8,34,49,1,23,14,28,48,44,41,32,40,29,10,15,27,33,35,46,39,45;233;66703
GeneticImproved;7;data/FIS50-2.txt;50;12,37,47,42,17,27,3,34,40,24,10,15,29,36,16,32,11,28,2,30,23,1,49,35,13,33,9,19,4,18,26,7,14,43,25,46,5,6,20,8,41,39,45,21,31,48,44,38,22,0;222;78037
GeneticImproved;8;data/FIS50-2.txt;50;33,26,16,20,14,18,46,28,21,45,8,12,3,34,22,39,31,43,49,42,15,35,13,5,7,24,40,37,25,27,9,0,2,1,10,36,29,47,38,30,17,6,4,23,19,44,48,11,32,41;224;65837
GeneticImproved;9;data/FIS50-2.txt;50;33,2,47,18,26,16,5,8,11,41,44,38,12,28,42,15,27,22,34,32,39,46,24,10,1,19,30,7,14,21,45,20,25,23,40,37,43,3,36,29,49,6,4,0,9,31,17,48,35,13;223;69642
GeneticImproved;10;data/FIS50-2.txt;50;39,46,30,21,11,10,24,47,8,12,3,34,48,44,37,43,29,28,14,7,26,27,17,20,4,23,40,35,49,13,33,2,19,9,22,31,25,42,15,0,32,36,6,5,16,18,1,41,38,45;225;69812
GeneticImproved;11;data/FIS50-2.txt;50;18,2,33,6,9,22,31,38,12,28,19,39,49,23,4,0,14,43,11,8,30,24,40,44,46,45,21,16,3,5,13,32,29,35,48,17,42,15,10,36,27,47,25,20,7,26,37,34,41,1;224;60124
GeneticImproved;12;data/FIS50-2.txt;50;32,18,46,28,2,0,5,3,34,22,9,21,8,12,1,19,16,30,39,31,43,49,45,47,38,41,11,24,27,15,42,48,44,37,40,23,25,20,14,7,26,33,35,4,6,17,29,36,10,13;225;62821
GeneticImproved;13;data/FIS50-2.txt;50;17,43,22,9,20,2,23,19,38,44,46,25,45,21,11,10,24,37,40,6,5,7,31,28,49,34,26,12,0,14,3,27,33,41,1,8,47,48,42,32,36,16,15,29,4,18,13,35,30,39;222;70263
GeneticImproved;14;data/FIS50-2.txt;50;36,29,43,30,38,31,21,45,33,26,12,15,6,2,23,5,46,13,35,48,44,41,11,4,0,9,18,28,42,8,20,3,27,47,40,24,10,16,7,14,22,19,39,32,37,25,34,1,49,17;223;71981
GeneticImproved;15;data/FIS50-2.txt;50;7,14,12,26,18,47,24,15,42,17,43,3,37,6,9,22,31,48,35,25,27,4,20,10,21,28,49,45,33,2,13,0,30,38,44,46,5,41,1,34,32,39,19,11,8,23,40,29,36,16;220;60122
GeneticImproved;16;data/FIS50-2.txt;50;9,33,45,20,38,44,48,47,8,34,3,5,30,22,43,19,39,46,24,10,18,13,31,21,42,17,41,1,32,7,4,11,16,23,40,37,25,27,15,36,6,12,26,29,35,49,28,14,0,2;222;71810
GeneticImproved;17;data/FIS50-2.txt;50;44,38,41,8,11,25,37,40,23,3,5,21,31,7,9,24,15,10,29,47,2,33,32,13,12,6,18,28,42,16,27,4,0,14,20,17,45,39,46,36,1,49,35,43,22,34,26,30,19,48;223;65538
GeneticImproved;18;data/FIS50-2.txt;50;23,2,13,0,32,33,45,39,37,24,30,17,8,11,4,1,10,21,26,29,47,48,31,38,12,28,18,6,40,35,49,22,43,16,41,34,42,36,3,15,27,9,7,14,20,25,5,46,44,19;223;69703
GeneticImproved;19;data/FIS50-2.txt;50;22,38,31,43,29,15,1,41,39,19,4,0,32,7,35,10,36,14,45,9,28,2,18,13,20,44,25,46,8,11,21,40,37,24,27,17,42,48,47,33,5,6,49,34,26,30,23,16,3,12;226;62630
GeneticImproved;20;data/FIS50-2.txt;50;35,13,24,10,15,27,37,40,21,31,7,14,28,20,45,33,2,16,1,41,38,26,18,32,8,11,19,12,29,23,43,22,30,39,49,17,42,25,47,48,9,34,3,5,46,44,0,4,6,36;222;64334
GeneticImproved;21;data/FIS50-2.txt;50;40,24,15,4,49,1,17,45,33,30,23,2,18,26,5,46,29,47,25,42,28,21,16,20,14,0,13,35,7,27,3,34,12,38,31,48,44,41,8,10,36,32,39,19,11,6,9,22,43,37;224;62636
GeneticImproved;22;data/FIS50-2.txt;50;28,21,14,18,16,27,25,35,13,15,10,11,24,3,23,40,44,48,31,7,9,22,39,30,43,29,32,0,4,20,38,47,37,26,12,19,2,33,45,42,34,8,41,49,1,17,36,6,5,46;223;62730
GeneticImproved;23;data/FIS50-2.txt;50;48,47,2,33,32,8,11,17,27,25,37,39,40,24,10,16,21,30,43,9,29,7,31,38,22,12,3,34,36,45,49,28,46,5,6,4,23,14,26,18,42,20,44,19,41,1,15,35,13,0;230;59149
GeneticImproved;24;data/FIS50-2.txt;50;48,44,34,37,12,28,42,25,40,24,15,10,47,8,33,2,19,1,18,26,16,20,14,43,38,30,23,3,36,17,45,21,11,6,4,0,32,27,41,5,46,29,49,13,35,7,9,22,39,31;226;58129
GeneticImproved;25;data/FIS50-2.txt;50;36,35,46,39,24,30,22,31,48,47,27,4,7,26,37,29,15,10,13,5,3,12,8,34,49,28,21,16,40,38,41,1,18,2,23,43,9,6,11,19,14,20,25,32,33,45,44,0,42,17;226;64386
GeneticImproved;26;data/FIS50-2.txt;50;47,18,32,0,4,6,5,30,45,46,36,37,27,9,21,31,48,44,41,39,24,10,15,3,16,23,40,38,26,25,20,14,19,12,22,29,1,49,28,42,17,43,11,8,34,13,35,7,33,2;228;57042
GeneticImproved;27;data/FIS50-2.txt;50;30,38,26,12,19,11,8,0,2,33,45,17,42,20,4,18,16,23,40,25,47,27,3,34,43,14,36,6,5,7,9,22,39,46,28,49,1,15,24,37,32,41,44,48,31,21,13,10,29,35;224;63984
GeneticImproved;28;data/FIS50-2.txt;50;9,22,31,33,2,47,44,48,42,17,32,13,1,23,5,30,26,38,41,8,11,45,46,36,34,3,15,24,39,49,43,19,25,7,14,18,16,27,4,20,10,29,35,40,6,37,0,12,28,21;223;63052
GeneticImproved;29;data/FIS50-2.txt;50;47,2,19,12,28,49,13,8,11,41,16,43,21,45,33,26,30,5,6,38,31,22,9,7,35,48,44,0,4,1,10,36,17,46,25,40,39,32,34,3,23,42,15,27,24,37,29,20,14,18;223;68376
GeneticImproved;30;data/FIS50-2.txt;50;32,14,0,12,26,36,10,29,40,23,3,34,25,35,13,28,49,1,41,33,46,39,19,22,9,17,8,42,48,44,37,43,31,38,30,21,11,6,5,16,27,4,15,24,7,20,45,2,47,18;223;64794
GeneticImproved;1;data/FIS50-3.txt;50;13,42,6,22,25,43,12,33,46,11,8,18,48,45,41,44,31,24,21,10,23,14,47,29,17,9,28,38,36,49,19,40,3,34,2,27,20,1,4,32,26,7,15,16,5,30,37,39,35,0;247;56443
GeneticImproved;2;data/FIS50-3.txt;50;10,39,37,41,45,48,28,43,25,22,26,49,38,35,18,8,33,29,23,7,42,12,44,31,24,4,6,5,14,16,15,19,30,36,46,40,20,34,0,13,2,21,32,47,9,17,1,11,3,27;221;60150
GeneticImproved;3;data/FIS50-3.txt;50;23,33,6,25,7,15,8,18,44,37,2,35,17,48,39,41,27,20,11,22,12,26,19,30,38,34,43,49,1,42,16,45,24,40,3,0,13,28,21,31,14,29,10,4,36,46,5,9,47,32;222;65790
GeneticImproved;4;data/FIS50-3.txt;50;41,28,43,49,10,15,18,35,38,37,44,20,16,3,0,19,30,24,48,39,17,22,25,29,33,6,11,26,45,8,9,7,42,1,47,23,32,21,27,4,14,31,34,36,46,40,5,12,2,13;223;59508
GeneticImproved;5;data/FIS50-3.txt;50;20,31,21,6,2,27,22,47,32,16,14,11,12,5,45,24,48,19,40,3,34,0,26,1,30,37,39,17,43,28,41,9,44,33,29,23,8,18,35,38,36,46,42,7,25,15,49,10,4,13;225;59159
GeneticImproved;6;data/FIS50-3.txt;50;30,44,34,13,12,4,10,22,14,42,15,49,1,20,9,47,40,46,36,38,35,7,25,43,8,23,32,16,3,0,5,39,37,27,41,28,48,31,21,17,2,19,24,45,29,33,6,11,26,18;223;56282
GeneticImproved;7;data/FIS50-3.txt;50;34,25,7,17,29,32,44,33,23,38,47,35,40,20,27,41,11,8,18,12,43,49,1,2,13,39,37,30,19,15,0,3,22,6,42,16,45,48,24,4,10,28,21,31,14,26,9,5,46,36;239;45609
GeneticImproved;8;data/FIS50-3.txt;50;19,41,11,22,15,47,9,17,43,49,12,14,16,32,26,48,24,45,38,35,18,8,33,44,23,10,4,2,1,20,27,21,31,5,39,37,30,28,6,7,25,29,42,13,0,34,3,36,46,40;224;54865
GeneticImproved;9;data/FIS50-3.txt;50;34,0,19,10,25,6,22,14,29,33,26,9,5,31,21,36,46,38,49,30,18,15,12,2,13,28,45,8,11,41,27,20,1,42,23,44,32,16,17,39,37,24,4,43,7,48,47,35,40,3;219;51348
GeneticImproved;10;data/FIS50-3.txt;50;12,14,37,39,26,9,5,40,46,36,21,6,11,22,17,29,42,1,2,19,8,23,38,45,0,13,3,16,32,34,48,47,35,41,31,24,4,10,28,30,18,15,7,25,43,33,44,20,27,49;224;65012
GeneticImproved;11;data/FIS50-3.txt;50;29,32,47,14,12,4,10,28,16,41,11,5,7,9,49,1,34,20,44,33,43,30,42,13,0,26,45,8,23,18,15,3,22,6,25,31,21,27,2,37,39,17,35,38,36,46,40,19,48,24;222;60168
GeneticImproved;12;data/FIS50-3.txt;50;33,23,44,39,36,38,35,14,47,29,25,22,26,0,3,9,5,2,13,15,16,32,42,46,11,12,1,4,7,17,8,48,45,41,20,27,21,31,24,19,10,49,43,28,30,37,34,40,18,6;221;69919
GeneticImproved;13;data/FIS50-3.txt;50;35,37,39,13,2,6,21,32,31,33,44,30,9,11,1,42,17,22,4,28,16,47,29,24,45,14,26,7,15,8,18,48,40,46,36,38,23,25,34,43,49,10,0,3,27,20,5,12,19,41;225;57128
GeneticImproved;14;data/FIS50-3.txt;50;5,11,20,31,21,36,4,10,22,17,29,42,30,44,33,0,35,39,37,38,23,8,18,46,6,15,3,27,41,28,43,25,7,26,19,48,45,24,34,13,2,12,14,16,49,1,40,32,47,9;223;50432
GeneticImproved;15;data/FIS50-3.txt;50;4,10,25,7,38,37,27,33,6,15,0,3,9,29,24,45,30,18,8,43,36,26,32,21,31,14,16,46,40,19,41,28,48,39,17,22,11,20,34,13,2,49,1,42,23,44,47,35,5,12;229;57870
GeneticImproved;16;data/FIS50-3.txt;50;19,48,39,26,17,22,3,0,34,20,44,23,42,1,4,10,49,43,12,6,33,16,41,11,8,18,24,45,5,9,30,14,47,25,7,2,13,15,21,27,37,31,32,29,28,35,38,36,46,40;220;55347
GeneticImproved;17;data/FIS50-3.txt;50;39,36,34,32,11,13,2,27,10,49,38,35,25,31,20,1,40,21,46,18,6,42,30,44,33,26,0,3,45,4,22,12,43,19,41,28,48,16,17,7,15,47,14,5,9,8,23,29,24,37;221;55137
GeneticImproved;18;data/FIS50-3.txt;50;4,36,14,47,29,17,22,11,8,43,19,41,27,33,23,2,26,0,16,15,38,45,24,34,13,20,44,32,3,7,25,6,18,46,35,40,1,42,12,49,48,31,5,9,28,21,30,37,39,10;223;58446
GeneticImproved;19;data/FIS50-3.txt;50;8,23,47,9,30,11,46,21,45,16,3,0,34,44,33,39,5,27,10,28,43,36,4,24,37,31,14,20,13,2,12,1,17,26,18,48,49,19,41,35,40,6,22,25,29,32,42,38,7,15;224;61382
GeneticImproved;20;data/FIS50-3.txt;50;17,43,12,16,3,11,42,30,45,40,46,5,9,28,35,25,7,6,2,13,41,27,37,39,36,38,1,26,0,34,49,19,15,18,48,31,32,21,10,24,4,22,14,47,29,23,8,33,44,20;226;57057
GeneticImproved;21;data/FIS50-3.txt;50;35,7,14,1,11,20,13,42,46,36,34,25,31,21,10,24,16,45,28,41,27,15,0,3,9,8,48,49,23,32,29,17,22,6,4,12,5,39,37,2,26,18,30,44,33,43,19,40,47,38;227;60188
GeneticImproved;22;data/FIS50-3.txt;50;25,17,39,37,44,33,26,10,43,11,46,28,48,19,0,8,18,30,24,45,16,14,47,15,42,1,49,38,23,29,32,31,34,36,40,20,5,9,21,6,12,2,13,3,22,4,27,41,35,7;226;55952
GeneticImproved;23;data/FIS50-3.txt;50;25,49,34,38,18,30,44,31,37,14,16,28,10,19,43,33,46,40,1,42,27,41,13,20,21,36,2,6,4,12,11,32,47,9,22,17,39,3,0,26,5,35,24,48,45,29,23,8,15,7;225;64471
GeneticImproved;24;data/FIS50-3.txt;50;24,2,32,9,47,48,18,6,33,30,37,34,43,49,1,42,7,3,16,45,17,29,23,8,11,46,28,21,31,14,12,4,10,22,25,35,38,36,39,44,20,27,41,19,40,5,26,0,13,15;228;54947
GeneticImproved;25;data/FIS50-3.txt;50;3,8,23,44,34,13,0,15,21,36,39,37,32,11,30,4,41,27,20,40,46,19,2,6,7,42,1,49,38,35,18,16,45,24,29,14,12,5,31,25,43,33,26,17,22,10,28,48,47,9;223;60738
GeneticImproved;26;data/FIS50-3.txt;50;6,2,13,28,45,16,42,1,11,32,31,44,33,29,47,9,5,14,7,49,34,25,22,3,0,19,10,23,38,36,43,8,30,4,24,37,39,48,40,20,27,41,35,26,17,12,15,18,21,46;222;55267
GeneticImproved;27;data/FIS50-3.txt;50;0,13,34,39,48,24,10,28,21,32,29,23,38,47,35,40,18,8,33,27,41,31,20,11,5,9,26,14,45,17,22,4,36,46,37,44,30,19,15,7,42,1,49,2,6,25,43,12,16,3;226;48832
GeneticImproved;28;data/FIS50-3.txt;50;46,33,44,23,42,13,2,12,39,17,30,9,5,31,21,15,16,47,25,6,18,38,49,26,22,11,41,19,43,28,10,27,37,29,0,35,8,48,7,32,4,24,45,14,36,3,34,1,20,40;223;63085
GeneticImproved;29;data/FIS50-3.txt;50;48,28,41,27,21,6,11,9,47,15,35,0,2,4,12,5,14,7,26,10,22,25,29,45,38,31,32,16,17,43,33,44,20,13,34,49,23,42,1,24,37,39,36,3,40,19,30,46,18,8;222;60884
GeneticImproved;30;data/FIS50-3.txt;50;5,46,36,3,34,0,13,35,7,25,31,24,10,28,48,47,16,33,12,1,42,15,45,14,26,2,27,20,40,19,49,41,44,32,38,23,8,18,21,29,9,11,6,22,17,39,37,30,4,43;223;62927
GeneticImproved;1;data/FIS50-4.txt;50;42,25,12,27,17,45,47,24,26,18,5,11,49,32,35,0,22,33,21,40,23,46,34,48,30,38,3,44,19,7,20,15,29,37,6,43,8,39,2,4,1,14,41,36,13,28,10,16,9,31;226;63555
GeneticImproved;2;data/FIS50-4.txt;50;38,48,33,41,4,31,42,3,36,6,43,8,1,29,46,23,40,12,17,5,16,10,32,49,24,26,2,25,7,45,13,47,27,14,9,15,19,44,11,28,34,21,18,20,37,30,22,0,35,39;223;61946
GeneticImproved;3;data/FIS50-4.txt;50;6,37,3,42,2,20,22,4,30,8,35,0,43,17,45,7,19,47,15,25,12,49,32,10,28,18,26,40,24,36,5,29,1,14,41,33,48,38,39,13,16,9,31,21,46,34,44,23,27,11;226;55076
GeneticImproved;4;data/FIS50-4.txt;50;15,20,22,24,47,27,21,1,8,31,48,38,34,28,12,19,49,32,18,23,46,29,42,2,35,25,3,6,37,13,16,9,14,41,44,17,45,11,0,7,4,30,26,40,39,10,43,33,36,5;228;62270
GeneticImproved;5;data/FIS50-4.txt;50;3,44,41,22,4,16,26,17,45,1,29,46,2,20,18,11,0,7,13,47,34,28,5,39,8,43,6,23,25,42,35,19,15,12,10,32,49,24,36,40,21,27,30,48,38,33,31,9,14,37;231;67360
GeneticImproved;6;data/FIS50-4.txt;50;16,7,0,37,30,22,41,44,25,38,20,15,9,14,23,12,6,11,32,35,29,8,1,4,2,42,31,46,21,34,5,13,19,47,45,49,3,36,33,48,18,27,24,28,10,43,39,40,17,26;228;64251
GeneticImproved;7;data/FIS50-4.txt;50;12,24,36,18,23,44,37,6,46,25,38,20,2,42,7,16,41,33,21,40,27,14,1,8,5,11,49,32,47,19,15,4,43,13,9,31,39,35,29,26,17,28,30,22,0,10,3,48,34,45;225;68118
GeneticImproved;8;data/FIS50-4.txt;50;37,24,28,34,35,0,16,4,22,30,26,46,29,8,1,12,23,14,41,39,15,9,42,31,48,38,44,33,2,20,7,32,19,47,40,21,18,11,27,17,45,49,13,43,10,36,5,25,3,6;222;60905
GeneticImproved;9;data/FIS50-4.txt;50;31,39,40,38,10,43,13,49,32,9,14,27,30,28,34,24,29,11,5,4,1,8,26,17,45,0,22,46,21,33,42,35,41,16,7,25,12,37,6,3,48,18,20,2,23,44,15,47,19,36;222;62979
GeneticImproved;10;data/FIS50-4.txt;50;29,3,44,19,15,12,1,21,27,40,17,26,8,24,36,41,14,38,10,45,47,28,30,37,6,23,9,31,39,13,16,5,20,22,4,43,18,48,33,25,2,49,11,0,7,42,32,35,34,46;226;66485
GeneticImproved;11;data/FIS50-4.txt;50;27,11,32,49,14,9,18,28,12,1,8,26,17,45,10,21,7,19,41,25,3,6,43,39,13,16,0,37,30,22,4,2,42,35,34,33,20,15,47,40,24,36,5,29,46,31,48,38,44,23;230;56968
GeneticImproved;12;data/FIS50-4.txt;50;41,22,20,15,12,1,8,31,21,46,34,19,17,4,39,2,35,0,16,26,29,11,28,36,43,10,30,9,14,33,42,40,38,37,32,7,13,47,44,23,27,18,25,5,45,6,3,48,24,49;223;78688
GeneticImproved;13;data/FIS50-4.txt;50;9,12,16,41,25,7,42,3,6,23,44,47,45,49,35,19,11,0,2,39,15,20,22,17,18,27,40,26,30,4,1,14,43,24,8,31,21,46,29,5,32,10,28,13,36,33,38,48,37,34;226;62492
GeneticImproved;14;data/FIS50-4.txt;50;21,10,36,31,49,3,6,23,32,35,42,29,46,26,44,17,27,13,7,14,9,47,15,8,5,20,37,25,41,16,30,4,1,12,24,43,19,22,0,45,40,38,34,28,11,18,48,33,39,2;225;74444
GeneticImproved;15;data/FIS50-4.txt;50;0,8,23,44,3,37,2,33,42,43,39,28,34,48,31,46,29,26,17,41,25,38,22,21,12,1,5,36,27,40,24,30,35,49,45,11,6,18,10,32,19,47,15,20,14,9,13,16,4,7;231;64707
GeneticImproved;16;data/FIS50-4.txt;50;19,41,36,5,25,6,37,0,15,4,43,17,44,23,40,12,1,8,10,32,39,13,7,21,22,30,28,34,35,42,46,29,26,11,3,48,24,27,18,14,20,38,33,2,16,47,45,49,31,9;226;71965
GeneticImproved;17;data/FIS50-4.txt;50;3,6,18,21,22,41,25,7,19,33,27,47,45,11,29,1,14,5,17,12,28,24,8,43,4,26,2,20,36,38,34,35,42,30,10,32,49,48,39,13,37,0,16,40,23,46,31,9,15,44;225;64584
GeneticImproved;18;data/FIS50-4.txt;50;19,15,10,7,45,47,28,40,17,26,11,5,4,1,12,16,13,36,24,27,21,18,6,3,25,35,0,29,43,39,31,9,14,41,44,37,20,2,33,38,48,34,46,22,8,23,30,42,32,49;232;63833
GeneticImproved;19;data/FIS50-4.txt;50;31,46,26,18,25,44,41,39,35,0,16,10,32,42,5,15,19,49,45,17,43,12,3,6,37,9,47,28,11,29,34,38,20,2,23,21,27,40,24,8,1,4,22,30,48,33,14,7,13,36;222;64812
GeneticImproved;20;data/FIS50-4.txt;50;36,24,40,47,27,21,23,2,42,31,9,19,35,44,38,48,34,28,12,26,17,45,11,29,46,8,43,6,3,25,33,41,22,20,15,39,13,37,0,7,16,1,14,49,32,10,30,4,5,18;226;57909
GeneticImproved;21;data/FIS50-4.txt;50;10,43,17,48,38,39,31,9,14,20,26,29,46,8,5,36,33,42,35,30,16,37,34,21,18,15,19,7,45,47,44,23,2,4,1,28,13,49,32,6,11,3,25,12,27,40,24,22,0,41;228;67720
GeneticImproved;22;data/FIS50-4.txt;50;42,7,16,0,35,4,43,39,40,26,29,46,21,23,15,20,2,33,22,30,37,12,17,5,11,27,47,44,25,38,3,48,18,36,19,41,49,13,45,1,14,9,31,10,28,34,24,8,6,32;226;61332
GeneticImproved;23;data/FIS50-4.txt;50;38,1,29,43,39,13,28,10,32,35,19,7,0,11,6,3,48,45,49,14,9,16,41,25,22,4,30,37,12,24,8,26,17,40,21,27,47,44,23,18,46,42,31,36,5,15,20,2,33,34;223;63114
GeneticImproved;24;data/FIS50-4.txt;50;41,19,11,5,17,21,40,23,43,24,22,8,1,4,16,10,28,13,36,31,48,33,45,7,25,12,47,15,9,14,27,30,37,6,3,44,26,46,34,38,20,18,32,49,2,42,29,0,35,39;228;59373
GeneticImproved;25;data/FIS50-4.txt;50;14,7,2,8,5,11,6,38,31,49,19,32,9,16,13,47,45,48,37,30,4,1,12,28,34,21,46,29,42,35,0,22,24,40,27,3,25,23,41,33,36,18,26,44,17,43,10,39,15,20;227;64787
GeneticImproved;26;data/FIS50-4.txt;50;3,25,5,36,10,45,19,47,17,48,33,43,30,22,4,16,18,27,40,21,34,28,37,20,2,42,32,49,24,29,11,0,7,13,39,15,35,8,1,44,41,14,23,12,9,31,46,26,38,6;224;65499
GeneticImproved;27;data/FIS50-4.txt;50;0,29,9,31,33,34,46,26,18,43,6,3,48,38,39,35,17,5,14,1,45,28,12,16,41,25,42,30,4,22,24,8,10,15,23,21,27,40,36,20,2,7,13,49,32,47,19,11,44,37;224;69160
GeneticImproved;28;data/FIS50-4.txt;50;36,3,37,0,22,19,43,40,47,44,23,25,12,49,41,17,26,2,20,33,42,34,46,21,31,7,4,16,6,32,35,39,38,48,30,27,14,9,15,18,11,28,10,45,13,5,1,8,29,24;223;67188
GeneticImproved;29;data/FIS50-4.txt;50;48,37,17,45,10,39,2,23,27,14,1,21,8,47,15,9,0,32,3,44,5,36,31,49,13,43,12,33,6,16,4,22,20,18,46,34,29,26,40,24,30,11,28,7,25,42,35,41,19,38;222;76851
GeneticImproved;30;data/FIS50-4.txt;50;46,21,43,10,39,2,20,15,47,44,23,33,9,34,28,30,37,0,7,16,41,25,38,6,3,48,18,42,31,49,14,36,13,22,4,17,45,1,5,11,19,35,32,26,12,27,40,24,8,29;225;62893
GeneticImproved;1;data/FIS75-0.txt;75;19,45,48,74,61,8,25,55,67,27,9,6,68,4,5,11,10,13,14,49,35,52,71,65,32,57,0,17,22,53,28,7,46,64,63,70,72,39,44,34,15,16,20,21,23,26,33,37,38,59,43,66,31,54,29,50,1,62,69,58,56,73,47,36,12,3,24,40,42,41,60,51,2,30,18;312;96890
GeneticImproved;2;data/FIS75-0.txt;75;71,13,43,66,62,67,14,20,21,50,68,45,46,30,59,61,52,18,25,10,19,29,32,15,16,31,58,48,12,34,44,57,65,23,70,72,41,47,33,17,24,7,22,64,28,36,5,51,60,69,74,55,27,9,11,56,49,54,1,2,53,40,63,8,0,3,4,6,35,37,38,39,42,73,26;310;95826
GeneticImproved;3;data/FIS75-0.txt;75;41,3,7,10,25,29,74,8,4,67,12,68,6,54,11,64,65,26,58,48,71,13,14,15,16,40,38,47,19,20,43,44,57,61,52,34,17,50,18,59,55,1,22,32,42,66,60,53,2,9,27,45,36,49,56,62,69,46,5,51,0,21,23,28,33,35,37,39,31,30,63,70,72,73,24;311;93263
GeneticImproved;4;data/FIS75-0.txt;75;28,36,49,11,21,31,17,0,69,74,59,61,8,30,54,29,53,44,57,65,32,46,5,72,42,73,64,38,26,19,45,47,52,34,40,24,18,63,41,3,15,55,1,62,66,43,7,16,56,58,27,22,13,14,67,70,51,2,10,33,35,39,23,9,25,12,48,71,20,60,4,6,68,50,37;313;99435
GeneticImproved;5;data/FIS75-0.txt;75;63,69,38,72,61,70,0,8,68,54,49,10,52,2,9,42,43,44,45,50,51,57,65,12,71,46,48,3,7,18,24,56,64,60,66,59,19,20,21,23,27,58,29,53,16,17,13,74,40,4,11,5,55,15,67,1,39,41,32,22,14,28,33,35,37,73,47,6,25,26,30,31,34,36,62;310;101415
GeneticImproved;6;data/FIS75-0.txt;75;49,16,70,72,53,51,0,3,2,57,7,68,8,1,24,40,42,43,44,45,48,47,73,27,9,23,26,30,34,4,54,25,55,59,74,66,65,41,32,29,18,14,15,35,6,28,31,69,62,56,33,12,67,10,19,11,21,60,46,36,22,17,13,71,37,38,39,61,5,20,52,50,58,63,64;309;95976
GeneticImproved;7;data/FIS75-0.txt;75;59,53,3,23,70,40,74,8,45,50,47,73,28,69,13,26,20,62,63,67,10,42,29,25,9,2,49,19,34,1,30,41,48,46,64,11,55,15,14,12,36,66,31,21,72,17,60,4,33,6,35,37,38,39,61,5,51,52,71,0,43,44,57,65,7,68,54,56,32,22,27,58,16,18,24;309;101958
GeneticImproved;8;data/FIS75-0.txt;75;35,37,38,69,62,56,58,27,45,36,46,50,47,52,49,54,29,15,16,53,34,40,9,11,10,25,26,4,6,19,28,64,72,70,18,31,39,41,60,74,66,73,48,71,12,65,7,68,8,30,57,14,20,21,23,22,32,42,43,44,67,63,0,17,13,1,2,51,5,55,61,59,3,24,33;308;81653
GeneticImproved;9;data/FIS75-0.txt;75;5,51,52,54,53,60,66,42,10,67,18,16,15,6,19,14,12,36,46,40,47,65,57,27,58,69,68,7,28,38,23,9,45,74,62,56,33,2,29,1,8,4,26,25,55,32,30,34,35,37,50,49,41,39,64,22,44,0,3,20,43,59,11,72,70,71,13,17,31,21,24,63,48,73,61;312;97084
GeneticImproved;10;data/FIS75-0.txt;75;21,60,29,53,22,54,62,12,14,41,32,65,57,0,1,2,11,4,68,69,58,15,16,31,34,52,70,72,73,47,48,13,17,18,25,26,23,28,35,37,38,64,56,33,40,42,43,44,45,67,63,30,8,50,39,71,46,6,9,5,55,59,61,7,3,24,10,49,36,66,74,27,51,19,20;311;88168
GeneticImproved;11;data/FIS75-0.txt;75;49,16,50,68,69,58,15,55,67,14,6,18,22,36,35,47,59,61,52,34,40,33,56,62,63,72,17,13,48,64,53,51,19,20,21,24,5,42,27,60,46,7,10,25,26,30,39,71,41,70,23,9,32,29,43,44,57,45,73,11,4,28,31,65,66,74,8,0,3,1,12,2,37,38,54;315;86088
GeneticImproved;12;data/FIS75-0.txt;75;12,73,60,41,42,43,44,54,49,64,66,24,3,0,1,20,21,23,27,55,59,53,46,5,8,74,45,29,30,18,14,13,16,40,47,52,34,50,7,68,69,58,15,56,10,67,63,62,39,31,19,6,35,37,38,57,65,32,22,36,33,28,26,4,11,51,72,17,71,70,48,61,2,9,25;314;92645
GeneticImproved;13;data/FIS75-0.txt;75;50,47,35,29,30,8,54,49,60,51,0,17,37,38,74,62,12,48,73,66,42,5,43,44,57,45,67,23,3,55,1,65,71,56,63,40,53,59,24,18,70,61,72,41,39,64,22,33,2,16,20,21,52,19,6,9,25,26,4,11,10,13,14,15,32,27,58,69,68,7,28,31,34,36,46;313;88463
GeneticImproved;14;data/FIS75-0.txt;75;6,9,27,28,7,58,26,65,70,72,69,60,49,50,17,5,34,62,63,64,48,3,59,53,22,1,67,12,71,13,51,55,74,66,36,56,32,15,16,29,24,33,35,37,52,19,20,21,23,38,57,14,41,46,54,61,8,30,31,39,42,43,44,45,73,47,40,4,11,2,10,25,18,0,68;316;97631
GeneticImproved;15;data/FIS75-0.txt;75;1,10,2,39,4,40,47,50,61,7,57,0,21,23,52,30,63,66,31,3,41,68,8,16,51,53,67,44,59,11,13,14,43,33,56,62,69,74,55,15,58,54,73,64,49,36,70,72,17,46,5,29,60,27,24,18,6,9,25,26,28,42,32,19,20,22,34,35,37,38,45,48,71,12,65;332;95761
GeneticImproved;16;data/FIS75-0.txt;75;2,52,9,11,49,60,29,32,65,55,67,1,37,38,57,14,13,10,15,58,51,71,39,41,3,24,21,20,19,23,28,74,69,62,12,27,34,44,35,47,53,46,7,61,50,68,0,17,31,63,70,48,66,36,22,18,16,40,42,43,45,73,64,33,72,5,59,25,26,30,8,4,54,6,56;319;92852
GeneticImproved;17;data/FIS75-0.txt;75;29,54,13,17,22,36,66,6,9,25,49,64,38,23,3,26,31,15,32,56,58,2,28,33,35,37,41,42,10,43,44,61,69,74,55,1,65,7,46,53,60,57,72,70,71,39,63,8,30,16,51,21,52,20,62,67,68,0,59,27,73,34,5,11,4,40,19,45,50,47,48,12,14,18,24;307;97575
GeneticImproved;18;data/FIS75-0.txt;75;17,31,72,73,45,54,29,42,43,44,57,67,10,30,2,62,63,69,74,38,64,46,36,22,7,53,59,47,35,6,24,66,60,55,5,9,25,18,52,37,71,12,13,14,15,58,48,70,65,32,27,34,39,61,50,16,40,19,41,3,0,68,8,1,20,21,23,28,33,56,49,51,11,4,26;311;84822
GeneticImproved;19;data/FIS75-0.txt;75;63,55,35,36,12,14,5,61,69,62,56,24,8,1,19,45,48,67,49,54,29,73,26,65,71,52,15,3,20,21,23,27,47,53,34,40,25,28,11,9,6,68,4,2,16,7,46,50,64,72,41,70,18,31,58,51,60,74,59,30,32,22,17,13,10,0,33,37,38,39,42,43,44,57,66;318;99171
GeneticImproved;20;data/FIS75-0.txt;75;28,33,35,37,38,69,0,59,61,52,34,12,13,43,24,3,23,39,42,73,27,22,36,66,62,56,58,2,4,40,48,8,30,16,31,72,53,51,15,17,9,5,41,44,45,47,67,68,7,46,50,64,63,70,18,6,14,57,65,32,29,60,21,11,19,10,1,20,49,54,71,74,55,25,26;312;93303
GeneticImproved;21;data/FIS75-0.txt;75;9,17,15,34,28,35,37,38,39,41,46,45,48,67,74,50,52,21,11,72,61,5,25,7,68,12,71,51,0,43,44,57,70,47,40,16,55,59,69,63,58,60,53,42,66,62,56,36,22,32,65,26,23,27,73,64,8,30,1,10,49,54,29,18,24,33,31,20,3,2,4,13,14,19,6;304;92701
GeneticImproved;22;data/FIS75-0.txt;75;27,34,35,37,38,50,47,40,42,11,4,66,59,55,67,68,8,0,3,7,58,48,17,13,43,44,45,60,74,69,70,63,12,33,1,22,31,72,51,2,10,65,57,62,14,46,5,61,39,64,73,36,56,32,15,16,53,28,6,9,71,52,19,20,21,23,26,30,41,49,54,29,25,18,24;307;87371
GeneticImproved;23;data/FIS75-0.txt;75;69,32,42,66,43,7,58,17,9,10,13,14,18,15,19,27,49,36,62,54,46,30,65,57,60,53,34,40,16,44,22,41,8,23,52,71,70,47,21,20,1,29,24,63,67,74,50,61,2,4,6,35,37,38,64,73,48,12,3,26,56,45,68,0,39,5,11,51,55,59,25,28,33,72,31;325;97855
GeneticImproved;24;data/FIS75-0.txt;75;13,26,18,63,64,61,52,21,53,60,45,56,49,14,19,47,59,55,5,51,30,29,32,41,24,7,16,2,35,37,38,67,1,39,42,43,44,70,11,46,34,57,10,28,3,20,74,8,23,27,73,36,22,33,0,25,12,48,15,72,4,68,6,9,40,58,54,71,65,50,66,62,69,31,17;320;118561
GeneticImproved;25;data/FIS75-0.txt;75;44,62,69,74,40,63,8,16,53,59,30,31,38,70,47,2,5,34,33,58,56,36,22,17,0,57,25,26,23,21,20,3,7,24,37,52,54,67,10,13,49,64,66,60,29,32,41,46,50,68,4,11,9,45,48,71,12,14,18,15,55,61,72,6,19,51,27,65,1,28,73,35,39,42,43;315;96286
GeneticImproved;26;data/FIS75-0.txt;75;17,71,9,52,47,36,45,27,35,37,38,39,42,43,67,63,4,8,68,19,0,41,44,74,66,24,18,12,2,53,29,59,55,3,20,21,23,26,30,31,69,11,54,49,56,62,57,60,51,58,7,50,33,72,5,25,6,28,73,61,70,10,1,13,14,15,16,40,22,65,32,46,34,64,48;308;111079
GeneticImproved;27;data/FIS75-0.txt;75;3,41,14,49,56,62,66,57,38,40,4,29,5,42,43,44,45,48,58,10,19,11,73,32,22,60,51,15,16,20,21,23,27,36,46,64,39,1,67,12,65,18,72,70,2,9,6,28,35,37,71,54,7,68,69,0,33,47,59,53,50,17,8,24,63,55,25,26,30,31,34,52,61,74,13;308;97927
GeneticImproved;28;data/FIS75-0.txt;75;35,47,73,11,5,55,72,41,32,65,12,13,14,49,64,66,63,58,7,24,40,42,43,45,56,62,60,74,69,70,18,67,4,8,68,6,9,25,26,21,0,3,1,10,2,46,17,50,53,59,19,20,48,29,54,71,52,51,15,16,28,33,37,38,57,30,31,39,61,23,36,22,27,34,44;315;84785
GeneticImproved;29;data/FIS75-0.txt;75;12,2,47,73,26,25,29,70,23,9,27,34,52,50,65,24,15,55,59,61,39,41,42,10,43,44,67,45,56,36,35,37,38,64,48,13,17,0,57,7,58,66,62,69,19,20,1,14,49,16,40,74,8,4,54,6,68,51,71,46,5,72,11,21,60,18,30,28,33,31,63,32,22,53,3;308;89684
GeneticImproved;30;data/FIS75-0.txt;75;52,53,51,5,46,29,57,10,15,13,17,33,35,45,50,47,59,22,44,9,19,14,30,18,24,63,67,55,1,62,54,56,49,11,4,66,48,70,65,26,25,8,68,6,20,21,23,39,61,69,74,60,72,32,36,12,2,37,38,64,41,0,3,28,31,34,73,27,58,7,16,40,42,43,71;313;99376
GeneticImproved;1;data/FIS75-1.txt;75;23,5,12,68,43,8,15,34,53,54,39,37,51,55,73,48,10,4,0,58,59,64,74,32,7,14,6,71,56,30,22,20,17,28,42,33,52,65,18,9,13,19,63,50,1,2,3,40,11,45,41,46,47,60,61,62,70,72,26,29,67,57,44,36,16,35,25,69,49,66,38,27,31,24,21;313;97516
GeneticImproved;2;data/FIS75-1.txt;75;24,43,72,28,46,26,4,64,23,36,20,60,52,68,39,59,8,54,63,53,7,10,37,22,56,0,58,29,49,50,57,65,35,6,67,11,74,12,34,5,61,3,13,15,18,21,47,66,70,69,71,48,33,38,17,45,41,42,31,2,1,16,27,19,32,30,44,51,55,40,9,14,62,73,25;310;75680
GeneticImproved;3;data/FIS75-1.txt;75;18,21,47,29,57,44,45,33,42,28,17,38,27,37,39,8,2,1,15,49,50,51,55,0,4,53,54,3,12,10,74,11,46,20,36,73,43,68,23,26,24,31,60,40,9,7,64,72,71,48,13,62,70,41,69,25,19,22,5,61,35,65,56,67,63,66,59,52,58,34,30,32,6,14,16;312;85123
GeneticImproved;4;data/FIS75-1.txt;75;68,23,53,54,66,59,58,29,46,26,33,8,52,6,4,10,5,11,12,27,17,28,67,34,72,70,15,43,40,48,71,56,22,37,1,39,63,19,44,57,51,65,35,14,38,74,9,50,0,45,13,47,20,60,61,3,18,21,62,7,32,42,31,16,49,69,55,73,41,30,36,24,2,25,64;311;98525
GeneticImproved;5;data/FIS75-1.txt;75;72,71,43,8,14,10,74,29,49,40,9,7,12,13,15,18,73,68,21,25,17,28,67,48,24,34,58,59,64,33,16,31,50,63,66,38,41,42,39,52,65,19,27,56,30,61,35,70,37,54,3,4,32,55,51,20,45,0,11,22,60,53,36,62,23,57,44,1,2,5,47,69,6,26,46;310;83144
GeneticImproved;6;data/FIS75-1.txt;75;70,35,26,4,5,0,58,29,73,39,37,1,2,3,12,57,67,48,25,17,45,41,42,59,9,8,13,14,16,64,65,69,62,15,49,44,19,50,56,71,6,11,18,21,68,43,38,27,31,32,74,61,30,22,23,24,40,36,52,47,66,54,63,53,60,34,46,33,7,10,20,51,55,28,72;319;85269
GeneticImproved;7;data/FIS75-1.txt;75;39,52,61,62,23,26,37,70,72,34,30,22,11,1,44,17,38,66,59,69,25,36,20,51,57,18,9,8,60,63,33,46,49,74,32,19,50,64,7,21,47,40,45,15,24,55,28,31,12,27,56,29,58,41,42,67,6,35,65,71,48,53,54,3,4,0,73,43,68,2,10,5,13,14,16;319;79436
GeneticImproved;8;data/FIS75-1.txt;75;68,44,47,39,51,33,41,70,62,61,73,17,20,50,42,4,0,49,38,66,63,19,55,56,53,36,46,28,10,7,12,13,14,16,54,37,1,2,5,11,58,59,64,6,67,60,69,3,52,8,9,18,21,71,27,72,35,31,74,32,22,29,40,24,25,48,57,65,43,15,30,34,45,26,23;307;102486
GeneticImproved;9;data/FIS75-1.txt;75;51,44,45,30,16,49,32,50,29,9,55,28,10,14,8,15,35,48,67,63,19,27,2,53,54,11,40,64,68,72,71,23,57,3,0,1,13,4,31,69,59,60,47,21,6,74,12,38,41,58,52,61,62,36,20,66,18,7,25,46,70,37,39,73,17,42,22,56,24,34,5,33,26,43,65;306;98744
GeneticImproved;10;data/FIS75-1.txt;75;65,22,17,20,60,35,15,1,2,53,54,39,16,30,34,57,23,70,72,18,71,6,14,10,19,63,38,66,59,9,7,26,46,49,50,64,68,12,33,52,61,62,8,27,29,32,74,67,69,3,4,5,11,45,13,36,47,44,51,48,24,25,41,42,21,40,43,28,31,55,73,37,0,56,58;307;100952
GeneticImproved;11;data/FIS75-1.txt;75;47,13,4,18,19,74,32,1,26,23,70,15,24,7,64,44,30,22,29,73,39,63,33,52,34,5,40,49,50,56,58,59,69,25,17,43,68,21,66,0,45,41,2,10,14,38,27,12,9,55,28,46,62,48,71,72,3,61,35,65,51,57,36,53,37,54,16,8,6,11,20,31,42,67,60;311;93569
GeneticImproved;12;data/FIS75-1.txt;75;57,47,36,46,26,28,25,19,13,38,17,44,20,40,11,74,32,12,14,9,29,49,50,56,58,66,59,64,45,30,37,39,68,73,41,69,65,22,53,63,54,24,34,5,0,1,15,55,51,27,72,43,71,21,62,8,52,33,16,2,23,48,3,61,35,70,60,18,7,10,6,4,31,42,67;318;89029
GeneticImproved;13;data/FIS75-1.txt;75;2,41,42,0,10,5,33,37,59,64,47,40,44,51,46,34,73,43,65,35,61,24,15,30,17,52,36,9,26,7,21,8,57,23,22,56,58,66,71,29,49,62,70,72,45,67,11,3,12,13,14,16,18,19,31,27,68,6,69,25,28,55,60,20,50,38,32,4,74,54,63,53,48,39,1;320;104629
GeneticImproved;14;data/FIS75-1.txt;75;13,3,4,32,30,41,42,69,60,71,8,33,5,47,21,16,61,62,46,11,66,12,27,19,65,24,25,39,67,63,6,14,10,0,45,40,48,51,34,15,1,2,23,55,73,18,29,9,7,26,52,17,44,49,50,56,58,70,35,22,20,68,43,72,28,31,74,37,54,53,64,59,38,57,36;322;80915
GeneticImproved;15;data/FIS75-1.txt;75;52,68,48,10,7,29,71,74,19,31,55,73,41,38,59,42,67,50,72,70,60,15,13,1,2,0,37,20,66,63,53,54,39,24,25,28,45,34,51,57,44,36,8,9,18,58,23,26,27,43,40,64,65,69,6,11,12,14,17,22,21,47,5,33,46,56,35,16,49,62,61,30,32,4,3;310;99231
GeneticImproved;16;data/FIS75-1.txt;75;6,32,4,5,66,71,48,22,60,52,61,62,41,42,67,46,56,58,59,44,1,2,3,12,19,74,54,8,49,50,64,29,30,20,10,0,13,14,16,18,7,9,40,15,43,73,55,51,57,36,24,25,17,38,27,11,39,37,53,63,70,35,23,45,34,65,69,31,28,26,72,68,47,21,33;306;94991
GeneticImproved;17;data/FIS75-1.txt;75;50,63,66,55,32,4,5,57,34,18,29,16,14,6,67,56,51,33,38,17,21,40,9,15,45,44,49,28,25,7,24,58,30,20,22,35,23,26,46,62,13,1,2,53,54,39,37,74,11,3,52,47,60,70,72,27,12,10,48,68,0,61,59,64,65,69,71,8,36,43,73,41,42,31,19;312;96871
GeneticImproved;18;data/FIS75-1.txt;75;37,2,56,58,59,71,48,53,60,8,41,42,67,57,64,45,28,31,35,21,47,40,25,17,52,61,62,23,36,13,29,9,7,12,14,10,19,65,69,49,46,38,1,11,0,5,34,51,55,24,26,6,73,43,15,44,20,22,30,27,50,70,72,68,39,16,18,66,63,33,54,3,4,32,74;311;87457
GeneticImproved;19;data/FIS75-1.txt;75;27,16,18,21,35,25,7,24,40,55,61,62,49,44,57,30,22,29,9,12,13,15,60,67,11,6,64,68,43,73,17,28,72,42,63,33,8,53,47,69,4,45,0,58,59,66,41,70,23,26,52,34,5,37,54,32,74,31,39,1,2,3,46,51,20,36,14,10,48,71,56,38,50,65,19;305;87167
GeneticImproved;20;data/FIS75-1.txt;75;55,9,12,38,17,74,26,52,36,24,25,27,29,71,72,13,45,40,48,73,47,53,37,39,2,1,44,28,46,49,50,51,54,63,33,3,22,0,4,32,30,34,35,56,58,66,67,69,59,60,20,11,6,15,70,42,41,8,43,68,21,65,5,61,62,7,64,19,10,14,16,31,23,57,18;307;95590
GeneticImproved;21;data/FIS75-1.txt;75;53,60,35,31,69,59,57,51,34,45,30,22,25,12,3,4,32,40,44,11,19,63,64,68,27,16,61,62,23,65,52,17,20,50,54,39,8,6,10,28,55,73,48,24,56,58,70,41,42,67,66,0,5,33,26,46,49,74,36,13,38,15,43,71,72,14,29,9,7,18,21,47,37,1,2;314;90766
GeneticImproved;22;data/FIS75-1.txt;75;46,4,32,6,11,12,27,66,68,72,74,9,59,65,69,3,61,21,62,7,8,13,14,16,18,19,63,54,43,15,70,23,35,1,49,50,60,67,52,55,28,25,2,10,0,5,34,17,38,33,45,44,30,36,24,40,64,41,42,31,20,29,26,58,73,37,39,48,71,56,51,57,47,53,22;309;91303
GeneticImproved;23;data/FIS75-1.txt;75;60,10,7,26,23,71,43,66,63,67,57,28,25,52,34,5,61,21,68,72,20,0,37,47,69,65,30,53,1,2,6,13,15,14,39,48,58,70,35,31,19,32,74,8,36,44,45,11,29,9,12,38,27,50,51,55,40,49,3,4,18,73,62,46,41,42,17,24,56,22,54,16,33,64,59;315;91628
GeneticImproved;24;data/FIS75-1.txt;75;63,33,64,68,12,3,4,6,69,37,74,10,14,19,25,35,22,17,13,36,20,11,0,5,34,53,70,72,26,52,40,55,1,2,23,58,29,15,45,47,57,51,46,41,42,59,21,18,9,7,24,61,73,62,8,48,71,60,32,54,66,43,65,56,38,50,27,30,44,49,28,31,16,39,67;311;90484
GeneticImproved;25;data/FIS75-1.txt;75;69,60,71,21,51,3,4,26,37,73,47,63,39,68,64,45,17,20,66,0,12,32,29,35,65,67,74,9,59,43,72,15,49,27,58,1,2,5,11,6,14,8,16,18,7,41,42,28,31,19,10,70,30,55,24,25,48,50,61,62,46,34,52,40,54,53,22,56,57,44,33,38,13,36,23;307;96117
GeneticImproved;26;data/FIS75-1.txt;75;15,9,44,57,5,34,46,49,16,2,53,54,32,74,10,14,7,26,37,39,52,40,67,63,66,47,21,18,4,3,51,24,56,71,29,22,0,1,13,19,31,69,65,35,23,45,41,70,43,48,25,28,55,30,61,62,36,12,11,6,68,20,60,73,17,42,72,27,38,50,64,59,58,33,8;320;81477
GeneticImproved;27;data/FIS75-1.txt;75;9,29,11,67,46,61,3,48,23,2,53,36,13,62,73,18,15,52,34,58,59,66,0,4,6,14,54,63,55,65,57,5,33,64,45,30,40,47,60,69,31,16,42,41,51,37,39,24,25,17,20,22,32,50,28,49,21,68,35,70,72,26,7,10,74,12,27,19,44,1,38,56,71,43,8;303;99151
GeneticImproved;28;data/FIS75-1.txt;75;26,28,31,12,27,16,29,35,37,47,53,48,51,20,22,30,39,63,54,14,32,7,9,18,21,42,33,52,40,55,19,65,69,59,44,17,45,41,8,74,24,25,2,5,6,36,10,38,66,68,73,61,62,13,1,11,46,3,4,0,56,58,70,15,49,50,60,67,57,64,23,71,43,72,34;317;86770
GeneticImproved;29;data/FIS75-1.txt;75;66,0,54,37,70,58,1,2,23,24,48,71,74,72,68,12,38,43,46,47,63,33,5,4,64,65,69,25,28,31,42,41,67,57,50,49,3,61,62,13,36,53,22,56,34,30,32,7,10,19,55,51,20,44,9,8,15,27,16,14,6,21,40,52,26,45,17,39,11,29,35,73,18,60,59;311;87056
GeneticImproved;30;data/FIS75-1.txt;75;55,51,33,41,42,8,15,43,4,74,32,19,27,13,35,23,62,14,12,36,24,25,28,67,46,70,72,39,11,6,53,47,60,61,16,37,54,3,52,59,64,7,9,22,30,45,31,69,65,66,0,10,2,18,48,71,63,58,56,38,49,21,68,73,17,34,5,57,44,1,40,20,50,26,29;306;88097
GeneticImproved;1;data/FIS75-2.txt;75;35,69,64,52,61,14,34,10,7,0,22,59,25,65,60,58,49,56,27,3,6,70,40,32,4,28,18,36,9,66,26,51,20,47,45,41,2,63,13,19,21,43,71,33,15,55,68,39,11,12,54,50,29,8,37,38,62,24,44,5,1,72,53,74,57,73,42,48,31,46,67,30,17,16,23;313;101658
GeneticImproved;2;data/FIS75-2.txt;75;11,59,61,67,69,32,42,25,30,17,6,29,10,63,58,47,2,21,65,53,12,23,4,0,7,40,45,48,49,13,26,28,35,64,72,66,46,56,27,5,1,9,55,34,54,51,70,62,3,50,22,68,41,60,19,39,18,38,71,33,20,14,16,43,74,57,37,44,24,73,36,52,15,31,8;310;104344
GeneticImproved;3;data/FIS75-2.txt;75;16,15,52,6,55,46,66,32,5,41,62,70,56,30,67,60,19,34,23,64,31,13,10,65,37,38,71,0,49,48,18,33,14,42,50,3,27,4,58,53,74,44,72,1,17,2,21,43,69,45,25,54,57,47,22,24,73,51,11,8,59,63,61,39,36,26,28,29,20,40,7,68,35,9,12;316;101971
GeneticImproved;4;data/FIS75-2.txt;75;67,72,52,59,14,31,42,37,57,66,51,23,4,53,61,65,58,63,70,56,29,2,41,8,71,24,44,46,73,32,28,26,17,1,19,50,25,54,12,11,64,33,38,18,15,55,68,22,45,6,16,27,3,20,35,69,39,43,21,48,49,47,0,7,5,9,60,40,62,74,36,13,10,34,30;311;82820
GeneticImproved;5;data/FIS75-2.txt;75;71,15,18,38,7,0,31,29,56,37,65,10,60,13,63,58,35,28,3,11,44,8,25,54,57,43,49,34,36,20,14,61,23,46,73,39,69,9,5,41,16,27,74,53,62,24,22,68,55,66,26,17,30,67,42,4,45,47,2,19,12,64,70,6,52,72,1,50,51,59,21,32,40,33,48;308;109908
GeneticImproved;6;data/FIS75-2.txt;75;53,11,12,54,43,58,42,4,46,3,7,0,74,63,50,15,16,2,20,23,64,72,67,55,34,60,27,44,5,32,40,62,70,57,30,37,8,61,41,68,45,71,33,29,10,13,9,28,47,56,39,48,31,14,19,38,65,49,69,51,25,22,26,66,52,21,59,24,73,1,17,6,35,18,36;310;97359
GeneticImproved;7;data/FIS75-2.txt;75;19,21,45,41,22,25,35,53,61,71,0,37,50,46,47,8,11,51,52,4,58,60,65,73,39,48,18,64,20,24,2,23,12,72,63,15,16,6,68,31,55,27,10,13,36,5,54,43,74,57,56,1,9,28,32,66,26,59,3,7,40,70,62,38,29,34,30,42,67,69,17,44,33,49,14;307;99574
GeneticImproved;8;data/FIS75-2.txt;75;71,56,48,26,20,29,28,31,42,50,60,34,8,37,72,12,0,30,16,35,69,41,5,36,55,49,23,46,3,11,73,27,40,7,21,2,47,57,66,32,25,65,10,62,24,44,74,43,54,38,19,1,22,61,63,13,45,4,58,51,53,17,52,64,70,18,15,68,39,9,6,14,59,67,33;315;93849
GeneticImproved;9;data/FIS75-2.txt;75;19,45,40,13,10,27,60,65,58,37,44,25,30,67,59,9,55,48,56,57,66,52,23,21,7,26,63,70,72,36,20,29,22,71,43,49,14,34,3,6,35,64,69,32,68,15,28,31,4,42,11,73,46,47,2,0,74,62,1,17,51,24,54,33,41,16,5,50,8,61,53,12,38,18,39;307;94382
GeneticImproved;10;data/FIS75-2.txt;75;70,18,15,20,65,60,27,40,62,69,9,36,35,67,59,11,3,28,39,6,16,5,37,12,45,47,55,17,30,24,43,58,63,51,26,38,13,10,7,0,49,8,61,32,66,57,74,72,52,4,56,46,73,41,14,31,48,42,64,23,21,2,33,44,19,34,71,68,53,1,29,50,54,25,22;313;95995
GeneticImproved;11;data/FIS75-2.txt;75;71,19,39,18,15,70,62,25,22,30,24,54,57,51,23,10,65,12,72,53,29,20,3,46,67,33,11,64,38,73,42,56,27,40,4,28,13,31,35,26,0,2,41,61,8,49,48,60,66,59,34,14,37,50,44,68,55,9,69,74,16,52,7,21,58,63,47,45,6,17,1,32,5,36,43;318;95713
GeneticImproved;12;data/FIS75-2.txt;75;42,31,47,49,7,0,3,19,21,38,50,51,71,2,53,60,59,67,35,20,26,13,36,15,18,46,63,72,56,54,33,29,61,22,25,32,1,17,10,41,68,45,70,64,52,6,9,28,66,57,48,55,24,30,8,34,14,74,43,23,5,16,62,69,12,11,39,37,44,27,40,4,58,65,73;313;102114
GeneticImproved;13;data/FIS75-2.txt;75;8,19,32,73,57,30,37,14,34,22,59,24,44,15,18,46,20,65,60,38,52,23,50,9,25,4,11,51,12,58,63,2,47,49,41,27,10,1,7,68,53,64,72,66,26,0,3,62,70,40,13,16,5,29,28,31,48,42,67,69,45,6,39,56,74,43,54,35,36,21,17,55,71,33,61;307;92415
GeneticImproved;14;data/FIS75-2.txt;75;9,5,3,34,60,66,52,6,39,70,63,51,4,40,7,0,49,37,50,72,58,41,16,59,23,73,32,1,19,2,33,21,55,48,31,14,20,29,24,43,38,62,56,74,53,36,35,67,47,22,45,12,11,57,54,25,30,17,27,13,10,65,61,8,71,68,44,15,18,64,42,28,26,46,69;313;92749
GeneticImproved;15;data/FIS75-2.txt;75;64,13,26,66,40,25,8,59,48,71,29,27,10,63,51,53,57,6,16,1,50,3,28,5,41,23,42,73,60,19,32,38,34,54,12,11,35,45,72,67,61,22,24,2,21,14,49,17,69,74,68,39,43,36,55,62,37,44,15,33,9,30,0,7,52,65,58,47,31,4,56,70,18,46,20;309;103821
GeneticImproved;16;data/FIS75-2.txt;75;66,31,35,23,3,28,47,58,43,40,36,20,29,22,68,2,41,5,9,19,12,64,39,11,8,21,17,55,54,38,18,48,42,67,59,26,0,7,49,33,71,61,14,46,4,56,74,53,62,25,30,13,63,32,69,37,27,73,24,44,15,16,6,45,34,52,72,1,50,51,57,70,65,10,60;314;95887
GeneticImproved;17;data/FIS75-2.txt;75;39,57,61,74,63,26,51,31,30,25,40,67,59,56,48,49,46,4,47,58,65,12,37,7,20,28,66,60,35,9,6,70,72,64,71,19,22,0,62,29,2,68,53,36,13,23,52,15,16,5,41,45,69,43,54,24,50,42,14,34,55,17,44,11,73,21,33,8,3,27,10,1,32,38,18;307;100747
GeneticImproved;18;data/FIS75-2.txt;75;44,10,65,70,72,36,39,57,40,63,64,37,12,53,74,56,62,0,4,25,19,45,69,9,58,43,17,47,5,16,41,20,71,68,35,6,3,27,52,59,8,28,31,29,38,50,66,32,61,22,54,13,23,15,26,48,55,24,51,11,34,42,73,1,7,2,21,14,49,33,67,60,30,18,46;308;105019
GeneticImproved;19;data/FIS75-2.txt;75;63,25,4,15,50,72,70,45,69,22,24,43,71,33,11,53,1,19,36,39,68,58,26,51,56,41,2,47,20,64,18,30,31,48,49,46,21,0,12,59,9,60,44,61,52,23,10,13,40,17,55,62,67,65,73,42,35,6,16,14,37,38,7,27,5,32,66,57,74,8,54,3,28,29,34;308;102001
GeneticImproved;20;data/FIS75-2.txt;75;56,62,36,41,2,21,59,66,51,38,16,32,1,17,25,40,39,73,60,35,20,3,27,42,67,69,43,24,4,11,65,49,47,45,6,9,55,48,31,28,26,46,63,72,30,70,18,12,5,7,0,22,19,71,68,29,57,13,10,23,52,64,53,58,37,14,34,8,61,33,15,44,54,50,74;311;90255
GeneticImproved;21;data/FIS75-2.txt;75;13,10,60,65,58,26,7,0,30,24,43,31,47,49,48,11,42,4,34,9,39,57,66,46,18,33,21,36,35,69,74,50,59,3,62,67,63,51,71,61,29,20,19,5,32,28,16,14,22,68,2,41,73,38,44,8,23,15,55,54,25,45,12,37,64,53,72,1,17,6,52,40,70,56,27;326;88912
GeneticImproved;22;data/FIS75-2.txt;75;56,53,74,63,51,26,69,39,57,59,9,55,10,60,12,72,66,32,28,23,5,19,1,29,6,35,68,22,33,2,24,44,40,45,48,49,0,7,21,73,65,52,15,31,4,42,67,47,25,54,50,70,62,3,11,64,13,36,18,38,34,8,61,14,46,20,27,37,71,43,58,41,16,17,30;311;96670
GeneticImproved;23;data/FIS75-2.txt;75;74,53,36,15,31,4,21,17,26,23,28,47,42,30,25,40,29,66,57,13,63,67,72,1,54,64,62,33,35,9,6,45,46,20,65,60,19,2,68,22,50,3,11,52,70,39,18,32,8,12,59,34,10,27,56,0,7,73,24,44,5,41,49,69,51,61,48,58,37,14,16,55,38,71,43;317;93946
GeneticImproved;24;data/FIS75-2.txt;75;21,33,11,51,66,57,56,27,40,14,31,35,8,3,28,74,69,64,45,47,2,23,61,22,25,30,0,7,5,62,10,71,39,73,46,20,32,1,19,50,54,24,13,16,4,58,65,60,34,55,67,42,9,36,72,63,59,18,70,26,52,41,68,6,29,53,12,37,15,44,17,43,38,49,48;315;95427
GeneticImproved;25;data/FIS75-2.txt;75;65,60,49,47,45,63,51,26,14,16,15,44,24,30,0,4,13,23,61,74,69,64,52,34,3,59,10,28,31,48,46,67,42,27,40,25,22,68,6,17,9,66,57,39,18,36,35,20,29,50,5,70,56,62,55,21,19,1,72,53,2,71,43,73,11,33,7,37,58,41,54,12,8,32,38;310;93606
GeneticImproved;26;data/FIS75-2.txt;75;19,12,69,36,56,71,29,30,17,9,33,67,55,15,18,39,73,43,74,53,49,41,16,10,13,47,37,42,14,24,48,21,7,68,22,25,44,61,70,40,32,28,31,4,0,26,23,34,20,6,45,50,51,57,54,64,62,5,60,65,38,2,63,11,1,35,58,46,72,66,52,59,8,27,3;318;88141
GeneticImproved;27;data/FIS75-2.txt;75;38,34,54,24,44,19,25,51,63,15,33,29,31,13,64,72,36,69,12,60,9,4,7,71,43,21,70,47,20,56,42,73,41,68,35,1,18,23,27,52,65,61,14,58,53,74,57,37,39,11,8,59,67,30,40,10,62,3,50,5,16,28,32,66,46,45,6,22,0,49,55,48,26,17,2;313;98959
GeneticImproved;28;data/FIS75-2.txt;75;35,20,22,2,17,43,69,62,5,44,24,38,18,48,56,29,1,11,73,65,10,27,42,46,66,60,50,21,59,37,72,58,49,41,16,28,3,34,55,54,12,51,7,52,26,14,19,32,40,39,68,71,8,61,33,67,30,0,4,25,15,70,47,45,6,9,57,74,53,36,13,63,23,64,31;317;90224
GeneticImproved;29;data/FIS75-2.txt;75;28,9,55,0,71,51,11,30,67,72,66,57,37,42,4,53,61,22,45,6,8,31,47,58,63,64,52,23,41,5,16,15,18,20,46,34,60,73,32,1,19,12,54,14,59,70,62,10,65,25,2,33,27,44,17,21,7,26,48,49,69,35,36,13,40,29,68,3,50,38,24,43,39,56,74;311;85538
GeneticImproved;30;data/FIS75-2.txt;75;39,70,47,45,6,17,18,23,28,37,57,30,25,62,52,65,60,35,9,5,7,38,34,42,67,69,29,8,61,74,71,58,43,21,32,19,31,48,49,41,10,27,56,4,55,54,64,63,59,3,0,2,24,44,46,26,36,53,40,73,1,50,22,68,15,33,11,51,66,72,12,13,14,20,16;315;99006
GeneticImproved;1;data/FIS75-3.txt;75;61,66,31,3,4,65,32,64,14,55,68,71,74,73,48,40,7,6,5,47,28,50,33,49,25,69,58,46,30,45,53,38,13,56,72,63,23,1,43,15,62,59,70,37,51,11,9,24,27,26,34,35,36,39,2,12,19,52,67,44,57,29,22,60,10,8,18,0,41,54,42,20,21,16,17;307;86883
GeneticImproved;2;data/FIS75-3.txt;75;11,12,4,2,28,50,37,3,6,7,47,64,63,21,18,30,65,68,71,72,59,52,23,29,22,62,58,69,35,25,9,40,70,56,31,46,17,60,24,48,10,57,15,54,0,5,51,73,1,32,39,36,26,13,34,55,14,16,45,27,42,8,66,44,74,33,61,19,41,53,67,49,43,20,38;311;93709
GeneticImproved;3;data/FIS75-3.txt;75;42,37,19,26,10,13,33,64,51,73,47,24,16,17,62,59,70,74,63,0,72,30,56,52,58,69,40,55,49,68,29,50,2,18,32,34,35,25,27,14,22,12,66,44,36,9,6,3,31,4,38,41,71,67,7,21,20,65,48,15,43,1,60,54,61,57,28,39,5,11,23,53,45,46,8;322;87406
GeneticImproved;4;data/FIS75-3.txt;75;38,24,54,42,61,1,19,52,23,5,47,73,51,40,29,2,4,6,37,26,12,68,34,32,7,0,20,65,48,11,9,16,35,36,39,46,59,70,53,41,50,10,57,44,63,21,60,56,13,74,43,62,25,27,58,69,64,66,55,14,45,30,72,71,49,3,33,22,28,8,18,67,15,31,17;317;102887
GeneticImproved;5;data/FIS75-3.txt;75;30,46,31,52,33,64,37,65,56,13,38,21,39,2,4,16,7,32,34,55,72,69,20,17,60,25,9,62,14,59,48,68,73,3,6,11,18,24,27,45,35,49,58,19,1,43,44,70,51,5,29,54,42,61,57,0,8,10,66,53,67,71,50,22,28,23,63,47,74,40,41,12,26,15,36;313;89516
GeneticImproved;6;data/FIS75-3.txt;75;44,70,49,68,9,64,3,33,34,35,36,39,6,32,1,60,54,69,46,62,30,47,15,26,10,8,37,42,67,52,13,38,20,65,56,4,2,31,25,40,53,63,61,66,59,55,14,18,74,28,21,0,5,11,17,19,72,23,48,7,16,24,45,27,58,51,73,71,41,50,22,43,12,29,57;310;86863
GeneticImproved;7;data/FIS75-3.txt;75;4,13,34,68,42,32,5,0,12,43,26,24,27,69,20,63,53,51,18,14,55,64,54,29,3,6,11,38,30,72,19,59,17,61,33,62,8,39,2,15,36,56,10,60,44,73,47,1,31,66,57,74,58,16,7,41,49,67,71,21,28,50,48,40,25,9,23,52,37,70,35,45,46,22,65;310;97995
GeneticImproved;8;data/FIS75-3.txt;75;53,22,42,14,29,37,67,5,33,35,36,52,47,55,66,68,71,73,74,40,62,25,13,10,8,16,24,45,27,69,58,11,49,3,17,30,72,63,44,38,0,12,34,19,64,32,18,1,43,54,60,7,6,2,31,15,57,20,65,56,70,51,61,48,50,28,21,4,9,23,26,39,41,46,59;312;92934
GeneticImproved;9;data/FIS75-3.txt;75;22,53,51,18,0,41,54,69,4,2,6,7,64,46,11,9,16,52,67,24,50,8,25,3,31,37,38,15,14,27,32,43,57,66,55,47,5,23,42,20,17,30,72,63,44,58,12,26,34,35,36,39,59,73,71,21,60,13,56,19,62,40,74,45,70,29,48,10,1,61,49,68,65,33,28;312;83568
GeneticImproved;10;data/FIS75-3.txt;75;55,66,17,31,3,49,10,72,52,54,45,46,51,47,64,69,20,57,1,19,9,24,27,25,61,16,59,12,26,13,58,43,74,18,2,15,48,68,70,35,62,8,42,44,30,36,39,6,7,11,50,23,53,67,56,65,40,4,14,21,41,71,73,60,22,28,63,0,32,34,33,5,29,37,38;313;89459
GeneticImproved;11;data/FIS75-3.txt;75;70,18,52,1,23,57,6,7,32,43,54,58,64,19,56,10,45,46,30,4,22,63,25,68,9,21,0,12,34,35,36,39,61,42,55,14,11,17,74,20,69,73,44,66,31,50,28,3,29,33,67,40,41,71,72,38,13,27,2,24,60,37,65,5,15,8,47,49,51,53,16,48,26,62,59;313;94890
GeneticImproved;12;data/FIS75-3.txt;75;57,43,51,8,16,61,74,5,32,14,42,27,55,40,65,62,50,22,19,64,54,60,38,17,1,13,52,72,0,12,41,26,47,49,68,29,18,10,45,56,44,4,69,20,58,7,21,3,9,71,70,59,73,33,35,34,6,2,15,48,24,63,53,23,11,37,25,67,28,39,36,30,46,31,66;316;91517
GeneticImproved;13;data/FIS75-3.txt;75;3,6,37,65,5,0,25,8,51,20,74,17,2,39,28,50,33,18,30,56,73,29,22,16,7,41,12,19,71,70,53,59,26,23,9,27,32,40,60,44,67,24,48,10,45,38,13,52,66,55,14,42,58,69,4,21,49,68,34,35,36,47,64,54,61,57,72,63,62,1,43,15,46,11,31;315;78280
GeneticImproved;14;data/FIS75-3.txt;75;69,20,57,9,62,40,74,43,1,73,14,29,30,31,32,34,35,36,39,59,61,54,25,3,46,45,22,28,2,27,10,48,24,60,64,71,72,0,18,66,49,67,65,33,8,51,68,5,26,47,55,38,12,41,19,52,70,56,15,4,11,17,16,21,37,42,44,50,53,23,13,6,7,63,58;308;103387
GeneticImproved;15;data/FIS75-3.txt;75;64,19,41,54,50,71,72,55,52,68,9,11,5,74,6,7,47,73,1,23,65,67,49,61,48,38,17,29,33,35,43,57,44,66,31,45,2,28,51,18,8,10,69,42,40,4,3,37,25,62,59,70,13,56,30,36,39,46,15,14,27,32,34,26,12,0,20,24,63,53,16,21,60,22,58;308;95472
GeneticImproved;16;data/FIS75-3.txt;75;7,6,2,39,55,42,67,24,45,46,58,47,64,72,33,52,31,3,8,10,18,30,40,65,68,25,61,54,29,14,73,0,41,26,51,53,38,12,59,48,69,35,62,1,19,37,23,9,11,49,34,20,17,66,57,28,22,36,71,70,74,5,13,50,15,60,21,4,63,56,44,43,32,27,16;313;91333
GeneticImproved;17;data/FIS75-3.txt;75;7,45,67,53,65,4,21,8,62,31,2,6,37,17,46,47,49,50,13,0,25,68,58,69,20,27,3,29,23,32,64,19,12,43,1,56,52,66,57,48,16,61,63,24,26,40,55,14,18,34,33,35,54,74,5,11,51,70,41,39,28,22,72,30,38,15,42,44,73,59,10,60,36,71,9;309;103326
GeneticImproved;18;data/FIS75-3.txt;75;20,69,72,71,49,3,9,30,12,29,47,18,41,0,40,60,54,45,27,19,1,43,22,50,24,67,52,23,37,6,11,14,21,31,32,34,26,15,33,35,36,48,73,59,62,42,8,46,64,38,4,68,10,70,56,13,58,61,66,17,63,53,2,25,5,51,74,44,57,28,39,55,16,7,65;310;98580
GeneticImproved;19;data/FIS75-3.txt;75;42,20,39,6,7,51,73,33,35,70,45,38,55,74,41,0,13,34,30,50,53,1,61,57,52,36,15,26,12,19,58,62,14,72,23,17,2,31,11,49,3,4,65,67,71,9,25,48,29,22,28,63,21,56,10,8,46,69,68,66,59,37,24,60,54,64,47,18,40,5,16,27,32,43,44;312;101816
GeneticImproved;20;data/FIS75-3.txt;75;29,5,67,15,36,47,52,19,12,11,74,17,63,0,40,51,59,21,7,32,39,41,54,42,58,69,49,55,25,9,24,13,56,26,27,16,61,30,73,1,53,33,50,2,31,6,34,35,62,8,18,66,48,68,65,37,3,20,43,45,46,23,28,22,70,38,71,72,10,4,44,14,64,60,57;321;102576
GeneticImproved;21;data/FIS75-3.txt;75;34,66,17,19,27,31,32,43,52,59,70,53,10,57,74,40,55,14,15,13,25,20,50,24,63,58,64,3,6,37,42,26,39,16,4,2,29,9,62,8,47,54,60,1,23,65,67,45,56,30,28,48,73,51,46,22,33,18,21,12,0,7,35,36,41,69,72,71,38,44,68,49,11,5,61;303;104371
GeneticImproved;22;data/FIS75-3.txt;75;18,0,5,32,6,59,17,66,31,62,14,16,7,34,33,35,41,71,72,23,9,27,20,65,74,55,69,58,52,19,22,53,67,24,50,11,4,40,37,3,8,45,46,15,43,1,10,48,26,49,68,25,63,21,56,13,64,51,73,44,60,38,12,30,36,42,61,54,57,28,39,2,47,70,29;310;82925
GeneticImproved;23;data/FIS75-3.txt;75;46,51,49,26,23,5,74,17,3,64,58,69,10,8,12,19,22,45,32,18,0,21,41,54,42,61,57,66,55,47,31,39,2,4,16,14,44,70,71,50,33,27,24,60,37,38,15,1,43,20,59,73,29,48,28,30,72,63,53,40,7,6,34,35,36,62,65,67,52,56,13,25,68,9,11;316;82803
GeneticImproved;24;data/FIS75-3.txt;75;57,43,20,69,72,71,61,25,13,10,8,3,50,27,2,6,34,7,67,53,14,29,33,35,36,52,62,26,12,41,18,49,68,48,15,60,64,54,45,46,30,9,23,1,11,63,21,59,39,44,22,28,31,32,40,55,66,17,16,24,19,37,42,58,74,70,56,65,4,38,0,5,47,73,51;314;81934
GeneticImproved;25;data/FIS75-3.txt;75;57,32,7,6,2,39,26,40,55,49,58,11,9,25,20,65,4,21,10,69,42,61,17,43,12,59,37,51,18,41,0,5,15,36,52,13,38,53,67,62,1,56,70,44,30,46,31,66,8,29,3,28,22,50,48,68,71,74,73,33,35,34,23,72,19,27,45,54,14,16,24,63,47,64,60;314;78781
GeneticImproved;26;data/FIS75-3.txt;75;59,32,45,53,22,28,24,63,47,31,46,15,57,20,74,18,30,10,25,9,27,58,69,40,55,0,56,52,67,62,50,33,34,35,36,44,70,71,65,68,39,5,11,37,38,13,26,72,14,16,7,49,3,4,21,60,1,43,12,8,19,64,51,73,2,6,41,17,66,61,42,54,29,48,23;325;94424
GeneticImproved;27;data/FIS75-3.txt;75;53,59,21,63,28,39,32,27,25,61,16,26,49,71,50,2,17,10,48,24,60,54,41,0,7,40,42,67,65,47,29,5,51,73,44,22,36,52,58,64,3,6,57,15,43,70,35,45,46,11,4,69,20,56,13,30,72,14,62,12,38,37,68,55,66,31,1,18,8,19,9,74,33,34,23;312;87985
GeneticImproved;28;data/FIS75-3.txt;75;55,40,74,43,53,16,9,11,48,69,35,25,0,18,73,39,6,7,32,5,29,70,59,62,56,13,38,36,42,58,49,1,61,54,45,46,51,66,10,8,3,33,41,71,72,23,17,19,22,28,15,57,60,64,63,44,30,34,26,12,14,21,31,52,67,37,47,24,20,50,27,2,4,65,68;314;81612
GeneticImproved;29;data/FIS75-3.txt;75;39,9,23,34,33,29,22,19,52,50,65,20,74,73,1,64,58,54,14,44,63,72,12,11,60,21,71,36,70,35,62,17,59,6,3,37,25,68,30,66,57,48,40,28,2,4,15,55,43,53,16,49,10,69,31,45,32,27,24,26,42,67,56,13,5,47,8,18,0,38,7,41,61,51,46;307;109581
GeneticImproved;30;data/FIS75-3.txt;75;49,3,43,59,20,38,11,14,17,22,53,45,10,72,56,13,26,34,35,69,4,2,6,57,23,28,8,19,64,36,71,73,44,61,42,15,31,1,62,32,7,16,48,24,60,21,63,0,46,51,47,52,66,55,74,40,68,29,37,70,18,58,12,41,54,30,9,25,67,65,5,39,27,50,33;311;86318
GeneticImproved;1;data/FIS75-4.txt;75;63,68,25,62,4,8,14,59,10,43,2,27,50,49,29,16,22,12,17,21,41,3,11,23,48,65,71,69,5,9,36,40,39,47,19,30,58,64,38,31,74,42,44,37,26,15,13,54,55,56,67,72,33,34,45,35,70,53,28,18,24,7,0,20,1,52,46,60,57,66,73,61,32,6,51;315;104525
GeneticImproved;2;data/FIS75-4.txt;75;29,49,54,55,56,58,14,42,1,65,15,22,8,7,13,25,37,20,0,26,64,43,31,30,23,24,33,36,9,19,50,46,18,2,21,67,71,72,41,32,6,38,39,60,61,68,63,40,52,34,27,4,62,48,73,66,57,28,3,45,35,51,53,17,47,74,44,10,59,70,5,11,69,12,16;312;92288
GeneticImproved;3;data/FIS75-4.txt;75;71,66,49,65,38,35,69,57,19,9,11,5,34,68,55,63,23,26,15,13,22,40,39,30,8,67,6,52,14,74,16,41,50,46,3,64,43,27,53,17,12,28,31,33,24,7,29,45,70,72,59,60,2,20,0,62,10,36,58,56,73,54,4,47,1,18,37,25,21,32,44,42,48,61,51;313;89013
GeneticImproved;4;data/FIS75-4.txt;75;26,10,7,4,6,33,62,72,56,2,0,15,69,35,38,37,53,63,48,30,8,34,12,41,50,70,71,47,58,45,55,18,29,16,25,44,61,21,40,5,19,57,36,60,66,64,31,28,23,43,27,24,54,73,9,67,3,11,13,17,20,22,65,49,59,14,52,1,42,74,32,46,68,39,51;320;93212
GeneticImproved;5;data/FIS75-4.txt;75;66,72,8,27,35,53,51,28,12,17,15,38,31,33,9,39,18,67,13,25,68,0,26,23,14,58,3,41,50,37,29,74,6,52,69,71,4,42,2,36,19,47,21,11,62,59,70,55,63,48,60,1,20,56,24,34,45,61,73,54,7,57,64,44,40,5,10,43,22,46,30,65,49,16,32;310;102543
GeneticImproved;6;data/FIS75-4.txt;75;28,36,44,56,51,71,57,64,7,8,55,5,11,62,22,67,45,53,70,39,40,25,37,65,1,42,41,50,46,16,29,18,48,26,12,43,21,54,2,60,59,10,58,63,68,34,23,30,32,66,4,15,0,20,49,52,6,74,47,72,9,14,19,69,13,33,31,73,61,3,17,24,27,35,38;306;98122
GeneticImproved;7;data/FIS75-4.txt;75;63,56,20,41,4,27,51,52,33,0,46,30,23,24,62,3,6,8,17,58,47,29,19,9,5,10,26,34,45,35,70,71,74,32,57,53,54,42,44,25,13,15,64,67,72,59,60,2,37,50,48,61,55,69,12,28,31,38,39,40,36,16,7,14,1,11,21,18,43,22,65,49,66,73,68;307;90551
GeneticImproved;8;data/FIS75-4.txt;75;19,41,3,32,66,42,74,20,67,71,70,5,40,57,58,0,26,73,61,54,4,8,1,47,29,16,13,17,63,64,7,24,33,36,9,14,30,31,52,69,12,38,50,46,21,11,62,25,2,39,18,44,72,51,27,6,22,15,45,35,53,49,43,10,56,48,65,59,60,34,23,28,68,37,55;306;99468
GeneticImproved;9;data/FIS75-4.txt;75;27,20,71,68,55,54,19,69,51,56,43,2,26,0,62,10,72,29,59,18,16,12,35,38,28,23,30,31,33,36,42,1,4,7,13,17,63,21,61,45,47,39,60,57,24,32,37,48,41,50,70,53,58,11,3,64,66,73,67,15,46,6,52,49,65,40,5,34,44,25,9,14,74,22,8;311;93848
GeneticImproved;10;data/FIS75-4.txt;75;7,64,43,10,59,9,33,13,70,71,65,26,12,8,30,62,73,48,23,36,31,52,29,16,57,60,61,72,66,46,50,27,6,3,45,34,44,28,15,69,55,63,51,53,5,40,25,68,58,14,42,2,32,47,49,54,24,56,67,21,11,41,19,74,39,38,17,35,1,20,18,37,22,0,4;321;102489
GeneticImproved;11;data/FIS75-4.txt;75;64,31,20,38,39,40,18,29,57,51,63,35,69,55,70,72,59,60,36,33,21,34,45,58,47,4,62,42,1,65,61,48,23,14,30,26,15,67,22,8,74,6,71,0,7,13,17,24,27,53,12,28,44,10,5,9,46,32,66,52,49,54,73,56,25,68,50,41,16,19,3,11,37,2,43;316;94428
GeneticImproved;12;data/FIS75-4.txt;75;41,26,6,36,40,39,48,30,46,16,55,69,12,62,17,63,20,67,56,43,10,18,2,42,3,68,9,19,47,74,8,22,49,57,7,14,58,53,44,25,37,11,21,34,45,35,38,31,28,23,32,29,60,61,73,4,66,72,59,0,15,65,5,1,33,13,54,64,52,27,24,51,71,70,50;310;92923
GeneticImproved;13;data/FIS75-4.txt;75;36,57,16,25,2,42,3,64,43,31,20,55,5,10,27,21,63,17,46,60,61,72,66,62,7,4,0,33,18,44,56,67,71,68,34,45,53,12,41,50,37,29,32,19,30,58,47,74,11,23,24,49,52,69,35,48,22,38,39,54,73,65,40,9,59,13,15,28,51,26,8,1,14,6,70;312;79952
GeneticImproved;14;data/FIS75-4.txt;75;43,67,39,40,25,7,13,66,57,60,46,3,42,2,9,19,74,47,4,33,36,58,53,16,12,23,22,41,62,70,71,29,59,0,20,18,49,65,5,44,6,52,50,73,61,34,27,24,54,55,68,63,45,35,69,56,48,37,32,21,11,1,8,17,15,26,30,14,28,51,72,10,38,31,64;307;100443
GeneticImproved;15;data/FIS75-4.txt;75;14,9,19,42,40,63,73,26,15,10,5,34,41,50,49,68,71,51,70,13,0,2,11,21,46,25,62,17,12,28,38,39,60,64,66,57,16,7,4,1,23,24,27,43,44,48,36,22,47,72,8,30,32,37,53,69,52,54,55,59,31,33,65,56,58,35,45,3,61,18,29,74,20,67,6;309;96286
GeneticImproved;16;data/FIS75-4.txt;75;52,1,15,0,4,62,68,73,54,49,38,31,20,41,3,28,51,69,57,17,12,29,35,64,7,37,19,66,44,36,33,9,50,70,71,34,26,40,25,6,22,8,67,13,58,55,16,61,39,5,10,24,18,21,11,23,72,47,45,53,27,63,30,46,2,42,74,32,43,56,65,48,60,59,14;305;109544
GeneticImproved;17;data/FIS75-4.txt;75;24,34,61,51,63,64,66,47,72,41,62,4,3,5,15,13,27,52,70,50,68,49,43,53,16,36,60,59,9,40,39,46,21,11,71,20,74,42,1,65,73,48,56,67,22,23,12,8,17,25,44,30,45,29,7,57,58,0,26,35,38,10,28,31,33,6,14,32,18,37,19,55,69,2,54;308;100087
GeneticImproved;18;data/FIS75-4.txt;75;68,22,74,11,37,25,56,35,69,12,46,0,2,60,66,64,50,41,34,26,30,39,59,45,61,73,31,17,3,28,23,48,62,42,7,38,4,33,52,40,29,18,44,53,58,24,54,19,14,6,21,32,43,13,15,63,51,72,9,49,8,27,10,5,55,16,57,36,70,71,67,20,65,1,47;318;96562
GeneticImproved;19;data/FIS75-4.txt;75;16,57,36,58,56,60,61,65,71,48,37,18,33,62,68,63,51,24,17,13,15,59,10,44,11,74,23,28,31,47,4,52,69,55,34,26,2,0,30,39,40,5,6,22,49,46,9,20,1,43,25,72,29,32,3,64,50,41,42,7,14,19,54,73,66,67,8,27,21,70,45,53,35,38,12;313;102231
GeneticImproved;20;data/FIS75-4.txt;75;20,67,27,55,16,12,26,34,60,51,63,64,68,71,4,0,46,59,72,66,32,21,5,11,10,38,39,40,44,50,49,52,6,22,8,30,61,73,48,62,25,2,37,29,18,17,53,43,31,9,14,1,33,13,70,24,54,7,57,69,15,65,23,28,36,42,74,19,47,56,58,35,45,3,41;313;91206
GeneticImproved;21;data/FIS75-4.txt;75;53,35,29,18,37,22,67,56,10,38,71,68,49,47,16,25,2,0,20,1,23,24,27,6,3,4,62,41,12,8,17,63,55,69,51,28,15,13,54,21,40,5,11,7,57,58,14,52,30,31,43,44,50,48,73,66,46,39,70,72,59,60,9,19,32,74,42,36,33,34,26,64,65,61,45;311;86376
GeneticImproved;22;data/FIS75-4.txt;75;44,25,13,32,61,51,26,2,43,22,49,65,11,54,3,41,21,63,28,74,20,27,8,30,62,55,68,58,36,33,31,45,47,69,71,48,50,37,19,42,40,52,1,4,7,16,57,53,0,59,10,29,35,38,17,12,14,39,67,66,72,24,23,6,70,18,46,60,64,15,5,34,9,73,56;318;89264
GeneticImproved;23;data/FIS75-4.txt;75;41,74,14,1,33,18,43,53,22,21,11,69,71,4,6,51,61,62,72,23,30,31,52,46,59,60,34,5,9,19,70,50,45,3,28,15,13,25,36,58,63,68,39,48,37,29,32,47,49,54,55,56,24,42,2,0,67,40,73,35,17,57,64,38,20,27,44,66,16,7,8,12,10,26,65;312;106557
GeneticImproved;24;data/FIS75-4.txt;75;43,56,58,30,19,5,35,53,70,50,68,49,65,38,21,17,3,54,24,23,6,14,1,20,67,27,57,2,0,33,4,71,41,72,47,45,29,18,44,34,52,64,66,62,42,51,28,7,25,16,46,32,69,55,40,63,74,31,12,8,26,60,61,73,9,11,37,22,13,15,36,48,39,59,10;314;96515
GeneticImproved;25;data/FIS75-4.txt;75;24,27,35,57,49,40,55,69,52,29,16,53,51,61,65,48,62,5,42,2,56,58,13,15,28,44,18,21,22,59,60,36,9,19,70,25,73,66,33,39,14,6,74,47,4,71,68,63,20,67,7,72,41,50,37,17,3,54,43,64,38,45,34,26,0,46,32,10,11,1,8,12,31,30,23;312;86573
GeneticImproved;26;data/FIS75-4.txt;75;9,73,61,32,23,28,18,24,58,68,3,55,69,52,51,35,5,14,70,71,29,59,0,20,31,12,17,21,47,45,53,37,11,65,56,67,8,72,41,57,64,38,54,15,10,6,27,50,49,43,2,26,34,33,48,30,46,22,13,7,1,4,36,19,39,44,42,62,66,16,25,40,63,74,60;309;95756
GeneticImproved;27;data/FIS75-4.txt;75;40,5,10,27,24,23,30,38,66,46,64,44,14,7,62,12,59,45,53,22,6,51,26,41,72,8,36,60,74,73,48,37,18,29,16,28,68,50,70,52,17,63,20,31,33,32,55,61,21,67,34,69,56,58,0,4,71,65,42,1,47,49,54,19,9,11,3,35,57,43,15,13,25,2,39;318;99017
GeneticImproved;28;data/FIS75-4.txt;75;30,45,18,39,14,6,34,54,5,9,2,0,33,72,47,68,25,57,24,27,26,51,63,31,64,46,70,71,66,38,4,52,69,43,13,15,28,74,19,44,10,59,67,20,55,3,17,21,32,49,50,41,36,7,42,40,56,60,61,65,73,22,62,11,23,48,35,1,8,12,16,29,37,53,58;313;93113
GeneticImproved;29;data/FIS75-4.txt;75;43,21,46,32,33,31,38,50,42,61,51,53,35,45,29,18,37,25,2,1,7,54,55,68,11,69,24,70,71,74,47,3,28,62,41,34,26,0,49,66,72,23,12,17,8,14,9,5,65,20,59,10,22,6,27,52,40,63,64,67,73,4,19,30,58,57,60,39,16,36,48,56,44,15,13;311;91936
GeneticImproved;30;data/FIS75-4.txt;75;3,46,4,52,40,9,60,23,66,15,5,56,19,63,64,65,71,68,22,73,48,62,42,36,28,74,69,25,43,10,39,2,37,24,72,51,27,6,26,0,59,45,29,33,13,54,55,61,30,44,34,67,20,31,32,47,49,57,58,53,35,38,50,41,16,7,14,1,8,17,12,70,18,21,11;307;99069
GeneticImproved;1;data/FIS100-0.txt;100;72,73,75,28,61,76,13,67,68,70,71,92,91,32,60,19,12,22,17,79,63,62,42,43,30,4,40,8,78,23,93,49,15,97,44,50,41,82,86,87,88,89,65,33,37,6,52,11,53,38,90,57,96,7,3,1,24,45,46,47,83,18,21,74,16,31,35,66,94,95,14,25,10,9,69,98,34,99,0,5,26,36,29,80,55,77,39,54,51,56,58,64,59,81,85,84,2,20,48,27;415;113096
GeneticImproved;2;data/FIS100-0.txt;100;61,63,44,66,50,41,24,19,21,74,25,23,92,64,96,46,91,32,65,69,70,71,58,2,5,6,29,94,95,14,39,11,28,27,97,15,82,48,93,9,10,12,20,26,52,45,53,77,55,99,0,37,84,85,13,89,1,3,7,75,62,83,38,40,31,33,86,87,4,51,60,88,81,59,79,57,30,42,43,8,78,22,80,90,67,54,56,72,73,76,16,17,36,98,68,49,35,34,18,47;417;119921
GeneticImproved;3;data/FIS100-0.txt;100;88,53,39,9,8,4,21,98,38,29,30,16,59,22,79,17,10,65,92,34,36,26,35,58,86,87,89,90,14,43,44,93,81,23,25,62,63,67,68,70,83,18,40,13,3,19,11,84,94,2,7,24,41,52,31,33,45,46,47,48,54,56,57,60,64,37,97,77,42,82,71,12,51,6,5,72,80,75,73,78,85,74,69,66,32,50,55,27,28,1,15,49,20,95,96,76,0,99,91,61;403;135385
GeneticImproved;4;data/FIS100-0.txt;100;64,82,86,91,92,90,3,39,15,1,89,94,95,14,87,10,17,16,53,54,4,12,20,99,0,8,36,29,67,68,85,24,45,46,47,48,78,98,28,9,18,83,37,81,63,13,61,2,5,26,21,6,30,60,38,73,77,58,25,27,31,35,49,74,55,19,65,69,70,71,96,76,62,11,40,7,41,50,42,43,51,56,57,88,79,84,32,33,23,59,75,72,80,22,93,97,44,66,34,52;401;117159
GeneticImproved;5;data/FIS100-0.txt;100;63,33,31,35,70,71,85,74,55,91,7,40,4,5,6,51,11,72,18,83,84,73,75,60,52,41,45,46,68,54,67,8,64,13,86,87,88,89,59,23,25,65,78,48,14,95,3,1,15,19,24,92,93,97,43,49,79,53,37,69,98,36,26,34,27,90,96,38,29,9,10,12,22,80,20,2,76,32,50,21,39,28,47,82,94,99,0,30,57,42,62,56,58,77,81,16,17,61,44,66;415;122141
GeneticImproved;6;data/FIS100-0.txt;100;65,68,75,27,5,72,80,31,91,0,13,86,87,11,67,90,96,97,49,60,6,26,38,41,92,98,76,84,58,52,53,3,19,12,20,99,37,30,42,14,15,25,44,22,35,82,40,36,23,85,93,74,16,17,73,89,94,95,32,21,45,46,47,48,54,56,57,79,9,18,55,50,78,8,43,24,51,83,10,7,2,39,77,28,61,66,69,70,71,81,59,64,34,29,1,88,4,33,62,63;417;123414
GeneticImproved;7;data/FIS100-0.txt;100;38,53,54,55,58,67,60,28,75,33,6,74,25,27,13,0,2,3,7,24,51,65,50,21,5,39,41,61,44,72,73,94,84,85,23,10,34,35,82,86,87,88,89,91,92,93,97,8,9,69,70,71,90,14,16,17,18,22,36,40,62,64,63,32,19,15,45,46,47,48,66,80,81,99,37,29,30,42,56,57,59,79,12,20,95,96,4,1,26,31,68,11,43,49,52,76,77,98,78,83;398;141843
GeneticImproved;8;data/FIS100-0.txt;100;1,6,2,94,95,13,12,69,18,70,90,71,55,50,57,44,59,45,5,56,52,58,67,60,79,80,83,84,73,36,8,9,22,54,38,87,88,89,92,11,91,0,16,17,20,42,41,82,47,49,43,76,77,51,24,19,3,53,27,72,96,97,64,62,40,35,31,33,34,39,61,75,23,93,81,32,21,86,28,65,25,74,85,26,48,66,63,29,30,7,10,46,68,78,98,99,37,14,15,4;408;127395
GeneticImproved;9;data/FIS100-0.txt;100;15,66,83,84,85,88,92,89,73,94,95,20,57,3,37,97,90,91,69,9,54,4,30,34,98,28,47,43,72,36,23,1,93,48,80,53,38,58,56,40,29,39,44,50,41,45,46,81,99,0,31,16,59,76,61,42,62,63,79,22,64,8,67,68,70,71,96,18,35,27,86,75,33,32,65,7,2,6,11,10,12,13,19,24,51,60,77,82,5,25,14,49,52,87,74,78,55,26,17,21;405;126518
GeneticImproved;10;data/FIS100-0.txt;100;97,93,14,15,16,17,36,23,81,40,82,2,7,68,31,33,34,46,60,67,29,30,83,84,85,26,44,72,73,75,25,27,4,1,5,6,24,45,22,8,9,59,19,12,91,57,3,53,62,63,65,69,70,71,90,96,79,10,47,48,78,74,92,49,80,38,54,52,55,99,41,35,66,50,64,28,61,42,43,56,58,86,87,88,89,94,95,18,51,11,13,0,32,98,21,37,20,39,76,77;404;121750
GeneticImproved;11;data/FIS100-0.txt;100;61,42,14,3,96,97,43,8,9,24,70,71,39,2,20,93,81,73,36,44,26,80,72,5,0,99,62,11,15,19,60,52,89,1,63,56,79,59,92,41,47,30,57,78,27,53,23,10,65,38,90,74,76,50,40,13,35,17,55,33,4,54,66,34,98,75,49,16,31,48,25,58,67,82,86,87,88,94,95,32,21,18,69,7,91,29,37,83,84,85,68,46,45,22,6,51,12,64,77,28;403;135200
GeneticImproved;12;data/FIS100-0.txt;100;54,56,85,55,6,58,38,73,40,79,41,47,18,32,98,76,13,27,15,97,2,94,95,49,43,35,61,44,66,26,17,10,34,39,36,48,96,51,24,9,69,77,81,65,63,29,30,83,4,57,19,60,28,75,80,42,23,59,67,68,70,71,74,93,99,0,22,86,21,52,11,62,64,82,87,88,92,89,90,50,78,8,25,14,37,33,91,7,3,1,5,72,84,31,16,53,20,12,45,46;401;127461
GeneticImproved;13;data/FIS100-0.txt;100;94,31,77,14,42,27,81,46,47,55,99,4,5,6,29,80,83,32,19,15,91,92,41,16,17,10,93,18,21,20,26,66,69,70,71,96,97,78,73,28,61,75,68,67,58,2,34,49,52,57,79,56,25,65,7,40,82,95,0,23,1,3,44,13,76,98,64,33,38,30,22,74,48,36,8,9,59,72,86,87,88,89,90,53,35,45,12,50,54,51,43,39,11,84,85,24,60,37,62,63;402;126474
GeneticImproved;14;data/FIS100-0.txt;100;65,69,70,71,85,45,59,81,12,19,52,66,22,46,10,23,79,93,99,0,5,6,24,78,89,90,53,35,31,27,25,47,38,76,98,44,50,21,32,95,94,82,41,9,72,86,87,30,51,2,58,77,60,57,54,56,40,43,8,75,84,73,36,62,83,26,80,29,33,34,39,55,74,49,63,13,67,11,92,91,37,64,28,61,42,14,15,16,17,18,20,68,48,97,96,4,88,1,3,7;408;111995
GeneticImproved;15;data/FIS100-0.txt;100;68,49,60,46,34,33,23,14,42,80,83,84,85,87,10,17,15,21,45,36,67,82,77,81,12,22,70,71,89,94,95,25,75,86,79,88,4,59,3,19,32,66,69,72,73,98,30,51,13,35,8,28,0,99,55,91,7,97,27,1,11,43,47,18,9,58,57,44,93,48,38,16,53,54,56,62,63,64,52,41,40,29,31,26,5,2,61,76,50,65,39,20,24,90,37,6,92,96,74,78;400;105190
GeneticImproved;16;data/FIS100-0.txt;100;57,58,77,97,7,10,98,91,99,75,21,18,83,37,96,14,15,19,32,93,1,90,24,74,22,86,36,23,16,17,67,68,70,71,44,66,40,27,13,38,60,20,95,25,45,0,2,3,85,81,46,87,78,8,64,9,79,80,82,33,28,47,48,65,51,31,26,30,34,49,42,62,76,43,39,69,88,53,35,61,63,29,41,4,12,5,72,73,94,84,50,55,6,52,59,89,92,11,54,56;402;140827
GeneticImproved;17;data/FIS100-0.txt;100;33,74,89,49,72,44,66,32,52,2,58,77,27,86,87,60,19,65,25,47,94,95,34,63,67,88,57,3,1,28,98,61,41,7,40,38,83,84,80,53,11,54,56,62,64,82,81,85,18,9,93,43,70,12,71,90,24,6,51,50,55,99,0,13,35,14,69,8,22,16,76,73,75,68,78,48,15,91,92,59,79,10,17,31,29,37,45,46,96,97,42,30,39,20,21,4,5,26,36,23;407;122317
GeneticImproved;18;data/FIS100-0.txt;100;76,85,15,21,17,99,91,69,18,94,95,44,63,61,46,10,24,51,39,65,81,37,22,8,25,62,36,73,75,27,41,4,57,88,86,52,28,11,34,98,32,56,0,54,78,31,13,59,19,55,43,79,9,72,96,97,2,5,45,35,58,70,71,89,90,67,38,40,29,30,47,48,66,74,92,23,16,53,80,7,12,20,26,50,33,68,77,82,14,83,84,87,3,1,93,42,49,6,60,64;410;133489
GeneticImproved;19;data/FIS100-0.txt;100;92,38,96,95,20,12,7,30,34,49,91,37,71,88,8,22,36,29,40,41,87,84,94,31,68,85,57,50,51,43,39,55,59,66,69,72,73,67,52,56,14,48,93,42,89,13,61,28,64,83,9,18,70,75,86,16,17,27,23,45,46,63,21,1,15,97,44,25,65,76,77,81,74,11,19,3,98,32,33,35,53,54,99,0,47,4,78,79,80,82,26,62,90,58,2,5,10,6,60,24;407;138698
GeneticImproved;20;data/FIS100-0.txt;100;63,12,7,80,22,51,13,27,86,87,89,92,75,28,33,34,64,35,82,77,29,30,57,65,26,97,90,74,49,43,14,31,69,84,2,52,59,70,71,91,4,16,3,53,83,78,88,40,81,37,58,50,99,0,5,6,44,72,73,94,8,9,36,23,45,46,47,48,93,20,95,68,96,79,1,11,39,25,42,85,55,18,19,15,17,10,24,41,67,60,38,54,56,62,76,66,32,21,98,61;412;124637
GeneticImproved;21;data/FIS100-0.txt;100;78,85,28,77,79,80,82,21,98,32,65,33,27,13,35,18,69,40,94,95,14,90,23,36,46,47,48,93,97,41,96,38,58,72,86,87,88,89,92,11,1,24,4,5,6,51,30,57,60,99,81,37,53,16,17,26,34,66,22,61,2,20,49,3,84,45,59,55,50,76,73,54,56,42,43,44,71,74,25,15,62,64,75,8,9,19,52,67,29,63,12,10,7,91,31,39,0,68,70,83;402;131475
GeneticImproved;22;data/FIS100-0.txt;100;80,84,85,18,19,24,40,6,21,5,45,46,47,48,93,9,35,26,50,76,77,82,67,63,33,23,10,25,65,57,59,81,88,69,73,36,37,30,4,54,56,58,2,7,96,41,97,15,49,68,86,27,34,51,13,42,43,8,87,14,90,99,0,22,66,44,71,91,12,39,3,52,55,74,92,11,72,79,1,89,31,94,95,20,53,16,17,61,83,70,60,38,29,32,78,98,64,62,28,75;409;109472
GeneticImproved;23;data/FIS100-0.txt;100;88,40,78,12,20,82,43,84,11,1,25,72,80,48,33,62,55,74,81,93,23,10,34,54,73,75,42,76,98,3,90,99,0,13,38,44,41,50,52,64,89,16,17,24,92,59,45,83,30,4,57,60,87,86,58,69,14,6,2,39,21,63,67,68,77,70,31,94,36,46,61,53,15,91,51,19,28,85,35,22,37,96,5,56,32,95,49,8,9,79,66,26,29,27,65,97,7,18,47,71;406;127528
GeneticImproved;24;data/FIS100-0.txt;100;65,69,77,82,45,47,10,7,91,55,99,13,0,70,46,81,93,20,49,42,74,96,97,41,16,17,85,51,11,35,58,50,90,79,56,14,31,4,12,71,98,52,60,53,54,57,59,72,73,75,26,48,80,92,24,78,3,1,15,23,64,67,68,86,87,88,89,18,21,32,94,27,37,44,66,5,22,30,43,76,61,25,39,9,29,38,40,36,8,28,19,33,34,95,62,83,84,2,6,63;404;134610
GeneticImproved;25;data/FIS100-0.txt;100;37,47,45,82,86,92,93,48,57,4,30,98,46,79,23,10,34,64,83,5,9,19,51,60,88,67,99,17,16,78,24,21,1,11,72,80,49,43,14,15,56,25,75,84,12,20,26,31,29,40,41,52,6,2,58,7,90,3,53,33,74,42,76,77,81,85,18,36,8,22,54,35,61,73,89,94,95,87,59,68,38,13,0,28,62,63,65,69,70,71,96,97,39,66,44,50,32,91,55,27;411;104240
GeneticImproved;26;data/FIS100-0.txt;100;33,23,1,28,98,34,36,17,16,35,18,21,63,96,97,50,55,72,73,88,53,54,4,15,49,69,74,87,30,26,46,47,48,65,68,70,71,78,83,5,25,56,66,32,60,7,10,12,22,44,57,91,37,14,42,77,41,40,38,29,75,62,99,0,61,13,85,81,93,79,90,27,64,8,9,58,45,59,89,94,95,84,11,67,82,86,92,80,51,24,20,3,19,43,76,52,31,39,2,6;408;112231
GeneticImproved;27;data/FIS100-0.txt;100;99,0,22,17,32,66,52,57,8,78,24,60,35,61,63,21,26,36,29,40,82,67,38,45,27,55,70,16,31,94,7,41,50,44,42,2,39,71,92,91,69,37,53,20,95,96,74,49,43,47,30,4,5,59,11,90,14,23,75,64,62,28,58,9,10,12,13,86,87,88,89,73,72,79,93,97,15,56,25,80,48,68,54,77,18,83,84,85,81,46,51,19,3,1,6,33,65,34,98,76;411;117273
GeneticImproved;28;data/FIS100-0.txt;100;99,5,96,3,1,24,85,84,87,61,17,57,4,51,11,62,36,67,68,70,83,7,2,39,26,58,35,53,90,38,40,20,93,48,14,21,50,54,56,72,73,75,29,31,16,41,45,46,47,69,77,82,32,60,15,27,13,76,98,34,86,19,43,49,52,79,63,88,89,94,95,42,74,25,80,28,33,64,97,65,78,8,9,18,23,59,92,91,0,22,37,71,44,66,30,6,10,12,81,55;409;121812
GeneticImproved;29;data/FIS100-0.txt;100;55,70,35,53,16,17,36,18,85,84,2,61,88,40,7,91,0,28,73,94,95,89,78,82,45,62,33,38,5,66,22,12,13,51,26,65,10,23,68,83,80,14,69,98,37,56,58,67,60,15,1,3,99,20,32,21,86,76,96,90,11,52,6,77,64,34,63,46,87,74,49,8,9,19,24,41,27,81,59,57,54,4,30,42,43,75,29,39,47,71,92,97,44,50,25,72,79,93,48,31;406;111079
GeneticImproved;30;data/FIS100-0.txt;100;12,19,32,21,63,66,9,2,39,84,76,85,26,17,16,31,13,67,8,49,42,43,56,90,57,91,7,65,25,74,6,37,71,82,40,78,24,10,20,5,45,46,47,48,93,81,53,54,0,69,27,72,36,34,38,80,75,73,98,44,14,23,33,28,61,1,55,50,41,18,35,51,77,70,58,22,86,87,88,89,94,95,3,96,97,11,92,59,68,29,15,62,64,83,4,30,60,99,79,52;407;111232
GeneticImproved;1;data/FIS100-1.txt;100;69,43,60,2,68,42,95,99,89,62,80,3,50,77,67,15,28,14,17,61,93,32,75,20,0,63,98,18,37,13,25,41,97,7,45,5,16,24,35,38,48,54,56,65,90,36,9,81,78,27,88,79,83,22,64,55,86,84,57,6,26,47,58,87,33,31,34,21,85,92,40,91,12,23,52,51,66,59,72,73,74,49,1,39,19,4,70,94,82,8,46,11,44,29,71,30,76,96,10,53;400;133916
GeneticImproved;2;data/FIS100-1.txt;100;43,33,94,65,50,48,24,68,70,36,90,37,64,53,66,87,30,22,96,29,60,2,13,4,17,75,26,47,98,86,92,88,45,8,52,71,61,21,10,7,0,1,31,25,84,67,63,14,57,15,74,28,69,89,44,40,19,42,11,46,34,51,99,41,97,55,80,3,32,56,62,72,59,12,6,77,82,16,38,20,73,23,83,91,93,95,58,79,39,54,35,5,49,18,78,27,76,9,81,85;406;120145
GeneticImproved;3;data/FIS100-1.txt;100;98,83,3,54,85,75,57,8,91,38,39,35,24,97,63,80,55,40,11,27,16,30,76,78,90,36,13,69,33,17,44,37,79,46,84,48,29,10,65,64,5,52,71,93,61,41,14,31,43,81,74,28,21,18,2,22,68,42,92,86,49,23,26,60,4,15,66,95,56,96,73,99,6,72,1,0,7,50,87,58,47,25,20,77,67,88,53,89,19,9,32,51,94,82,34,62,59,12,45,70;411;122140
GeneticImproved;4;data/FIS100-1.txt;100;50,82,32,83,81,24,12,23,9,28,53,69,59,25,85,29,4,22,3,39,77,48,94,99,57,96,37,66,15,5,45,38,35,54,44,40,68,62,58,41,7,71,63,14,8,13,70,76,92,88,84,72,10,21,60,79,73,51,6,43,33,17,31,20,75,97,55,89,49,2,95,78,19,34,16,30,26,56,42,86,98,1,67,65,90,64,74,0,93,91,80,36,46,11,27,18,47,61,52,87;417;135402
GeneticImproved;5;data/FIS100-1.txt;100;42,74,34,29,8,15,89,55,97,24,60,2,95,87,38,30,27,14,9,81,83,78,76,62,56,54,44,37,64,53,90,69,33,43,35,65,80,92,85,21,50,77,66,31,79,73,17,52,3,63,93,18,46,11,71,86,84,49,28,7,98,13,99,61,47,39,19,48,96,10,22,12,32,59,91,67,88,4,51,94,70,68,40,6,41,82,36,72,5,25,57,16,26,20,58,23,45,0,1,75;405;141886
GeneticImproved;6;data/FIS100-1.txt;100;67,41,97,17,72,15,3,44,40,51,73,79,81,86,95,35,94,7,34,50,77,4,5,9,11,14,53,89,64,99,68,75,38,39,63,33,43,46,55,90,65,85,8,36,61,71,78,83,98,37,96,48,66,29,10,21,74,70,76,18,93,26,30,87,45,57,16,32,0,20,42,47,80,69,52,49,23,22,13,56,58,28,12,19,88,82,91,54,31,25,84,62,59,6,27,2,60,24,92,1;412;126876
GeneticImproved;7;data/FIS100-1.txt;100;42,59,12,93,97,95,2,15,76,23,66,0,18,78,19,71,99,98,89,16,30,31,79,81,83,54,9,62,34,96,48,11,27,64,55,74,51,3,32,88,6,24,68,80,91,82,8,72,61,86,69,41,50,1,92,85,75,20,73,53,94,7,5,40,4,65,28,58,70,45,57,43,37,87,33,13,25,47,26,56,10,63,46,77,60,22,35,39,90,52,36,44,38,84,67,49,29,14,21,17;418;126388
GeneticImproved;8;data/FIS100-1.txt;100;85,29,97,63,56,49,1,42,25,74,71,88,59,54,31,33,36,52,69,68,70,91,14,3,18,39,89,99,98,26,47,77,30,12,17,44,64,81,28,75,20,72,6,50,96,61,41,67,94,2,22,24,34,32,19,23,9,5,8,82,58,48,65,90,0,13,27,87,16,84,86,38,78,92,76,15,46,11,40,79,21,53,66,93,73,80,37,4,55,60,51,45,43,57,62,7,10,35,95,83;397;144941
GeneticImproved;9;data/FIS100-1.txt;100;11,27,87,95,22,4,77,50,86,93,72,19,96,29,85,20,67,15,21,74,28,83,13,99,54,64,65,3,5,49,36,68,81,73,88,32,82,58,47,61,56,51,10,48,80,57,31,34,62,24,35,41,78,75,97,60,53,45,42,39,92,76,23,9,46,55,90,37,98,40,69,0,1,7,8,52,89,94,6,26,17,84,33,43,12,25,59,44,66,70,79,91,38,30,16,14,2,18,63,71;409;126860
GeneticImproved;10;data/FIS100-1.txt;100;88,4,51,42,48,26,62,67,65,94,89,32,57,6,59,44,3,41,56,63,71,49,9,12,91,54,35,43,27,64,53,90,75,83,45,18,76,97,98,1,72,96,73,74,14,46,8,82,58,47,7,20,77,22,30,11,17,61,93,81,24,16,23,79,86,38,80,5,52,69,99,55,28,21,0,13,15,78,19,39,92,85,60,36,70,68,40,66,29,10,33,31,50,84,25,2,34,95,87,37;406;124050
GeneticImproved;11;data/FIS100-1.txt;100;38,8,82,73,96,22,3,5,56,10,53,65,80,66,87,50,32,26,6,59,62,47,58,16,30,34,95,98,64,78,15,4,29,48,94,81,41,67,24,35,25,70,77,86,49,2,85,11,7,9,84,14,55,12,23,52,90,36,89,46,97,63,18,37,33,69,17,42,28,91,79,21,45,74,72,99,51,83,60,61,93,88,19,39,92,76,71,31,27,43,57,13,0,1,54,44,40,68,75,20;415;127027
GeneticImproved;12;data/FIS100-1.txt;100;38,33,87,52,36,1,49,73,74,21,16,42,82,29,96,10,58,19,48,15,76,61,93,26,6,59,43,81,79,70,4,13,0,83,35,45,28,41,9,66,72,5,55,3,53,94,89,80,65,50,40,11,71,99,95,46,69,22,68,84,86,24,27,32,67,51,47,12,17,14,7,88,92,91,97,60,2,56,63,90,44,54,20,75,85,8,57,98,62,77,39,18,78,23,31,25,37,64,34,30;412;135054
GeneticImproved;13;data/FIS100-1.txt;100;10,37,98,7,81,94,18,75,6,32,40,92,60,78,51,22,30,45,70,66,53,28,33,36,68,84,86,62,9,35,41,69,44,99,54,1,31,43,58,19,71,93,26,47,83,67,49,23,12,59,72,5,11,79,73,42,80,87,27,65,56,38,34,24,63,46,96,15,3,8,14,16,52,85,29,61,21,50,2,91,82,88,4,64,13,74,76,90,95,48,77,20,0,17,57,39,89,55,97,25;416;144055
GeneticImproved;14;data/FIS100-1.txt;100;54,82,58,96,29,95,2,12,31,20,69,67,41,97,98,89,53,79,47,92,17,0,87,65,64,44,34,7,81,83,28,21,10,35,24,59,62,84,33,90,42,91,72,61,56,49,23,9,14,16,51,4,11,73,99,13,46,15,85,52,5,40,6,94,18,78,27,76,55,80,37,43,25,19,39,77,66,93,71,32,88,45,57,8,22,68,63,70,86,60,74,30,26,75,38,3,36,1,50,48;408;126519
GeneticImproved;15;data/FIS100-1.txt;100;1,49,73,58,82,8,44,39,29,10,56,12,23,26,61,71,64,81,85,27,41,5,45,54,59,91,79,90,78,51,63,14,17,53,89,94,65,74,34,36,13,99,77,3,80,55,76,47,42,25,70,28,83,93,66,15,57,32,67,69,86,52,16,30,38,98,19,40,11,46,9,18,2,95,87,4,22,68,48,96,37,43,33,62,84,97,60,50,6,72,92,88,24,35,21,0,7,75,20,31;426;122845
GeneticImproved;16;data/FIS100-1.txt;100;79,30,87,95,92,98,97,55,6,27,1,54,44,40,29,59,63,81,7,15,4,88,82,74,45,42,25,19,67,65,94,51,32,37,8,16,57,12,93,61,66,31,14,41,78,90,85,75,18,21,28,24,68,99,39,52,5,47,89,83,80,3,70,76,9,23,49,71,73,56,72,10,58,33,43,86,50,77,20,26,0,69,53,64,34,62,84,17,35,2,91,38,22,13,36,60,48,96,46,11;429;121439
GeneticImproved;17;data/FIS100-1.txt;100;52,85,27,24,43,53,94,18,46,77,47,55,28,23,16,21,38,33,62,63,97,25,13,57,14,72,17,73,93,59,42,51,40,44,54,20,69,29,70,58,82,36,1,92,88,66,10,96,48,15,4,99,68,75,49,76,81,79,39,65,56,12,9,7,0,26,34,64,91,2,60,61,6,89,74,45,5,22,8,98,41,90,37,50,31,30,19,78,80,87,95,35,83,3,32,71,11,67,84,86;423;117475
GeneticImproved;18;data/FIS100-1.txt;100;36,32,86,37,90,78,5,55,4,40,52,95,2,27,64,99,51,10,29,49,71,63,98,47,7,0,19,96,65,56,48,15,76,97,60,75,18,85,81,28,42,23,24,33,80,79,11,67,84,46,54,21,50,3,83,35,38,91,45,61,58,66,88,92,39,44,59,72,73,74,14,13,8,82,77,20,41,22,68,70,25,26,30,93,57,62,34,87,16,94,12,89,6,1,31,17,69,53,43,9;415;136161
GeneticImproved;19;data/FIS100-1.txt;100;74,89,69,41,78,72,92,98,22,13,99,4,51,70,94,86,49,79,21,26,25,33,43,57,53,58,82,68,24,9,18,85,31,87,95,34,30,16,40,47,73,81,97,17,14,37,90,75,20,77,27,88,67,91,60,2,61,93,55,76,15,7,71,32,3,80,66,38,45,28,12,23,19,96,52,5,8,29,42,39,50,84,46,11,10,1,36,44,64,0,35,83,63,62,59,6,48,54,56,65;408;136750
GeneticImproved;20;data/FIS100-1.txt;100;8,91,42,39,50,60,72,15,2,34,74,97,25,19,67,41,82,94,76,31,66,95,46,96,54,1,98,86,62,51,92,40,47,77,30,26,48,68,63,71,7,6,89,35,9,43,45,70,56,32,22,23,24,99,69,65,10,37,11,27,20,79,18,78,83,93,73,80,3,5,49,75,85,29,58,28,13,33,81,64,44,21,0,17,84,38,55,87,16,59,12,57,14,88,4,52,61,53,90,36;413;136072
GeneticImproved;21;data/FIS100-1.txt;100;67,99,73,80,65,50,86,79,31,33,46,84,49,89,35,21,0,13,57,32,82,42,56,40,16,8,30,9,43,69,90,76,70,74,15,24,68,81,83,3,18,78,23,22,1,7,10,11,54,91,28,58,47,39,77,45,38,48,17,14,29,66,93,95,71,37,5,72,60,85,75,61,36,44,96,34,64,53,94,12,2,27,87,51,92,88,55,4,25,97,63,98,26,6,41,20,52,62,59,19;408;124651
GeneticImproved;22;data/FIS100-1.txt;100;52,60,50,31,1,54,99,44,47,62,74,0,20,75,68,69,53,80,73,96,34,7,43,81,93,27,13,22,23,49,24,88,67,91,59,71,19,2,61,84,57,6,8,56,65,66,72,70,36,33,15,76,55,86,92,79,58,82,25,51,14,11,4,17,48,42,64,89,32,16,87,41,97,98,26,30,38,40,45,77,39,29,37,18,78,83,3,5,9,12,94,35,95,90,46,63,10,21,28,85;414;137857
GeneticImproved;23;data/FIS100-1.txt;100;29,63,97,60,4,11,67,83,28,75,26,93,12,9,89,17,69,41,35,21,34,32,86,84,62,19,40,51,61,71,52,68,44,36,1,54,7,82,78,90,33,37,59,47,42,20,31,25,74,38,91,8,22,0,13,46,55,99,64,27,53,65,80,92,98,94,18,85,81,76,23,6,77,50,95,2,88,24,49,5,3,15,48,73,79,39,57,14,72,70,45,43,30,16,87,66,58,56,10,96;429;124688
GeneticImproved;24;data/FIS100-1.txt;100;38,45,5,11,33,56,95,35,22,68,48,96,10,65,90,37,72,14,2,69,21,88,76,92,85,27,55,80,3,99,64,86,57,98,63,71,32,34,7,47,73,77,82,8,91,42,25,19,78,59,66,58,16,87,36,89,15,23,4,20,0,26,30,74,70,94,50,40,29,49,60,97,67,51,61,53,75,1,52,62,84,46,41,6,24,81,79,39,54,31,12,9,43,13,83,28,93,18,17,44;417;127246
GeneticImproved;25;data/FIS100-1.txt;100;85,84,24,49,52,86,92,88,71,19,39,91,21,75,20,27,16,40,54,67,41,89,4,15,50,33,62,76,97,46,48,69,59,66,56,63,14,32,51,96,73,99,95,23,9,36,44,90,65,87,37,64,34,77,6,1,7,10,11,79,31,30,38,55,42,17,18,8,57,93,26,47,61,60,81,83,35,5,80,78,0,13,22,68,74,45,43,53,3,70,58,28,94,98,72,82,25,2,12,29;426;149618
GeneticImproved;26;data/FIS100-1.txt;100;12,93,97,98,3,32,86,90,77,70,58,82,41,33,28,27,24,84,62,59,29,10,63,0,1,9,11,14,17,73,71,78,95,99,57,83,40,42,25,13,53,80,92,85,75,37,72,5,35,39,66,48,94,65,64,4,15,7,16,21,74,69,20,26,87,8,91,79,31,67,22,30,34,44,47,49,56,54,55,38,23,81,50,96,68,51,45,43,76,89,19,88,2,18,46,36,60,52,61,6;415;126707
GeneticImproved;27;data/FIS100-1.txt;100;12,56,64,65,27,85,84,57,43,24,15,48,54,58,47,39,89,73,93,92,79,83,40,66,29,37,10,53,19,72,60,70,36,49,28,21,20,77,82,41,3,63,0,7,46,11,71,98,1,67,13,25,97,95,2,88,80,78,81,23,4,87,51,94,68,99,74,45,18,44,96,69,17,14,16,30,22,61,33,62,90,76,75,38,34,8,5,52,86,50,31,35,9,55,26,91,42,32,6,59;411;145494
GeneticImproved;28;data/FIS100-1.txt;100;93,14,57,8,82,91,80,17,97,76,55,68,24,59,87,27,49,23,12,6,41,38,84,47,25,42,64,34,62,52,21,44,40,50,65,13,43,9,32,67,69,96,37,90,78,18,99,51,63,10,56,60,4,11,48,54,89,83,3,53,75,26,0,45,74,70,77,86,98,72,61,71,29,58,28,94,73,36,1,31,79,20,46,95,2,15,7,16,30,22,66,88,92,81,33,19,85,5,35,39;414;124855
GeneticImproved;29;data/FIS100-1.txt;100;66,51,63,14,21,16,84,77,89,4,37,32,67,13,35,31,79,20,38,15,78,80,73,96,34,62,59,42,39,47,76,94,81,7,10,33,87,91,93,12,23,26,30,22,29,49,86,43,54,40,55,74,28,82,58,95,97,56,25,44,17,0,64,65,69,99,24,6,45,53,90,52,60,50,1,75,85,18,27,2,88,19,98,57,8,92,5,9,46,36,70,68,48,11,71,61,41,3,83,72;411;130396
GeneticImproved;30;data/FIS100-1.txt;100;33,11,4,15,67,47,77,3,63,79,89,39,52,16,21,34,38,91,19,53,10,48,80,83,99,13,25,20,50,96,65,93,26,49,18,78,12,56,81,97,95,2,22,35,54,46,55,76,23,24,84,62,70,45,6,27,8,29,60,36,73,88,71,32,57,31,30,42,86,98,1,87,37,90,59,66,58,41,5,7,9,28,69,17,14,72,94,82,74,0,61,75,68,40,44,64,51,92,85,43;413;128632
GeneticImproved;1;data/FIS100-2.txt;100;41,19,8,85,98,77,57,3,40,58,35,89,90,59,24,14,50,51,80,96,54,48,75,53,68,7,9,88,6,34,43,91,39,52,5,15,69,72,46,20,13,31,86,92,45,87,32,37,44,56,30,73,74,76,81,42,29,22,21,11,82,33,95,10,16,97,78,83,28,12,61,27,99,60,79,25,67,2,1,18,94,26,84,4,47,71,93,55,70,49,65,38,64,17,63,0,36,62,66,23;408;148618
GeneticImproved;2;data/FIS100-2.txt;100;12,4,81,67,11,85,38,86,89,90,88,64,53,44,33,30,2,45,39,60,24,94,23,42,5,84,74,20,61,22,99,25,76,3,34,9,13,40,15,77,27,28,14,16,10,87,52,47,50,75,73,93,55,37,68,7,62,48,95,92,51,57,6,8,56,29,71,21,66,0,65,1,82,19,18,58,91,17,35,69,98,79,70,49,59,63,96,78,83,43,31,32,36,41,80,26,97,54,72,46;423;125221
GeneticImproved;3;data/FIS100-2.txt;100;81,83,58,34,55,10,26,52,41,57,36,51,4,19,65,46,97,95,20,74,15,40,13,17,23,25,50,28,85,94,44,79,98,66,73,62,39,0,87,32,80,14,96,9,49,1,12,37,24,59,56,48,43,7,77,35,78,63,60,27,61,21,22,71,30,89,76,2,67,31,86,38,16,29,33,53,82,70,45,68,11,88,90,47,84,5,3,91,75,93,92,54,64,42,6,8,18,69,72,99;422;126837
GeneticImproved;4;data/FIS100-2.txt;100;53,64,76,3,56,29,70,82,86,89,90,81,12,1,25,2,30,24,80,49,84,7,43,79,27,77,4,13,40,72,93,92,37,55,20,33,0,65,22,83,78,96,60,5,42,38,28,66,99,35,16,10,95,23,48,19,67,62,36,52,57,59,61,73,69,50,9,15,47,71,88,54,18,58,34,6,8,87,45,68,31,39,21,11,46,41,85,51,26,94,75,44,97,74,32,63,14,98,91,17;407;117783
GeneticImproved;5;data/FIS100-2.txt;100;71,72,67,84,7,80,0,12,4,39,27,41,89,6,1,29,17,37,70,82,92,45,87,49,66,28,25,20,18,83,81,90,31,96,54,14,38,74,76,68,65,2,3,44,36,91,13,61,26,57,60,64,63,52,58,24,86,55,78,15,40,32,79,73,95,10,99,75,16,69,98,19,77,56,30,62,59,46,47,50,51,48,43,9,34,21,42,53,33,22,94,23,93,5,11,8,35,88,85,97;416;122699
GeneticImproved;6;data/FIS100-2.txt;100;5,51,68,63,15,24,56,61,11,22,71,90,29,67,41,58,92,17,66,7,9,50,75,16,10,70,36,86,38,85,19,4,81,53,43,21,35,30,76,28,23,25,52,95,97,89,54,18,57,46,47,59,65,0,33,20,42,39,62,44,79,98,14,94,83,13,8,6,40,49,84,12,78,45,88,87,2,82,55,37,48,34,32,74,99,93,27,77,73,80,26,3,91,96,60,69,72,1,31,64;412;124950
GeneticImproved;7;data/FIS100-2.txt;100;25,43,7,9,27,72,93,71,22,89,40,96,88,2,19,4,70,15,77,36,79,95,28,78,10,87,80,0,47,14,59,61,92,53,37,11,85,42,56,32,1,12,46,63,64,58,34,33,23,38,98,24,97,20,74,76,3,29,99,67,50,35,21,26,81,66,73,62,39,45,48,68,82,86,54,75,16,69,6,17,13,31,90,8,30,41,65,44,94,84,49,83,18,5,51,91,60,57,55,52;417;129030
GeneticImproved;8;data/FIS100-2.txt;100;23,25,87,91,88,2,30,33,53,82,8,85,19,67,50,47,46,52,55,57,68,62,39,27,60,89,9,97,44,75,16,10,59,61,70,72,24,45,13,54,69,38,86,6,34,22,71,90,95,63,64,92,93,37,21,35,66,49,26,32,7,43,48,51,99,81,76,28,78,77,98,5,40,4,56,42,79,73,58,41,29,1,18,83,65,36,15,3,11,31,96,74,20,94,84,12,0,80,14,17;411;114894
GeneticImproved;9;data/FIS100-2.txt;100;9,8,85,26,94,87,15,48,37,56,71,88,90,59,42,29,34,19,18,74,97,54,57,20,55,86,6,17,1,92,82,53,81,51,7,21,49,66,52,23,25,50,91,98,5,11,83,58,3,35,32,69,47,79,68,46,12,61,22,89,24,38,65,41,27,99,93,10,70,31,67,33,72,14,13,60,76,96,40,44,28,30,2,84,39,95,73,78,64,43,75,16,62,4,77,36,80,45,0,63;414;144521
GeneticImproved;10;data/FIS100-2.txt;100;6,34,3,91,10,45,24,59,66,99,51,48,19,32,7,62,41,67,29,50,27,55,83,94,44,49,81,4,46,47,96,65,14,39,0,60,5,36,90,89,80,88,54,42,53,82,72,87,31,11,22,85,8,84,98,79,43,68,26,57,77,56,30,75,64,76,74,38,69,35,63,70,92,1,18,12,21,61,20,52,15,40,13,73,17,33,16,23,9,71,97,78,28,25,58,2,37,93,95,86;418;125542
GeneticImproved;11;data/FIS100-2.txt;100;35,25,75,55,82,53,42,85,28,1,12,68,22,70,33,26,17,38,86,66,73,63,69,18,20,31,43,89,77,56,23,9,71,44,79,94,87,93,39,60,76,64,37,48,19,27,95,10,88,6,13,40,97,74,81,51,30,2,45,24,58,80,83,65,7,4,78,46,98,41,16,47,90,29,67,62,96,92,8,91,0,11,3,14,54,52,72,34,61,21,49,84,5,15,50,99,59,57,36,32;410;133573
GeneticImproved;12;data/FIS100-2.txt;100;86,41,52,63,64,78,80,53,44,3,15,7,20,16,38,42,79,73,74,84,8,32,47,46,31,4,81,18,85,60,24,98,72,82,70,37,68,48,45,0,12,21,35,99,69,94,22,29,33,34,9,89,67,93,95,92,17,6,57,19,83,49,91,13,61,36,65,87,88,90,77,56,59,66,96,40,50,10,97,71,62,26,23,28,76,27,39,1,5,11,14,30,58,2,51,25,54,43,75,55;423;118553
GeneticImproved;13;data/FIS100-2.txt;100;8,92,70,83,11,93,41,87,30,35,17,37,55,90,89,58,24,27,77,19,57,26,10,16,61,22,71,29,67,99,44,60,13,3,42,78,88,64,51,48,43,25,23,56,59,32,15,69,54,85,74,72,2,45,75,94,65,40,0,80,73,63,47,1,12,4,81,36,46,31,68,79,50,76,28,52,95,97,62,39,91,86,82,53,20,18,49,66,98,84,33,5,21,7,34,14,96,9,38,6;422;124891
GeneticImproved;14;data/FIS100-2.txt;100;95,39,66,12,46,63,78,43,90,29,30,8,85,89,84,47,37,93,92,53,86,82,56,77,57,19,67,33,83,38,73,13,3,32,58,52,36,11,35,20,40,96,65,91,34,9,88,54,69,15,6,42,27,41,98,5,21,22,97,16,50,51,31,1,18,59,61,70,72,74,76,64,2,68,23,44,14,17,79,94,87,49,62,7,0,4,48,75,55,99,60,80,26,81,25,28,71,24,45,10;423;135130
GeneticImproved;15;data/FIS100-2.txt;100;68,79,29,16,50,69,76,60,0,66,99,33,59,32,58,7,62,49,84,5,18,43,75,93,88,96,54,72,14,17,12,19,48,51,74,1,36,10,55,86,21,26,91,13,4,64,40,78,81,42,3,9,57,98,24,27,77,15,63,34,61,94,83,28,23,6,89,90,38,85,8,22,70,52,25,46,87,65,2,47,37,92,45,39,95,73,30,71,97,44,82,11,35,20,53,80,56,41,67,31;412;137669
GeneticImproved;16;data/FIS100-2.txt;100;9,13,6,42,23,97,44,47,96,14,98,79,53,3,29,52,72,40,49,21,34,19,27,77,20,33,24,58,63,73,74,76,22,69,15,50,45,68,31,17,30,16,25,48,51,80,59,56,11,41,86,82,70,38,91,94,26,84,5,18,66,0,43,89,54,37,55,61,4,7,65,10,87,32,8,85,75,95,39,60,90,71,93,92,1,81,35,99,67,64,2,88,62,36,57,46,12,28,78,83;412;118256
GeneticImproved;17;data/FIS100-2.txt;100;86,91,96,85,34,3,11,0,39,88,35,21,4,26,13,83,46,98,14,59,54,61,73,66,49,62,33,58,2,23,56,77,12,84,7,82,79,43,68,29,1,6,89,24,94,25,30,44,36,76,69,18,5,48,37,87,45,10,20,70,31,64,17,55,60,80,99,22,57,19,67,93,78,28,38,42,53,92,51,9,40,8,32,74,97,65,72,52,47,71,63,95,81,90,75,16,41,27,50,15;412;135258
GeneticImproved;18;data/FIS100-2.txt;100;33,22,18,80,49,87,88,39,52,36,32,3,42,23,56,70,78,96,1,31,37,83,98,91,29,24,12,17,62,7,0,5,4,19,27,60,85,51,57,26,55,20,74,73,63,46,47,59,61,77,58,76,48,66,35,2,45,40,65,72,69,6,13,68,53,82,10,50,67,41,15,16,14,94,75,99,34,21,43,84,86,95,81,44,79,90,93,92,89,54,64,25,30,28,38,71,97,8,9,11;403;125743
GeneticImproved;19;data/FIS100-2.txt;100;88,98,41,95,46,65,5,18,69,6,34,99,67,71,72,24,73,74,76,22,61,21,11,93,20,96,29,87,8,32,77,15,50,75,85,19,27,13,7,43,53,82,55,94,83,9,17,31,28,66,59,57,45,39,4,12,78,80,60,14,54,37,89,90,51,48,25,47,35,70,79,81,1,84,62,97,10,16,38,91,58,52,23,44,68,92,64,42,2,30,56,36,86,40,49,26,33,0,63,3;416;127423
GeneticImproved;20;data/FIS100-2.txt;100;71,82,53,76,2,3,44,87,25,46,36,69,38,98,19,57,41,58,80,86,18,10,16,75,50,8,47,84,5,15,30,67,23,97,74,59,65,78,96,1,91,0,17,14,94,83,43,21,26,4,6,49,29,61,77,56,62,33,95,73,13,20,28,52,66,12,37,55,11,22,85,60,79,42,51,54,70,72,27,24,81,63,93,99,34,32,7,39,45,48,92,68,64,31,89,9,88,35,40,90;410;138833
GeneticImproved;21;data/FIS100-2.txt;100;25,50,67,41,65,72,27,40,73,92,48,62,10,97,71,33,26,57,78,96,54,14,38,53,95,79,80,0,36,11,55,86,21,66,18,2,68,45,46,59,49,94,24,60,39,20,61,85,89,22,74,16,29,17,58,63,64,83,81,91,13,7,43,75,44,3,32,34,99,93,90,88,35,47,4,51,19,77,15,6,8,9,69,76,28,52,87,42,56,30,82,70,37,31,1,12,84,98,5,23;413;119322
GeneticImproved;22;data/FIS100-2.txt;100;85,18,51,5,98,88,64,50,54,38,28,74,97,71,9,8,82,2,84,47,96,78,65,0,12,34,36,57,46,87,66,62,4,91,13,40,23,56,81,99,77,92,68,79,73,95,53,45,49,59,16,42,6,1,63,70,75,48,69,94,44,90,29,32,15,52,19,80,60,25,43,83,11,93,26,58,17,30,3,20,10,22,21,35,27,72,33,76,61,37,55,86,39,7,14,24,89,31,67,41;419;134947
GeneticImproved;23;data/FIS100-2.txt;100;70,82,86,39,68,7,21,25,28,46,71,88,98,19,57,6,34,63,1,37,11,87,45,79,44,75,43,58,20,74,4,81,5,93,99,83,13,61,35,16,10,26,52,36,55,60,80,89,90,77,78,40,76,14,66,48,69,72,95,92,8,54,18,85,94,97,64,31,32,91,65,96,47,27,33,53,42,59,73,30,56,23,9,50,24,51,2,3,15,12,84,49,67,41,62,0,29,17,38,22;422;123319
GeneticImproved;24;data/FIS100-2.txt;100;16,10,34,14,50,28,83,79,92,93,78,96,9,23,81,90,71,56,77,2,19,48,69,18,20,57,26,21,61,22,70,72,87,51,76,4,91,8,40,63,73,17,6,24,59,66,99,27,35,30,68,74,45,3,12,1,84,47,64,38,86,36,33,62,39,95,41,89,80,88,29,67,97,82,0,42,53,98,85,11,25,7,13,31,37,55,75,46,65,5,60,94,44,49,32,58,43,54,52,15;405;141095
GeneticImproved;25;data/FIS100-2.txt;100;96,40,51,26,62,84,61,20,55,10,22,71,28,44,3,9,18,12,46,63,64,78,88,39,1,31,43,52,57,59,66,35,47,32,25,30,87,56,23,42,17,29,41,58,2,76,4,79,68,65,8,6,69,72,34,48,14,60,19,67,33,83,86,92,45,37,70,82,97,16,50,80,36,53,95,81,11,94,24,38,90,89,54,13,0,85,21,5,93,27,99,73,75,49,74,15,7,77,98,91;412;134421
GeneticImproved;26;data/FIS100-2.txt;100;61,21,26,52,39,4,7,91,34,63,64,88,76,96,71,47,13,17,11,55,86,82,53,42,20,35,9,1,5,51,99,44,62,10,95,79,98,66,28,38,14,54,37,70,22,65,68,12,15,3,2,23,25,50,75,93,92,45,87,90,89,77,56,30,40,58,24,6,0,84,43,81,46,97,74,60,69,29,67,31,94,83,48,19,18,57,27,72,49,80,36,32,8,85,41,16,59,33,78,73;419;120416
GeneticImproved;27;data/FIS100-2.txt;100;62,40,49,26,13,73,95,17,33,5,51,25,58,61,59,99,55,44,21,34,9,42,12,66,98,91,63,69,15,77,56,24,37,53,79,68,82,92,4,76,74,28,27,47,50,75,94,23,84,39,93,43,31,46,57,78,96,65,72,36,11,85,60,14,16,38,88,87,52,70,97,71,22,18,83,81,90,29,67,19,2,35,30,41,86,80,0,7,1,10,64,54,89,6,20,8,32,3,45,48;410;129061
GeneticImproved;28;data/FIS100-2.txt;100;43,40,39,2,88,6,8,84,5,51,35,95,54,96,65,91,4,13,31,76,16,10,26,89,77,47,62,33,23,66,29,67,19,12,46,41,86,82,1,81,74,93,21,55,20,57,59,61,7,32,34,58,24,15,90,18,45,3,68,37,92,85,99,49,94,44,87,25,11,27,50,80,36,56,60,78,83,9,22,98,14,17,0,30,48,69,97,71,72,64,53,42,38,28,52,63,70,79,73,75;406;122485
GeneticImproved;29;data/FIS100-2.txt;100;87,66,18,63,1,31,70,36,72,51,96,47,50,61,77,58,76,2,75,30,14,16,15,69,73,42,56,4,38,64,54,92,37,55,83,60,13,26,49,53,95,86,91,17,65,8,19,67,62,40,27,39,7,9,71,97,23,93,41,89,90,79,25,43,46,57,59,80,0,11,6,24,32,34,99,10,20,28,78,85,22,48,5,33,45,74,81,12,29,3,68,21,98,84,94,44,82,52,88,35;410;139763
GeneticImproved;30;data/FIS100-2.txt;100;46,47,74,38,42,39,66,64,88,86,89,90,93,98,14,96,78,60,73,13,91,3,92,82,11,25,50,51,48,27,35,56,77,76,81,4,19,85,30,87,45,24,58,83,94,26,52,59,61,20,10,62,44,79,43,21,6,17,28,71,97,31,70,29,54,15,5,16,75,55,37,32,1,12,0,80,7,84,8,40,49,53,68,2,67,41,18,69,72,99,95,63,33,34,36,65,22,23,9,57;422;124812
GeneticImproved;1;data/FIS100-3.txt;100;82,8,0,30,81,48,85,55,51,28,33,13,12,17,84,86,95,34,62,9,29,73,99,52,44,41,31,69,54,83,53,5,22,49,80,19,61,15,21,91,39,42,92,94,78,11,58,68,65,70,56,26,27,36,40,6,18,50,37,66,35,45,16,14,43,87,46,72,32,4,10,71,67,59,7,23,24,25,57,38,77,79,96,97,60,88,3,63,98,64,20,1,2,76,74,90,75,93,89,47;411;131837
GeneticImproved;2;data/FIS100-3.txt;100;35,9,43,14,41,13,45,42,70,37,28,81,60,44,59,8,2,91,92,87,53,77,79,89,73,33,69,31,94,96,39,85,86,99,76,80,49,34,23,68,61,0,67,52,54,65,26,27,40,72,46,97,83,98,78,82,84,19,12,4,32,38,36,62,29,21,1,20,50,25,64,63,3,7,57,66,58,16,48,15,10,71,88,95,51,22,5,75,93,56,6,18,74,17,90,55,11,30,24,47;417;137573
GeneticImproved;3;data/FIS100-3.txt;100;94,98,6,29,50,91,58,80,39,54,18,42,15,21,69,55,85,88,28,19,77,73,22,32,53,64,67,66,44,89,25,51,1,46,41,49,5,82,38,45,3,92,56,8,2,76,61,68,24,36,13,7,16,31,23,48,0,43,65,35,47,10,9,30,87,60,34,57,63,96,95,75,26,27,83,74,93,97,72,90,4,52,17,78,40,81,33,70,12,14,62,20,84,37,71,79,99,86,11,59;415;119049
GeneticImproved;4;data/FIS100-3.txt;100;40,43,95,90,15,29,63,56,26,75,41,3,58,99,8,97,7,23,24,25,27,36,38,20,1,86,32,22,57,62,74,12,52,69,87,72,89,37,34,78,71,93,84,31,19,44,21,91,94,98,73,39,4,45,54,47,85,55,61,68,81,70,46,64,30,66,0,67,79,60,42,92,33,10,76,77,88,59,49,51,9,11,65,83,50,48,28,14,80,16,17,2,53,35,96,18,82,5,13,6;402;132469
GeneticImproved;5;data/FIS100-3.txt;100;76,32,22,54,57,65,79,62,80,85,89,47,28,19,39,42,63,72,99,41,18,50,55,97,7,3,52,38,29,61,69,31,49,12,4,45,13,11,53,71,98,2,8,86,21,16,0,70,90,25,20,1,93,56,26,27,82,36,83,96,51,81,46,64,67,75,91,92,48,78,34,35,33,87,30,6,23,24,58,84,68,44,66,59,94,73,95,43,9,17,40,88,14,74,10,15,77,60,37,5;426;132316
GeneticImproved;6;data/FIS100-3.txt;100;99,86,84,7,71,2,98,48,78,40,21,4,54,26,77,73,35,39,50,46,97,62,76,28,14,88,90,9,74,37,89,31,16,51,55,85,20,43,92,82,24,47,30,64,49,80,36,65,33,6,17,52,12,70,81,29,59,60,61,68,13,8,25,27,22,11,34,72,63,79,41,93,45,3,58,91,94,96,18,1,19,23,57,38,83,10,0,67,95,87,75,5,69,53,32,42,15,56,44,66;406;128181
GeneticImproved;7;data/FIS100-3.txt;100;5,82,36,94,52,54,57,48,27,41,30,64,59,60,34,46,42,92,33,87,95,75,47,50,8,35,73,77,76,49,51,18,80,2,88,3,21,22,78,90,53,67,0,70,65,26,11,19,31,56,32,7,99,63,16,37,44,66,71,1,20,85,39,79,58,91,25,14,62,43,40,17,12,4,10,74,81,28,29,61,68,45,72,84,86,9,15,96,97,98,6,23,24,69,55,93,89,38,83,13;410;139438
GeneticImproved;8;data/FIS100-3.txt;100;77,15,64,9,16,54,21,33,44,66,42,83,36,28,19,1,26,27,68,47,89,50,48,10,74,37,99,72,94,69,56,31,45,46,55,98,30,76,11,22,78,0,67,88,2,57,49,91,58,51,29,61,39,17,40,43,70,12,52,60,14,8,13,18,41,79,63,92,71,84,7,3,85,86,87,93,75,80,62,38,53,35,90,97,65,6,23,24,82,25,4,32,59,95,34,81,5,96,20,73;411;136865
GeneticImproved;9;data/FIS100-3.txt;100;89,31,19,1,22,28,42,92,79,39,77,38,6,40,21,29,81,37,34,78,70,85,76,91,94,99,41,93,45,68,16,3,4,74,20,83,96,33,97,98,11,58,46,9,86,32,80,17,49,36,62,87,43,47,48,53,57,63,64,67,69,84,71,51,66,0,65,82,2,8,7,30,18,54,52,12,14,50,55,61,15,10,72,26,75,27,90,88,95,59,60,44,56,13,5,23,24,25,35,73;412;130409
GeneticImproved;10;data/FIS100-3.txt;100;99,52,69,60,12,14,75,36,87,95,43,17,35,6,98,16,9,90,41,89,8,0,31,34,42,92,3,7,30,86,32,4,22,13,74,37,84,21,15,23,19,39,85,24,58,50,59,64,5,49,91,81,29,44,47,48,10,96,20,25,28,53,83,54,67,46,45,1,51,71,40,73,33,56,26,62,78,66,97,55,77,38,70,18,72,68,76,80,2,79,61,82,93,88,94,27,65,11,63,57;408;143885
GeneticImproved;11;data/FIS100-3.txt;100;29,59,60,61,69,12,74,94,70,58,20,9,52,53,75,95,86,30,7,57,65,72,90,41,18,63,89,98,6,23,33,28,25,2,8,56,32,54,0,31,81,40,85,24,47,78,17,73,3,88,66,93,97,14,16,45,46,50,43,10,76,77,79,55,38,80,26,27,83,96,51,87,42,39,44,4,13,11,62,19,1,99,48,71,37,34,35,67,36,84,68,64,5,49,91,92,82,15,21,22;421;124963
GeneticImproved;12;data/FIS100-3.txt;100;16,85,40,89,72,5,60,61,82,96,51,47,50,39,42,2,18,3,49,65,97,93,1,11,21,99,8,79,41,75,12,14,80,76,59,63,57,54,33,23,46,55,58,68,32,56,69,87,64,19,45,10,15,48,67,74,73,77,20,62,9,36,53,95,34,35,13,7,24,44,90,29,25,4,91,92,94,78,88,28,22,37,31,84,86,66,0,43,70,81,30,71,17,52,38,83,27,26,6,98;407;132940
GeneticImproved;13;data/FIS100-3.txt;100;37,66,35,57,99,33,89,8,0,10,76,91,61,83,53,69,94,96,87,59,64,52,12,54,88,42,60,24,85,39,68,45,4,74,28,81,5,82,92,20,1,86,58,84,29,15,77,3,63,79,41,27,62,36,38,6,56,98,31,16,95,67,70,21,65,43,90,40,80,14,34,2,71,13,11,78,17,49,22,32,7,23,48,50,55,93,75,26,73,19,51,25,9,30,18,44,47,97,46,72;411;129565
GeneticImproved;14;data/FIS100-3.txt;100;10,6,5,32,22,89,33,34,95,35,96,39,79,77,73,19,23,24,25,52,59,60,9,51,49,40,43,90,3,58,13,71,30,92,64,98,94,81,29,54,14,8,41,28,53,42,88,80,26,75,91,2,57,65,82,55,61,27,83,85,86,87,93,76,47,50,7,46,67,48,17,0,16,1,20,38,36,62,97,70,78,11,63,56,69,18,74,12,72,68,84,31,45,4,37,66,44,21,99,15;412;130232
GeneticImproved;15;data/FIS100-3.txt;100;10,15,61,82,86,95,57,54,18,13,7,50,21,65,11,55,26,80,44,68,42,32,59,60,78,34,64,0,70,97,63,56,8,2,76,69,66,14,12,47,51,49,5,53,58,91,25,4,17,31,94,36,24,67,75,93,37,38,77,39,96,83,33,1,71,30,84,87,92,79,41,43,9,28,98,48,16,40,85,20,74,6,23,19,62,29,22,27,72,90,35,88,3,45,89,73,99,52,81,46;427;122579
GeneticImproved;16;data/FIS100-3.txt;100;65,11,19,76,77,94,80,36,24,82,44,90,15,21,22,51,25,91,92,74,50,48,17,39,62,29,54,16,49,3,58,52,67,60,32,2,42,87,72,99,73,81,46,64,98,6,23,68,78,34,69,12,75,83,7,13,18,28,37,85,88,95,59,9,20,1,5,40,89,27,61,55,71,79,41,38,31,63,56,66,35,53,84,26,30,45,33,96,8,86,57,97,47,93,14,43,0,10,4,70;408;130957
GeneticImproved;17;data/FIS100-3.txt;100;89,62,83,53,77,76,28,22,73,40,79,63,15,10,32,38,80,26,27,36,82,25,91,75,47,50,39,44,55,90,29,52,67,5,6,33,92,84,72,78,34,30,49,41,13,7,3,16,95,86,1,20,4,23,24,43,0,51,71,2,98,94,70,65,68,42,96,18,19,64,9,45,46,81,48,58,31,37,66,56,54,57,85,17,74,93,87,59,60,61,69,21,11,8,99,97,12,14,88,35;415;140458
GeneticImproved;18;data/FIS100-3.txt;100;20,6,10,14,80,19,62,9,54,41,79,0,84,93,81,67,71,51,78,82,22,5,42,73,77,15,91,17,83,39,96,94,69,56,26,75,40,53,28,44,23,68,55,70,43,87,49,57,12,47,24,85,86,66,58,31,2,76,30,65,11,13,8,25,37,48,74,18,1,16,95,63,29,21,4,32,7,50,36,88,72,99,27,61,34,35,33,97,92,3,45,46,59,60,52,64,90,98,89,38;409;131937
GeneticImproved;19;data/FIS100-3.txt;100;11,25,29,61,83,53,10,71,40,75,93,84,21,17,0,30,64,59,60,34,37,48,58,27,41,28,56,92,3,45,46,85,88,90,82,24,4,35,47,99,73,74,26,8,63,6,36,5,22,13,33,81,52,86,9,76,32,42,43,50,91,78,94,96,70,12,15,44,39,7,97,62,65,49,23,31,16,68,72,66,67,2,69,14,80,19,87,89,57,54,18,51,1,20,38,77,79,95,98,55;412;128584
GeneticImproved;20;data/FIS100-3.txt;100;2,13,11,19,39,80,16,82,78,8,69,34,72,90,55,65,49,12,14,28,22,29,87,33,74,18,1,26,10,81,97,93,71,17,4,21,7,23,24,85,61,73,35,25,27,62,99,77,76,47,48,50,56,92,91,3,9,40,75,41,89,32,86,95,59,52,54,57,60,79,63,68,42,88,51,66,37,38,36,83,96,5,6,20,84,58,15,44,45,46,70,94,98,31,43,0,67,64,30,53;400;119638
GeneticImproved;21;data/FIS100-3.txt;100;78,13,7,23,24,25,41,33,81,34,57,2,76,35,72,31,59,60,69,56,46,45,1,20,21,91,94,98,73,74,12,14,16,48,42,92,71,17,68,55,86,95,96,97,99,90,66,88,6,83,61,22,11,39,79,70,4,19,28,51,29,38,27,26,84,58,15,77,3,63,5,64,67,82,8,40,49,65,62,80,85,30,18,54,52,93,87,36,37,89,75,47,50,43,9,10,0,32,53,44;400;132885
GeneticImproved;22;data/FIS100-3.txt;100;16,1,51,55,90,9,33,97,99,8,2,42,7,58,46,59,60,24,31,38,61,64,67,25,34,37,35,13,19,76,77,81,32,53,83,98,71,92,3,45,54,0,78,82,28,22,89,41,93,84,21,4,30,49,40,43,70,74,10,15,23,48,50,56,69,72,66,29,52,17,12,14,68,36,94,62,65,26,27,75,87,20,57,11,73,47,91,5,95,88,85,86,96,63,79,39,44,18,6,80;417;146868
GeneticImproved;23;data/FIS100-3.txt;100;32,86,85,5,96,94,91,61,54,0,10,45,72,35,89,37,50,29,84,68,17,4,30,87,49,22,28,51,42,55,93,88,99,76,63,64,9,15,23,24,25,65,6,74,34,57,7,97,70,43,20,83,77,69,31,16,66,67,13,8,41,27,75,39,44,47,48,98,11,58,46,59,60,78,40,56,33,81,73,95,38,52,12,14,62,36,2,53,71,82,92,79,26,18,1,21,3,90,19,80;412;130189
GeneticImproved;24;data/FIS100-3.txt;100;29,50,91,94,99,86,45,13,27,71,2,31,73,47,89,62,83,53,75,93,52,12,74,61,88,3,63,55,85,1,33,87,20,41,4,25,90,44,66,97,26,11,78,30,92,42,39,95,16,14,40,76,77,79,98,6,54,0,70,81,7,23,69,21,49,17,68,72,34,46,10,96,67,64,19,51,18,43,65,35,36,24,82,84,58,80,38,57,22,5,32,8,56,59,60,9,15,48,37,28;415;126815
GeneticImproved;25;data/FIS100-3.txt;100;4,32,38,77,60,44,37,34,35,1,19,28,58,3,85,55,90,80,45,94,98,0,69,52,93,97,70,46,31,2,10,15,65,24,82,5,95,84,9,54,26,6,40,43,68,61,73,57,72,23,79,59,64,92,56,63,81,87,89,22,78,36,39,11,8,62,20,83,7,13,71,67,48,47,50,29,25,17,41,27,53,12,74,18,76,30,86,51,66,16,14,88,99,33,96,42,75,49,91,21;415;151987
GeneticImproved;26;data/FIS100-3.txt;100;42,75,27,94,98,88,6,51,96,95,80,14,28,69,58,12,52,53,84,87,92,3,9,43,70,74,67,64,0,77,60,2,76,49,22,32,7,50,97,34,61,19,11,30,26,41,44,90,55,59,46,18,1,16,66,35,39,79,71,78,47,36,13,68,40,72,5,65,83,20,85,25,4,24,81,82,86,8,56,93,37,38,31,89,62,99,73,33,10,45,17,48,57,63,29,54,23,15,21,91;416;124772
GeneticImproved;27;data/FIS100-3.txt;100;51,90,84,81,70,46,34,68,59,7,13,83,96,36,74,73,89,63,3,45,72,99,60,88,52,38,82,16,65,54,71,94,69,18,75,53,5,31,23,85,32,80,42,87,93,97,26,27,61,55,98,11,17,24,25,29,35,39,79,67,95,86,58,20,43,10,41,49,40,1,2,76,77,15,91,92,56,28,19,62,64,30,6,33,14,66,57,12,4,0,8,50,37,44,47,78,48,9,21,22;411;143263
GeneticImproved;28;data/FIS100-3.txt;100;86,83,96,70,81,63,3,9,48,50,91,76,7,95,6,98,79,82,61,69,33,97,93,74,34,35,4,37,16,31,14,12,60,32,10,1,85,88,94,92,56,26,27,75,47,44,39,80,2,57,65,62,99,73,17,90,15,21,22,89,41,18,46,42,77,38,68,23,24,25,28,36,49,5,72,66,45,54,52,20,53,40,78,0,43,87,19,64,59,67,71,29,51,55,58,84,30,11,13,8;404;130749
GeneticImproved;29;data/FIS100-3.txt;100;40,68,41,79,95,96,53,27,72,75,76,77,78,51,44,29,9,62,80,63,97,93,1,20,38,52,17,49,59,60,34,37,36,47,43,10,15,99,7,13,45,30,18,54,57,66,35,39,83,33,21,11,5,65,70,81,84,94,98,0,61,55,69,3,23,24,85,25,4,46,71,82,86,87,19,58,12,14,16,31,89,73,74,26,56,32,22,28,48,50,91,92,6,67,2,8,42,88,64,90;418;140741
GeneticImproved;30;data/FIS100-3.txt;100;67,0,77,73,35,34,78,60,24,30,19,80,95,81,29,72,18,20,50,25,82,22,44,66,37,70,43,47,75,69,52,99,1,45,13,12,14,26,41,42,88,51,96,36,2,93,89,87,28,98,94,59,49,15,65,3,23,48,53,71,92,56,10,38,6,5,40,85,76,97,33,46,62,83,61,68,17,91,21,74,4,90,55,64,27,11,57,63,31,32,86,9,16,58,84,8,39,7,79,54;407;136275
GeneticImproved;1;data/FIS100-4.txt;100;84,52,60,77,63,73,12,33,19,99,94,10,15,1,80,81,85,87,88,89,90,92,96,93,82,48,74,0,97,11,62,37,98,4,3,44,25,64,67,51,20,42,5,21,40,41,76,69,61,45,30,39,57,65,71,72,17,66,83,86,35,59,27,58,7,49,75,43,14,26,55,53,56,18,91,16,9,13,34,70,2,22,23,79,31,95,54,68,29,6,36,47,78,8,24,46,38,50,32,28;409;135722
GeneticImproved;2;data/FIS100-4.txt;100;89,90,91,16,74,75,84,28,76,13,0,44,63,86,60,52,32,14,53,25,73,57,77,78,85,70,34,31,5,35,36,61,88,26,2,9,45,17,55,62,81,30,39,99,49,50,11,10,20,46,97,87,7,58,18,42,1,56,8,12,33,38,40,41,65,43,98,96,69,71,27,64,72,93,6,15,21,59,24,23,4,95,67,80,66,3,47,51,92,48,68,37,22,82,83,94,79,54,29,19;409;133037
GeneticImproved;3;data/FIS100-4.txt;100;49,62,66,92,73,96,63,86,53,3,52,40,95,54,97,68,30,9,0,60,10,90,55,25,42,56,65,57,91,61,36,18,76,39,48,15,27,70,71,93,45,28,98,29,51,20,14,37,44,59,82,12,34,6,83,43,4,38,80,24,46,16,81,79,35,58,13,74,75,84,23,21,17,72,47,22,41,69,19,33,1,67,11,94,99,5,78,2,7,26,31,64,8,32,85,77,87,88,89,50;429;129589
GeneticImproved;4;data/FIS100-4.txt;100;18,38,2,10,6,15,59,35,60,39,46,53,99,95,31,19,73,44,3,1,41,91,61,5,77,63,96,93,94,79,62,11,80,64,67,78,70,74,54,68,49,50,58,97,86,51,81,65,27,34,37,82,84,75,76,25,48,20,21,29,42,69,52,71,57,4,7,22,23,24,26,47,45,85,9,13,17,83,14,8,12,72,66,40,0,33,30,16,36,87,88,89,90,92,28,98,32,43,55,56;414;139381
GeneticImproved;5;data/FIS100-4.txt;100;5,44,60,82,32,67,78,86,39,76,51,38,11,22,43,77,63,80,83,85,9,2,52,57,99,49,66,30,33,12,8,41,91,31,40,0,6,73,90,62,20,16,81,79,97,29,64,68,92,50,7,87,75,96,69,26,14,55,56,37,47,65,61,84,13,53,27,34,70,71,72,93,46,54,1,3,25,35,28,88,95,94,10,15,21,23,24,89,98,18,58,45,19,48,42,59,74,17,36,4;404;117705
GeneticImproved;6;data/FIS100-4.txt;100;74,91,94,79,81,62,9,12,45,19,60,82,83,86,87,77,78,72,35,4,23,65,5,58,70,85,49,25,56,54,96,34,37,44,59,61,88,47,18,48,90,14,8,2,52,3,1,6,64,27,33,10,15,66,92,46,39,99,17,21,29,38,40,71,57,50,97,16,84,13,0,31,7,42,24,89,93,28,30,68,41,76,69,73,36,11,80,32,67,55,75,95,51,20,22,43,53,98,63,26;406;129408
GeneticImproved;7;data/FIS100-4.txt;100;86,87,76,69,49,50,28,92,47,51,93,46,74,26,52,13,70,0,44,60,33,19,97,29,21,23,24,38,36,53,11,80,71,22,54,75,62,82,84,55,79,2,42,14,59,64,65,66,68,81,98,56,57,4,48,95,45,9,27,7,58,89,90,91,5,78,96,77,85,67,32,99,39,30,16,17,10,15,40,31,43,37,34,83,6,1,3,8,25,18,63,94,41,72,12,73,88,61,20,35;400;146894
GeneticImproved;8;data/FIS100-4.txt;100;38,12,62,20,1,42,61,84,22,91,35,90,34,43,28,98,81,65,73,58,94,10,18,83,80,45,4,93,85,70,27,64,68,53,66,15,40,6,37,2,13,74,89,59,82,14,26,54,51,67,32,21,46,25,57,52,5,78,11,79,30,76,16,9,87,88,49,71,17,24,50,92,48,95,29,3,0,97,75,31,7,69,23,99,39,55,47,72,63,77,56,33,19,36,44,86,60,96,41,8;413;132157
GeneticImproved;9;data/FIS100-4.txt;100;46,59,74,52,36,2,9,45,44,80,83,13,30,26,31,35,71,8,12,62,66,82,84,7,70,0,60,96,22,11,10,54,79,58,78,20,1,21,4,93,34,25,14,55,56,75,76,65,73,47,40,51,87,88,90,97,24,23,17,99,41,42,94,72,64,67,32,95,5,27,15,98,63,86,28,69,53,85,16,18,48,92,37,43,77,57,3,29,6,89,61,91,38,50,33,19,81,68,49,39;415;130944
GeneticImproved;10;data/FIS100-4.txt;100;71,89,98,56,55,86,96,88,28,15,76,37,46,16,19,17,54,97,87,13,53,39,60,11,10,18,67,69,91,26,52,2,7,58,6,61,93,79,81,74,36,47,92,90,14,49,1,85,70,78,35,72,73,25,34,62,20,22,23,24,32,43,21,64,80,63,33,27,65,57,59,44,3,5,42,40,51,66,30,0,9,45,82,31,95,8,12,48,68,99,94,41,77,38,50,29,84,75,4,83;417;122597
GeneticImproved;11;data/FIS100-4.txt;100;53,85,9,45,31,48,52,57,63,26,6,92,90,34,37,30,33,21,4,59,35,79,94,99,95,25,8,12,19,17,44,24,67,32,80,81,98,2,11,62,66,68,64,72,93,16,83,14,42,7,38,29,97,54,69,46,39,76,75,87,51,47,3,18,58,13,0,28,43,55,56,77,78,27,65,5,71,36,73,82,84,10,40,41,91,61,49,50,15,1,20,22,23,70,96,88,89,74,60,86;421;101983
GeneticImproved;12;data/FIS100-4.txt;100;35,78,3,81,98,2,15,10,17,23,79,54,56,25,49,61,84,36,85,83,34,62,76,43,31,26,55,90,82,64,27,80,46,8,38,57,50,14,47,37,44,63,94,66,18,24,21,87,77,59,74,60,52,40,45,9,16,20,1,41,29,68,73,72,22,28,30,33,32,88,4,7,75,19,97,89,91,5,71,69,67,58,70,95,99,39,53,12,96,51,13,0,6,93,42,65,11,92,48,86;416;126843
GeneticImproved;13;data/FIS100-4.txt;100;52,77,63,57,58,55,25,14,50,49,61,36,60,4,87,88,89,98,32,10,2,41,69,28,45,19,1,67,78,90,92,96,99,23,17,21,42,48,6,34,27,95,54,68,3,5,7,9,30,53,73,72,93,59,74,91,94,13,18,83,85,8,43,56,46,80,64,44,37,22,20,65,71,24,39,86,35,26,29,33,66,97,0,70,84,82,76,16,47,81,51,38,11,79,62,75,31,12,40,15;410;130927
GeneticImproved;14;data/FIS100-4.txt;100;10,98,46,96,38,99,94,36,71,5,51,2,34,27,35,62,41,91,61,84,22,20,53,95,54,56,42,26,63,65,68,66,59,4,33,37,44,49,50,32,14,83,28,0,9,16,18,21,74,75,76,55,17,89,13,30,72,29,64,67,69,97,24,25,12,8,19,60,47,73,77,78,3,11,43,79,57,80,81,85,87,88,70,58,7,90,92,23,31,6,1,39,45,93,82,86,52,48,15,40;404;127165
GeneticImproved;15;data/FIS100-4.txt;100;47,28,0,6,8,12,13,24,69,52,94,36,71,57,59,3,34,2,15,19,48,32,88,16,91,22,53,25,76,39,55,56,87,62,75,37,45,33,30,44,49,61,74,60,63,65,89,90,43,81,18,38,11,80,17,83,85,70,27,64,67,51,29,9,20,46,98,35,97,1,79,92,96,95,86,84,82,66,40,31,68,10,5,93,4,23,50,58,7,54,72,73,77,78,42,21,26,14,41,99;412;121296
GeneticImproved;16;data/FIS100-4.txt;100;3,5,44,90,14,20,22,40,36,73,76,69,42,25,12,16,4,48,53,43,21,74,80,83,50,23,84,75,89,98,81,47,63,26,54,95,31,9,88,96,7,32,51,67,79,92,46,91,1,49,85,68,66,41,64,29,18,10,15,59,61,45,28,56,55,17,38,8,82,70,24,39,30,33,86,52,2,11,19,60,0,57,58,97,87,62,34,6,93,37,94,99,13,77,78,72,35,71,27,65;417;129668
GeneticImproved;17;data/FIS100-4.txt;100;31,91,94,79,13,61,93,72,73,77,96,60,63,42,11,23,1,54,43,56,46,97,75,76,16,19,33,66,92,68,49,50,12,48,52,74,89,98,83,45,4,0,3,47,5,71,18,81,29,95,40,36,87,88,28,10,70,85,32,44,6,34,25,35,69,80,20,62,37,82,84,86,59,15,7,27,64,67,58,57,65,30,14,55,90,51,78,8,38,39,99,17,24,22,41,53,2,9,26,21;412;119067
GeneticImproved;18;data/FIS100-4.txt;100;61,69,71,57,77,78,42,73,12,60,8,85,29,97,76,96,28,82,14,30,72,16,18,56,1,53,55,0,38,39,54,6,33,63,80,81,86,35,2,34,21,98,32,44,5,7,58,79,93,59,41,40,4,48,52,94,37,23,75,84,13,87,88,89,90,91,22,11,10,99,49,65,47,27,9,62,66,68,64,67,51,3,36,17,83,46,92,50,15,45,19,43,24,70,26,25,74,31,95,20;400;129010
GeneticImproved;19;data/FIS100-4.txt;100;59,15,1,3,8,91,69,54,75,71,70,53,55,19,45,40,66,49,50,23,41,32,42,72,73,77,63,81,85,87,88,90,92,96,98,2,7,9,21,27,68,30,33,20,16,46,94,99,48,12,31,6,64,17,89,74,10,24,38,28,62,37,67,78,86,39,36,52,57,58,13,65,44,51,29,26,35,79,56,80,11,22,47,43,83,14,25,34,95,76,97,5,93,4,60,0,18,82,84,61;418;130431
GeneticImproved;20;data/FIS100-4.txt;100;31,39,49,61,84,75,76,16,19,33,50,93,4,32,36,2,52,3,59,89,70,30,68,24,25,35,29,54,72,56,55,14,26,20,80,6,92,48,27,34,37,64,73,63,44,60,74,15,67,1,17,62,69,71,8,47,45,65,66,94,99,96,88,28,43,9,85,83,95,53,12,7,58,79,81,18,82,90,91,23,0,86,97,22,11,10,5,38,51,87,98,46,13,40,41,57,77,78,42,21;409;131383
GeneticImproved;21;data/FIS100-4.txt;100;69,42,48,20,22,23,28,30,94,25,38,8,12,13,40,41,91,74,36,17,64,68,73,77,57,58,16,49,26,54,45,83,80,44,27,75,35,62,66,98,29,50,15,10,99,95,72,86,3,0,34,88,89,90,92,11,78,21,31,37,43,56,59,60,82,84,67,32,85,53,14,18,4,51,19,52,61,93,79,97,1,39,24,46,33,63,96,76,87,9,7,5,2,70,6,71,65,47,55,81;415;139295
GeneticImproved;22;data/FIS100-4.txt;100;99,68,93,28,90,14,83,86,84,30,53,88,89,29,97,54,17,38,7,91,19,55,73,77,78,2,5,95,31,45,9,87,80,74,36,58,16,46,98,15,40,52,57,50,39,48,20,1,25,92,44,65,27,72,35,62,12,33,66,49,71,13,61,6,34,26,63,94,41,22,43,79,23,59,75,96,60,82,8,56,18,24,21,32,42,69,76,70,85,67,64,3,0,4,51,81,47,37,11,10;422;120806
GeneticImproved;23;data/FIS100-4.txt;100;92,37,23,22,21,9,0,29,68,66,78,3,87,81,51,15,80,1,49,14,84,86,53,16,31,91,69,73,93,75,76,43,28,38,5,95,77,85,8,12,13,89,44,90,55,25,64,40,4,48,99,74,36,34,2,47,27,72,63,98,18,88,32,67,24,39,20,33,50,57,65,41,62,35,58,7,19,46,59,56,42,30,70,71,94,83,17,26,6,61,52,60,82,45,79,11,10,54,97,96;405;133993
GeneticImproved;24;data/FIS100-4.txt;100;28,86,84,85,83,82,76,18,38,8,43,14,20,80,1,79,19,45,93,96,69,67,35,62,49,50,15,10,33,56,46,98,2,11,58,7,12,25,26,88,89,3,78,30,22,23,24,61,59,27,34,55,90,91,57,65,41,81,53,47,36,4,32,42,40,51,44,60,52,37,66,68,99,39,74,13,0,9,70,71,94,77,5,31,16,72,73,63,21,17,54,75,97,29,64,6,87,95,48,92;412;115298
GeneticImproved;25;data/FIS100-4.txt;100;0,3,51,45,65,57,77,78,5,83,23,70,82,84,80,24,9,16,18,21,22,47,27,71,49,61,91,79,94,99,13,75,56,85,93,34,62,52,74,60,72,17,40,2,96,36,43,28,30,37,67,64,97,54,66,19,81,87,88,89,90,92,68,69,59,32,10,15,48,42,20,35,95,4,6,8,11,38,7,58,50,12,31,53,86,76,41,73,25,33,63,98,29,26,14,55,39,46,1,44;427;130002
GeneticImproved;26;data/FIS100-4.txt;100;2,14,59,57,61,76,73,77,78,97,72,54,56,1,15,21,20,65,66,68,99,94,49,50,12,8,25,74,96,69,26,32,85,87,88,89,24,28,10,16,9,31,64,3,5,38,13,40,51,86,84,70,0,6,92,44,52,33,30,37,43,90,48,95,60,82,18,29,22,91,35,71,27,53,93,34,63,17,45,19,42,11,23,4,36,47,55,62,58,67,79,81,39,46,98,83,80,75,7,41;415;114805
GeneticImproved;27;data/FIS100-4.txt;100;7,84,86,87,88,89,95,5,30,33,45,40,63,82,93,28,0,8,79,38,96,60,94,36,56,34,4,51,46,59,66,68,85,53,43,50,57,65,6,54,92,90,52,62,35,1,20,61,44,37,75,97,41,10,15,80,81,98,29,64,72,73,27,19,12,14,25,21,83,18,48,39,76,3,11,22,23,24,32,67,69,91,16,58,71,77,78,31,74,17,26,13,9,42,70,2,55,47,49,99;409;133285
GeneticImproved;28;data/FIS100-4.txt;100;14,90,10,23,91,41,94,86,6,87,95,8,78,57,99,17,21,37,64,54,92,68,66,30,28,3,5,70,82,22,7,12,35,58,71,65,47,72,27,33,19,44,49,88,96,38,79,2,15,1,39,45,83,18,36,74,46,61,0,69,31,80,81,85,93,59,32,50,62,11,43,97,24,25,55,73,76,34,52,53,98,89,29,51,67,75,13,26,63,60,77,84,48,4,40,56,20,16,9,42;407;136651
GeneticImproved;29;data/FIS100-4.txt;100;26,44,19,33,25,55,32,59,66,94,99,81,21,61,56,87,88,89,93,34,67,31,40,4,95,14,12,18,29,97,54,69,96,75,76,15,72,30,22,43,77,57,50,39,48,52,74,62,35,51,11,23,68,24,80,83,28,0,13,9,42,82,45,47,16,58,20,64,70,27,65,71,5,86,41,91,38,79,7,78,3,8,60,10,90,92,49,1,46,98,84,85,53,17,36,2,37,6,73,63;412;124168
GeneticImproved;30;data/FIS100-4.txt;100;9,16,58,30,81,65,15,19,89,45,75,43,37,44,92,28,62,76,3,4,48,52,77,57,32,67,78,86,53,13,87,88,90,91,94,93,96,74,60,59,46,39,55,56,71,80,6,83,95,27,84,40,99,49,50,33,29,18,10,11,20,1,97,72,47,51,38,5,21,85,79,7,2,14,82,31,68,54,73,12,8,63,98,0,22,23,24,66,41,64,17,42,69,61,25,34,70,36,35,26;413;134512
NearestNeighborhood;1;data/FIS50-0.txt;50;14,48,31,36,10,25,23,38,44,41,45,28,17,22,7,4,1,2,20,8,47,35,49,39,43,0,19,11,42,30,34,3,33,5,29,6,40,26,21,9,12,37,32,46,24,13,16,27,18,15;0;55603
NearestNeighborhood;2;data/FIS50-0.txt;50;14,48,31,36,10,25,23,38,44,41,45,28,17,22,7,4,1,2,20,8,47,35,49,39,43,0,19,11,42,30,34,3,33,5,29,6,40,26,21,9,12,37,32,46,24,13,16,27,18,15;0;55603
NearestNeighborhood;3;data/FIS50-0.txt;50;14,48,31,36,10,25,23,38,44,41,45,28,17,22,7,4,1,2,20,8,47,35,49,39,43,0,19,11,42,30,34,3,33,5,29,6,40,26,21,9,12,37,32,46,24,13,16,27,18,15;0;55603
NearestNeighborhood;4;data/FIS50-0.txt;50;14,48,31,36,10,25,23,38,44,41,45,28,17,22,7,4,1,2,20,8,47,35,49,39,43,0,19,11,42,30,34,3,33,5,29,6,40,26,21,9,12,37,32,46,24,13,16,27,18,15;0;55603
NearestNeighborhood;5;data/FIS50-0.txt;50;14,48,31,36,10,25,23,38,44,41,45,28,17,22,7,4,1,2,20,8,47,35,49,39,43,0,19,11,42,30,34,3,33,5,29,6,40,26,21,9,12,37,32,46,24,13,16,27,18,15;0;55603
NearestNeighborhood;6;data/FIS50-0.txt;50;14,48,31,36,10,25,23,38,44,41,45,28,17,22,7,4,1,2,20,8,47,35,49,39,43,0,19,11,42,30,34,3,33,5,29,6,40,26,21,9,12,37,32,46,24,13,16,27,18,15;0;55603
NearestNeighborhood;7;data/FIS50-0.txt;50;14,48,31,36,10,25,23,38,44,41,45,28,17,22,7,4,1,2,20,8,47,35,49,39,43,0,19,11,42,30,34,3,33,5,29,6,40,26,21,9,12,37,32,46,24,13,16,27,18,15;0;55603
NearestNeighborhood;8;data/FIS50-0.txt;50;14,48,31,36,10,25,23,38,44,41,45,28,17,22,7,4,1,2,20,8,47,35,49,39,43,0,19,11,42,30,34,3,33,5,29,6,40,26,21,9,12,37,32,46,24,13,16,27,18,15;0;55603
NearestNeighborhood;9;data/FIS50-0.txt;50;14,48,31,36,10,25,23,38,44,41,45,28,17,22,7,4,1,2,20,8,47,35,49,39,43,0,19,11,42,30,34,3,33,5,29,6,40,26,21,9,12,37,32,46,24,13,16,27,18,15;0;55603
NearestNeighborhood;10;data/FIS50-0.txt;50;14,48,31,36,10,25,23,38,44,41,45,28,17,22,7,4,1,2,20,8,47,35,49,39,43,0,19,11,42,30,34,3,33,5,29,6,40,26,21,9,12,37,32,46,24,13,16,27,18,15;0;55603
NearestNeighborhood;11;data/FIS50-0.txt;50;14,48,31,36,10,25,23,38,44,41,45,28,17,22,7,4,1,2,20,8,47,35,49,39,43,0,19,11,42,30,34,3,33,5,29,6,40,26,21,9,12,37,32,46,24,13,16,27,18,15;0;55603
NearestNeighborhood;12;data/FIS50-0.txt;50;14,48,31,36,10,25,23,38,44,41,45,28,17,22,7,4,1,2,20,8,47,35,49,39,43,0,19,11,42,30,34,3,33,5,29,6,40,26,21,9,12,37,32,46,24,13,16,27,18,15;0;55603
NearestNeighborhood;13;data/FIS50-0.txt;50;14,48,31,36,10,25,23,38,44,41,45,28,17,22,7,4,1,2,20,8,47,35,49,39,43,0,19,11,42,30,34,3,33,5,29,6,40,26,21,9,12,37,32,46,24,13,16,27,18,15;0;55603
NearestNeighborhood;14;data/FIS50-0.txt;50;14,48,31,36,10,25,23,38,44,41,45,28,17,22,7,4,1,2,20,8,47,35,49,39,43,0,19,11,42,30,34,3,33,5,29,6,40,26,21,9,12,37,32,46,24,13,16,27,18,15;0;55603
NearestNeighborhood;15;data/FIS50-0.txt;50;14,48,31,36,10,25,23,38,44,41,45,28,17,22,7,4,1,2,20,8,47,35,49,39,43,0,19,11,42,30,34,3,33,5,29,6,40,26,21,9,12,37,32,46,24,13,16,27,18,15;0;55603
NearestNeighborhood;16;data/FIS50-0.txt;50;14,48,31,36,10,25,23,38,44,41,45,28,17,22,7,4,1,2,20,8,47,35,49,39,43,0,19,11,42,30,34,3,33,5,29,6,40,26,21,9,12,37,32,46,24,13,16,27,18,15;0;55603
NearestNeighborhood;17;data/FIS50-0.txt;50;14,48,31,36,10,25,23,38,44,41,45,28,17,22,7,4,1,2,20,8,47,35,49,39,43,0,19,11,42,30,34,3,33,5,29,6,40,26,21,9,12,37,32,46,24,13,16,27,18,15;0;55603
NearestNeighborhood;18;data/FIS50-0.txt;50;14,48,31,36,10,25,23,38,44,41,45,28,17,22,7,4,1,2,20,8,47,35,49,39,43,0,19,11,42,30,34,3,33,5,29,6,40,26,21,9,12,37,32,46,24,13,16,27,18,15;0;55603
NearestNeighborhood;19;data/FIS50-0.txt;50;14,48,31,36,10,25,23,38,44,41,45,28,17,22,7,4,1,2,20,8,47,35,49,39,43,0,19,11,42,30,34,3,33,5,29,6,40,26,21,9,12,37,32,46,24,13,16,27,18,15;0;55603
NearestNeighborhood;20;data/FIS50-0.txt;50;14,48,31,36,10,25,23,38,44,41,45,28,17,22,7,4,1,2,20,8,47,35,49,39,43,0,19,11,42,30,34,3,33,5,29,6,40,26,21,9,12,37,32,46,24,13,16,27,18,15;0;55603
NearestNeighborhood;21;data/FIS50-0.txt;50;14,48,31,36,10,25,23,38,44,41,45,28,17,22,7,4,1,2,20,8,47,35,49,39,43,0,19,11,42,30,34,3,33,5,29,6,40,26,21,9,12,37,32,46,24,13,16,27,18,15;0;55603
NearestNeighborhood;22;data/FIS50-0.txt;50;14,48,31,36,10,25,23,38,44,41,45,28,17,22,7,4,1,2,20,8,47,35,49,39,43,0,19,11,42,30,34,3,33,5,29,6,40,26,21,9,12,37,32,46,24,13,16,27,18,15;0;55603
NearestNeighborhood;23;data/FIS50-0.txt;50;14,48,31,36,10,25,23,38,44,41,45,28,17,22,7,4,1,2,20,8,47,35,49,39,43,0,19,11,42,30,34,3,33,5,29,6,40,26,21,9,12,37,32,46,24,13,16,27,18,15;0;55603
NearestNeighborhood;24;data/FIS50-0.txt;50;14,48,31,36,10,25,23,38,44,41,45,28,17,22,7,4,1,2,20,8,47,35,49,39,43,0,19,11,42,30,34,3,33,5,29,6,40,26,21,9,12,37,32,46,24,13,16,27,18,15;0;55603
NearestNeighborhood;25;data/FIS50-0.txt;50;14,48,31,36,10,25,23,38,44,41,45,28,17,22,7,4,1,2,20,8,47,35,49,39,43,0,19,11,42,30,34,3,33,5,29,6,40,26,21,9,12,37,32,46,24,13,16,27,18,15;0;55603
NearestNeighborhood;26;data/FIS50-0.txt;50;14,48,31,36,10,25,23,38,44,41,45,28,17,22,7,4,1,2,20,8,47,35,49,39,43,0,19,11,42,30,34,3,33,5,29,6,40,26,21,9,12,37,32,46,24,13,16,27,18,15;0;55603
NearestNeighborhood;27;data/FIS50-0.txt;50;14,48,31,36,10,25,23,38,44,41,45,28,17,22,7,4,1,2,20,8,47,35,49,39,43,0,19,11,42,30,34,3,33,5,29,6,40,26,21,9,12,37,32,46,24,13,16,27,18,15;0;55603
NearestNeighborhood;28;data/FIS50-0.txt;50;14,48,31,36,10,25,23,38,44,41,45,28,17,22,7,4,1,2,20,8,47,35,49,39,43,0,19,11,42,30,34,3,33,5,29,6,40,26,21,9,12,37,32,46,24,13,16,27,18,15;0;55603
NearestNeighborhood;29;data/FIS50-0.txt;50;14,48,31,36,10,25,23,38,44,41,45,28,17,22,7,4,1,2,20,8,47,35,49,39,43,0,19,11,42,30,34,3,33,5,29,6,40,26,21,9,12,37,32,46,24,13,16,27,18,15;0;55603
NearestNeighborhood;30;data/FIS50-0.txt;50;14,48,31,36,10,25,23,38,44,41,45,28,17,22,7,4,1,2,20,8,47,35,49,39,43,0,19,11,42,30,34,3,33,5,29,6,40,26,21,9,12,37,32,46,24,13,16,27,18,15;0;55603
NearestNeighborhood;1;data/FIS50-1.txt;50;18,41,47,49,48,20,39,0,4,24,43,38,44,40,26,23,25,14,1,12,31,42,37,46,33,3,16,29,45,6,15,2,5,36,27,28,13,8,11,7,10,32,35,34,21,9,19,22,17,30;0;81189
NearestNeighborhood;2;data/FIS50-1.txt;50;18,41,47,49,48,20,39,0,4,24,43,38,44,40,26,23,25,14,1,12,31,42,37,46,33,3,16,29,45,6,15,2,5,36,27,28,13,8,11,7,10,32,35,34,21,9,19,22,17,30;0;81189
NearestNeighborhood;3;data/FIS50-1.txt;50;18,41,47,49,48,20,39,0,4,24,43,38,44,40,26,23,25,14,1,12,31,42,37,46,33,3,16,29,45,6,15,2,5,36,27,28,13,8,11,7,10,32,35,34,21,9,19,22,17,30;0;81189
NearestNeighborhood;4;data/FIS50-1.txt;50;18,41,47,49,48,20,39,0,4,24,43,38,44,40,26,23,25,14,1,12,31,42,37,46,33,3,16,29,45,6,15,2,5,36,27,28,13,8,11,7,10,32,35,34,21,9,19,22,17,30;0;81189
NearestNeighborhood;5;data/FIS50-1.txt;50;18,41,47,49,48,20,39,0,4,24,43,38,44,40,26,23,25,14,1,12,31,42,37,46,33,3,16,29,45,6,15,2,5,36,27,28,13,8,11,7,10,32,35,34,21,9,19,22,17,30;0;81189
NearestNeighborhood;6;data/FIS50-1.txt;50;18,41,47,49,48,20,39,0,4,24,43,38,44,40,26,23,25,14,1,12,31,42,37,46,33,3,16,29,45,6,15,2,5,36,27,28,13,8,11,7,10,32,35,34,21,9,19,22,17,30;0;81189
NearestNeighborhood;7;data/FIS50-1.txt;50;18,41,47,49,48,20,39,0,4,24,43,38,44,40,26,23,25,14,1,12,31,42,37,46,33,3,16,29,45,6,15,2,5,36,27,28,13,8,11,7,10,32,35,34,21,9,19,22,17,30;0;81189
NearestNeighborhood;8;data/FIS50-1.txt;50;18,41,47,49,48,20,39,0,4,24,43,38,44,40,26,23,25,14,1,12,31,42,37,46,33,3,16,29,45,6,15,2,5,36,27,28,13,8,11,7,10,32,35,34,21,9,19,22,17,30;0;81189
NearestNeighborhood;9;data/FIS50-1.txt;50;18,41,47,49,48,20,39,0,4,24,43,38,44,40,26,23,25,14,1,12,31,42,37,46,33,3,16,29,45,6,15,2,5,36,27,28,13,8,11,7,10,32,35,34,21,9,19,22,17,30;0;81189
NearestNeighborhood;10;data/FIS50-1.txt;50;18,41,47,49,48,20,39,0,4,24,43,38,44,40,26,23,25,14,1,12,31,42,37,46,33,3,16,29,45,6,15,2,5,36,27,28,13,8,11,7,10,32,35,34,21,9,19,22,17,30;0;81189
NearestNeighborhood;11;data/FIS50-1.txt;50;18,41,47,49,48,20,39,0,4,24,43,38,44,40,26,23,25,14,1,12,31,42,37,46,33,3,16,29,45,6,15,2,5,36,27,28,13,8,11,7,10,32,35,34,21,9,19,22,17,30;0;81189
NearestNeighborhood;12;data/FIS50-1.txt;50;18,41,47,49,48,20,39,0,4,24,43,38,44,40,26,23,25,14,1,12,31,42,37,46,33,3,16,29,45,6,15,2,5,36,27,28,13,8,11,7,10,32,35,34,21,9,19,22,17,30;0;81189
NearestNeighborhood;13;data/FIS50-1.txt;50;18,41,47,49,48,20,39,0,4,24,43,38,44,40,26,23,25,14,1,12,31,42,37,46,33,3,16,29,45,6,15,2,5,36,27,28,13,8,11,7,10,32,35,34,21,9,19,22,17,30;0;81189
NearestNeighborhood;14;data/FIS50-1.txt;50;18,41,47,49,48,20,39,0,4,24,43,38,44,40,26,23,25,14,1,12,31,42,37,46,33,3,16,29,45,6,15,2,5,36,27,28,13,8,11,7,10,32,35,34,21,9,19,22,17,30;0;81189
NearestNeighborhood;15;data/FIS50-1.txt;50;18,41,47,49,48,20,39,0,4,24,43,38,44,40,26,23,25,14,1,12,31,42,37,46,33,3,16,29,45,6,15,2,5,36,27,28,13,8,11,7,10,32,35,34,21,9,19,22,17,30;0;81189
NearestNeighborhood;16;data/FIS50-1.txt;50;18,41,47,49,48,20,39,0,4,24,43,38,44,40,26,23,25,14,1,12,31,42,37,46,33,3,16,29,45,6,15,2,5,36,27,28,13,8,11,7,10,32,35,34,21,9,19,22,17,30;0;81189
NearestNeighborhood;17;data/FIS50-1.txt;50;18,41,47,49,48,20,39,0,4,24,43,38,44,40,26,23,25,14,1,12,31,42,37,46,33,3,16,29,45,6,15,2,5,36,27,28,13,8,11,7,10,32,35,34,21,9,19,22,17,30;0;81189
NearestNeighborhood;18;data/FIS50-1.txt;50;18,41,47,49,48,20,39,0,4,24,43,38,44,40,26,23,25,14,1,12,31,42,37,46,33,3,16,29,45,6,15,2,5,36,27,28,13,8,11,7,10,32,35,34,21,9,19,22,17,30;0;81189
NearestNeighborhood;19;data/FIS50-1.txt;50;18,41,47,49,48,20,39,0,4,24,43,38,44,40,26,23,25,14,1,12,31,42,37,46,33,3,16,29,45,6,15,2,5,36,27,28,13,8,11,7,10,32,35,34,21,9,19,22,17,30;0;81189
NearestNeighborhood;20;data/FIS50-1.txt;50;18,41,47,49,48,20,39,0,4,24,43,38,44,40,26,23,25,14,1,12,31,42,37,46,33,3,16,29,45,6,15,2,5,36,27,28,13,8,11,7,10,32,35,34,21,9,19,22,17,30;0;81189
NearestNeighborhood;21;data/FIS50-1.txt;50;18,41,47,49,48,20,39,0,4,24,43,38,44,40,26,23,25,14,1,12,31,42,37,46,33,3,16,29,45,6,15,2,5,36,27,28,13,8,11,7,10,32,35,34,21,9,19,22,17,30;0;81189
NearestNeighborhood;22;data/FIS50-1.txt;50;18,41,47,49,48,20,39,0,4,24,43,38,44,40,26,23,25,14,1,12,31,42,37,46,33,3,16,29,45,6,15,2,5,36,27,28,13,8,11,7,10,32,35,34,21,9,19,22,17,30;0;81189
NearestNeighborhood;23;data/FIS50-1.txt;50;18,41,47,49,48,20,39,0,4,24,43,38,44,40,26,23,25,14,1,12,31,42,37,46,33,3,16,29,45,6,15,2,5,36,27,28,13,8,11,7,10,32,35,34,21,9,19,22,17,30;0;81189
NearestNeighborhood;24;data/FIS50-1.txt;50;18,41,47,49,48,20,39,0,4,24,43,38,44,40,26,23,25,14,1,12,31,42,37,46,33,3,16,29,45,6,15,2,5,36,27,28,13,8,11,7,10,32,35,34,21,9,19,22,17,30;0;81189
NearestNeighborhood;25;data/FIS50-1.txt;50;18,41,47,49,48,20,39,0,4,24,43,38,44,40,26,23,25,14,1,12,31,42,37,46,33,3,16,29,45,6,15,2,5,36,27,28,13,8,11,7,10,32,35,34,21,9,19,22,17,30;0;81189
NearestNeighborhood;26;data/FIS50-1.txt;50;18,41,47,49,48,20,39,0,4,24,43,38,44,40,26,23,25,14,1,12,31,42,37,46,33,3,16,29,45,6,15,2,5,36,27,28,13,8,11,7,10,32,35,34,21,9,19,22,17,30;0;81189
NearestNeighborhood;27;data/FIS50-1.txt;50;18,41,47,49,48,20,39,0,4,24,43,38,44,40,26,23,25,14,1,12,31,42,37,46,33,3,16,29,45,6,15,2,5,36,27,28,13,8,11,7,10,32,35,34,21,9,19,22,17,30;0;81189
NearestNeighborhood;28;data/FIS50-1.txt;50;18,41,47,49,48,20,39,0,4,24,43,38,44,40,26,23,25,14,1,12,31,42,37,46,33,3,16,29,45,6,15,2,5,36,27,28,13,8,11,7,10,32,35,34,21,9,19,22,17,30;0;81189
NearestNeighborhood;29;data/FIS50-1.txt;50;18,41,47,49,48,20,39,0,4,24,43,38,44,40,26,23,25,14,1,12,31,42,37,46,33,3,16,29,45,6,15,2,5,36,27,28,13,8,11,7,10,32,35,34,21,9,19,22,17,30;0;81189
NearestNeighborhood;30;data/FIS50-1.txt;50;18,41,47,49,48,20,39,0,4,24,43,38,44,40,26,23,25,14,1,12,31,42,37,46,33,3,16,29,45,6,15,2,5,36,27,28,13,8,11,7,10,32,35,34,21,9,19,22,17,30;0;81189
NearestNeighborhood;1;data/FIS50-2.txt;50;11,8,23,30,38,44,46,45,21,16,3,15,29,47,48,0,34,9,43,17,6,4,1,2,33,7,35,10,36,14,41,19,25,18,5,12,26,37,39,49,28,31,22,24,20,13,32,27,40,42;0;75268
NearestNeighborhood;2;data/FIS50-2.txt;50;11,8,23,30,38,44,46,45,21,16,3,15,29,47,48,0,34,9,43,17,6,4,1,2,33,7,35,10,36,14,41,19,25,18,5,12,26,37,39,49,28,31,22,24,20,13,32,27,40,42;0;75268
NearestNeighborhood;3;data/FIS50-2.txt;50;11,8,23,30,38,44,46,45,21,16,3,15,29,47,48,0,34,9,43,17,6,4,1,2,33,7,35,10,36,14,41,19,25,18,5,12,26,37,39,49,28,31,22,24,20,13,32,27,40,42;0;75268
NearestNeighborhood;4;data/FIS50-2.txt;50;11,8,23,30,38,44,46,45,21,16,3,15,29,47,48,0,34,9,43,17,6,4,1,2,33,7,35,10,36,14,41,19,25,18,5,12,26,37,39,49,28,31,22,24,20,13,32,27,40,42;0;75268
NearestNeighborhood;5;data/FIS50-2.txt;50;11,8,23,30,38,44,46,45,21,16,3,15,29,47,48,0,34,9,43,17,6,4,1,2,33,7,35,10,36,14,41,19,25,18,5,12,26,37,39,49,28,31,22,24,20,13,32,27,40,42;0;75268
NearestNeighborhood;6;data/FIS50-2.txt;50;11,8,23,30,38,44,46,45,21,16,3,15,29,47,48,0,34,9,43,17,6,4,1,2,33,7,35,10,36,14,41,19,25,18,5,12,26,37,39,49,28,31,22,24,20,13,32,27,40,42;0;75268
NearestNeighborhood;7;data/FIS50-2.txt;50;11,8,23,30,38,44,46,45,21,16,3,15,29,47,48,0,34,9,43,17,6,4,1,2,33,7,35,10,36,14,41,19,25,18,5,12,26,37,39,49,28,31,22,24,20,13,32,27,40,42;0;75268
NearestNeighborhood;8;data/FIS50-2.txt;50;11,8,23,30,38,44,46,45,21,16,3,15,29,47,48,0,34,9,43,17,6,4,1,2,33,7,35,10,36,14,41,19,25,18,5,12,26,37,39,49,28,31,22,24,20,13,32,27,40,42;0;75268
NearestNeighborhood;9;data/FIS50-2.txt;50;11,8,23,30,38,44,46,45,21,16,3,15,29,47,48,0,34,9,43,17,6,4,1,2,33,7,35,10,36,14,41,19,25,18,5,12,26,37,39,49,28,31,22,24,20,13,32,27,40,42;0;75268
NearestNeighborhood;10;data/FIS50-2.txt;50;11,8,23,30,38,44,46,45,21,16,3,15,29,47,48,0,34,9,43,17,6,4,1,2,33,7,35,10,36,14,41,19,25,18,5,12,26,37,39,49,28,31,22,24,20,13,32,27,40,42;0;75268
NearestNeighborhood;11;data/FIS50-2.txt;50;11,8,23,30,38,44,46,45,21,16,3,15,29,47,48,0,34,9,43,17,6,4,1,2,33,7,35,10,36,14,41,19,25,18,5,12,26,37,39,49,28,31,22,24,20,13,32,27,40,42;0;75268
NearestNeighborhood;12;data/FIS50-2.txt;50;11,8,23,30,38,44,46,45,21,16,3,15,29,47,48,0,34,9,43,17,6,4,1,2,33,7,35,10,36,14,41,19,25,18,5,12,26,37,39,49,28,31,22,24,20,13,32,27,40,42;0;75268
NearestNeighborhood;13;data/FIS50-2.txt;50;11,8,23,30,38,44,46,45,21,16,3,15,29,47,48,0,34,9,43,17,6,4,1,2,33,7,35,10,36,14,41,19,25,18,5,12,26,37,39,49,28,31,22,24,20,13,32,27,40,42;0;75268
NearestNeighborhood;14;data/FIS50-2.txt;50;11,8,23,30,38,44,46,45,21,16,3,15,29,47,48,0,34,9,43,17,6,4,1,2,33,7,35,10,36,14,41,19,25,18,5,12,26,37,39,49,28,31,22,24,20,13,32,27,40,42;0;75268
NearestNeighborhood;15;data/FIS50-2.txt;50;11,8,23,30,38,44,46,45,21,16,3,15,29,47,48,0,34,9,43,17,6,4,1,2,33,7,35,10,36,14,41,19,25,18,5,12,26,37,39,49,28,31,22,24,20,13,32,27,40,42;0;75268
NearestNeighborhood;16;data/FIS50-2.txt;50;11,8,23,30,38,44,46,45,21,16,3,15,29,47,48,0,34,9,43,17,6,4,1,2,33,7,35,10,36,14,41,19,25,18,5,12,26,37,39,49,28,31,22,24,20,13,32,27,40,42;0;75268
NearestNeighborhood;17;data/FIS50-2.txt;50;11,8,23,30,38,44,46,45,21,16,3,15,29,47,48,0,34,9,43,17,6,4,1,2,33,7,35,10,36,14,41,19,25,18,5,12,26,37,39,49,28,31,22,24,20,13,32,27,40,42;0;75268
NearestNeighborhood;18;data/FIS50-2.txt;50;11,8,23,30,38,44,46,45,21,16,3,15,29,47,48,0,34,9,43,17,6,4,1,2,33,7,35,10,36,14,41,19,25,18,5,12,26,37,39,49,28,31,22,24,20,13,32,27,40,42;0;75268
NearestNeighborhood;19;data/FIS50-2.txt;50;11,8,23,30,38,44,46,45,21,16,3,15,29,47,48,0,34,9,43,17,6,4,1,2,33,7,35,10,36,14,41,19,25,18,5,12,26,37,39,49,28,31,22,24,20,13,32,27,40,42;0;75268
NearestNeighborhood;20;data/FIS50-2.txt;50;11,8,23,30,38,44,46,45,21,16,3,15,29,47,48,0,34,9,43,17,6,4,1,2,33,7,35,10,36,14,41,19,25,18,5,12,26,37,39,49,28,31,22,24,20,13,32,27,40,42;0;75268
NearestNeighborhood;21;data/FIS50-2.txt;50;11,8,23,30,38,44,46,45,21,16,3,15,29,47,48,0,34,9,43,17,6,4,1,2,33,7,35,10,36,14,41,19,25,18,5,12,26,37,39,49,28,31,22,24,20,13,32,27,40,42;0;75268
NearestNeighborhood;22;data/FIS50-2.txt;50;11,8,23,30,38,44,46,45,21,16,3,15,29,47,48,0,34,9,43,17,6,4,1,2,33,7,35,10,36,14,41,19,25,18,5,12,26,37,39,49,28,31,22,24,20,13,32,27,40,42;0;75268
NearestNeighborhood;23;data/FIS50-2.txt;50;11,8,23,30,38,44,46,45,21,16,3,15,29,47,48,0,34,9,43,17,6,4,1,2,33,7,35,10,36,14,41,19,25,18,5,12,26,37,39,49,28,31,22,24,20,13,32,27,40,42;0;75268
NearestNeighborhood;24;data/FIS50-2.txt;50;11,8,23,30,38,44,46,45,21,16,3,15,29,47,48,0,34,9,43,17,6,4,1,2,33,7,35,10,36,14,41,19,25,18,5,12,26,37,39,49,28,31,22,24,20,13,32,27,40,42;0;75268
NearestNeighborhood;25;data/FIS50-2.txt;50;11,8,23,30,38,44,46,45,21,16,3,15,29,47,48,0,34,9,43,17,6,4,1,2,33,7,35,10,36,14,41,19,25,18,5,12,26,37,39,49,28,31,22,24,20,13,32,27,40,42;0;75268
NearestNeighborhood;26;data/FIS50-2.txt;50;11,8,23,30,38,44,46,45,21,16,3,15,29,47,48,0,34,9,43,17,6,4,1,2,33,7,35,10,36,14,41,19,25,18,5,12,26,37,39,49,28,31,22,24,20,13,32,27,40,42;0;75268
NearestNeighborhood;27;data/FIS50-2.txt;50;11,8,23,30,38,44,46,45,21,16,3,15,29,47,48,0,34,9,43,17,6,4,1,2,33,7,35,10,36,14,41,19,25,18,5,12,26,37,39,49,28,31,22,24,20,13,32,27,40,42;0;75268
NearestNeighborhood;28;data/FIS50-2.txt;50;11,8,23,30,38,44,46,45,21,16,3,15,29,47,48,0,34,9,43,17,6,4,1,2,33,7,35,10,36,14,41,19,25,18,5,12,26,37,39,49,28,31,22,24,20,13,32,27,40,42;0;75268
NearestNeighborhood;29;data/FIS50-2.txt;50;11,8,23,30,38,44,46,45,21,16,3,15,29,47,48,0,34,9,43,17,6,4,1,2,33,7,35,10,36,14,41,19,25,18,5,12,26,37,39,49,28,31,22,24,20,13,32,27,40,42;0;75268
NearestNeighborhood;30;data/FIS50-2.txt;50;11,8,23,30,38,44,46,45,21,16,3,15,29,47,48,0,34,9,43,17,6,4,1,2,33,7,35,10,36,14,41,19,25,18,5,12,26,37,39,49,28,31,22,24,20,13,32,27,40,42;0;75268
NearestNeighborhood;1;data/FIS50-3.txt;50;24,48,47,0,13,34,20,44,39,45,40,19,43,33,46,35,5,6,1,4,36,21,27,3,14,16,32,26,49,38,28,9,11,8,23,29,17,22,10,15,18,30,37,31,41,7,25,42,12,2;0;68922
NearestNeighborhood;2;data/FIS50-3.txt;50;24,48,47,0,13,34,20,44,39,45,40,19,43,33,46,35,5,6,1,4,36,21,27,3,14,16,32,26,49,38,28,9,11,8,23,29,17,22,10,15,18,30,37,31,41,7,25,42,12,2;0;68922
NearestNeighborhood;3;data/FIS50-3.txt;50;24,48,47,0,13,34,20,44,39,45,40,19,43,33,46,35,5,6,1,4,36,21,27,3,14,16,32,26,49,38,28,9,11,8,23,29,17,22,10,15,18,30,37,31,41,7,25,42,12,2;0;68922
NearestNeighborhood;4;data/FIS50-3.txt;50;24,48,47,0,13,34,20,44,39,45,40,19,43,33,46,35,5,6,1,4,36,21,27,3,14,16,32,26,49,38,28,9,11,8,23,29,17,22,10,15,18,30,37,31,41,7,25,42,12,2;0;68922
NearestNeighborhood;5;data/FIS50-3.txt;50;24,48,47,0,13,34,20,44,39,45,40,19,43,33,46,35,5,6,1,4,36,21,27,3,14,16,32,26,49,38,28,9,11,8,23,29,17,22,10,15,18,30,37,31,41,7,25,42,12,2;0;68922
NearestNeighborhood;6;data/FIS50-3.txt;50;24,48,47,0,13,34,20,44,39,45,40,19,43,33,46,35,5,6,1,4,36,21,27,3,14,16,32,26,49,38,28,9,11,8,23,29,17,22,10,15,18,30,37,31,41,7,25,42,12,2;0;68922
NearestNeighborhood;7;data/FIS50-3.txt;50;24,48,47,0,13,34,20,44,39,45,40,19,43,33,46,35,5,6,1,4,36,21,27,3,14,16,32,26,49,38,28,9,11,8,23,29,17,22,10,15,18,30,37,31,41,7,25,42,12,2;0;68922
NearestNeighborhood;8;data/FIS50-3.txt;50;24,48,47,0,13,34,20,44,39,45,40,19,43,33,46,35,5,6,1,4,36,21,27,3,14,16,32,26,49,38,28,9,11,8,23,29,17,22,10,15,18,30,37,31,41,7,25,42,12,2;0;68922
NearestNeighborhood;9;data/FIS50-3.txt;50;24,48,47,0,13,34,20,44,39,45,40,19,43,33,46,35,5,6,1,4,36,21,27,3,14,16,32,26,49,38,28,9,11,8,23,29,17,22,10,15,18,30,37,31,41,7,25,42,12,2;0;68922
NearestNeighborhood;10;data/FIS50-3.txt;50;24,48,47,0,13,34,20,44,39,45,40,19,43,33,46,35,5,6,1,4,36,21,27,3,14,16,32,26,49,38,28,9,11,8,23,29,17,22,10,15,18,30,37,31,41,7,25,42,12,2;0;68922
NearestNeighborhood;11;data/FIS50-3.txt;50;24,48,47,0,13,34,20,44,39,45,40,19,43,33,46,35,5,6,1,4,36,21,27,3,14,16,32,26,49,38,28,9,11,8,23,29,17,22,10,15,18,30,37,31,41,7,25,42,12,2;0;68922
NearestNeighborhood;12;data/FIS50-3.txt;50;24,48,47,0,13,34,20,44,39,45,40,19,43,33,46,35,5,6,1,4,36,21,27,3,14,16,32,26,49,38,28,9,11,8,23,29,17,22,10,15,18,30,37,31,41,7,25,42,12,2;0;68922
NearestNeighborhood;13;data/FIS50-3.txt;50;24,48,47,0,13,34,20,44,39,45,40,19,43,33,46,35,5,6,1,4,36,21,27,3,14,16,32,26,49,38,28,9,11,8,23,29,17,22,10,15,18,30,37,31,41,7,25,42,12,2;0;68922
NearestNeighborhood;14;data/FIS50-3.txt;50;24,48,47,0,13,34,20,44,39,45,40,19,43,33,46,35,5,6,1,4,36,21,27,3,14,16,32,26,49,38,28,9,11,8,23,29,17,22,10,15,18,30,37,31,41,7,25,42,12,2;0;68922
NearestNeighborhood;15;data/FIS50-3.txt;50;24,48,47,0,13,34,20,44,39,45,40,19,43,33,46,35,5,6,1,4,36,21,27,3,14,16,32,26,49,38,28,9,11,8,23,29,17,22,10,15,18,30,37,31,41,7,25,42,12,2;0;68922
NearestNeighborhood;16;data/FIS50-3.txt;50;24,48,47,0,13,34,20,44,39,45,40,19,43,33,46,35,5,6,1,4,36,21,27,3,14,16,32,26,49,38,28,9,11,8,23,29,17,22,10,15,18,30,37,31,41,7,25,42,12,2;0;68922
NearestNeighborhood;17;data/FIS50-3.txt;50;24,48,47,0,13,34,20,44,39,45,40,19,43,33,46,35,5,6,1,4,36,21,27,3,14,16,32,26,49,38,28,9,11,8,23,29,17,22,10,15,18,30,37,31,41,7,25,42,12,2;0;68922
NearestNeighborhood;18;data/FIS50-3.txt;50;24,48,47,0,13,34,20,44,39,45,40,19,43,33,46,35,5,6,1,4,36,21,27,3,14,16,32,26,49,38,28,9,11,8,23,29,17,22,10,15,18,30,37,31,41,7,25,42,12,2;0;68922
NearestNeighborhood;19;data/FIS50-3.txt;50;24,48,47,0,13,34,20,44,39,45,40,19,43,33,46,35,5,6,1,4,36,21,27,3,14,16,32,26,49,38,28,9,11,8,23,29,17,22,10,15,18,30,37,31,41,7,25,42,12,2;0;68922
NearestNeighborhood;20;data/FIS50-3.txt;50;24,48,47,0,13,34,20,44,39,45,40,19,43,33,46,35,5,6,1,4,36,21,27,3,14,16,32,26,49,38,28,9,11,8,23,29,17,22,10,15,18,30,37,31,41,7,25,42,12,2;0;68922
NearestNeighborhood;21;data/FIS50-3.txt;50;24,48,47,0,13,34,20,44,39,45,40,19,43,33,46,35,5,6,1,4,36,21,27,3,14,16,32,26,49,38,28,9,11,8,23,29,17,22,10,15,18,30,37,31,41,7,25,42,12,2;0;68922
NearestNeighborhood;22;data/FIS50-3.txt;50;24,48,47,0,13,34,20,44,39,45,40,19,43,33,46,35,5,6,1,4,36,21,27,3,14,16,32,26,49,38,28,9,11,8,23,29,17,22,10,15,18,30,37,31,41,7,25,42,12,2;0;68922
NearestNeighborhood;23;data/FIS50-3.txt;50;24,48,47,0,13,34,20,44,39,45,40,19,43,33,46,35,5,6,1,4,36,21,27,3,14,16,32,26,49,38,28,9,11,8,23,29,17,22,10,15,18,30,37,31,41,7,25,42,12,2;0;68922
NearestNeighborhood;24;data/FIS50-3.txt;50;24,48,47,0,13,34,20,44,39,45,40,19,43,33,46,35,5,6,1,4,36,21,27,3,14,16,32,26,49,38,28,9,11,8,23,29,17,22,10,15,18,30,37,31,41,7,25,42,12,2;0;68922
NearestNeighborhood;25;data/FIS50-3.txt;50;24,48,47,0,13,34,20,44,39,45,40,19,43,33,46,35,5,6,1,4,36,21,27,3,14,16,32,26,49,38,28,9,11,8,23,29,17,22,10,15,18,30,37,31,41,7,25,42,12,2;0;68922
NearestNeighborhood;26;data/FIS50-3.txt;50;24,48,47,0,13,34,20,44,39,45,40,19,43,33,46,35,5,6,1,4,36,21,27,3,14,16,32,26,49,38,28,9,11,8,23,29,17,22,10,15,18,30,37,31,41,7,25,42,12,2;0;68922
NearestNeighborhood;27;data/FIS50-3.txt;50;24,48,47,0,13,34,20,44,39,45,40,19,43,33,46,35,5,6,1,4,36,21,27,3,14,16,32,26,49,38,28,9,11,8,23,29,17,22,10,15,18,30,37,31,41,7,25,42,12,2;0;68922
NearestNeighborhood;28;data/FIS50-3.txt;50;24,48,47,0,13,34,20,44,39,45,40,19,43,33,46,35,5,6,1,4,36,21,27,3,14,16,32,26,49,38,28,9,11,8,23,29,17,22,10,15,18,30,37,31,41,7,25,42,12,2;0;68922
NearestNeighborhood;29;data/FIS50-3.txt;50;24,48,47,0,13,34,20,44,39,45,40,19,43,33,46,35,5,6,1,4,36,21,27,3,14,16,32,26,49,38,28,9,11,8,23,29,17,22,10,15,18,30,37,31,41,7,25,42,12,2;0;68922
NearestNeighborhood;30;data/FIS50-3.txt;50;24,48,47,0,13,34,20,44,39,45,40,19,43,33,46,35,5,6,1,4,36,21,27,3,14,16,32,26,49,38,28,9,11,8,23,29,17,22,10,15,18,30,37,31,41,7,25,42,12,2;0;68922
NearestNeighborhood;1;data/FIS50-4.txt;50;49,32,35,25,7,24,0,22,30,26,40,17,5,14,1,21,27,47,45,10,41,4,19,3,6,37,48,38,44,23,15,20,2,42,28,43,12,33,8,18,46,29,11,36,31,39,13,16,9,34;0;58914
NearestNeighborhood;2;data/FIS50-4.txt;50;49,32,35,25,7,24,0,22,30,26,40,17,5,14,1,21,27,47,45,10,41,4,19,3,6,37,48,38,44,23,15,20,2,42,28,43,12,33,8,18,46,29,11,36,31,39,13,16,9,34;0;58914
NearestNeighborhood;3;data/FIS50-4.txt;50;49,32,35,25,7,24,0,22,30,26,40,17,5,14,1,21,27,47,45,10,41,4,19,3,6,37,48,38,44,23,15,20,2,42,28,43,12,33,8,18,46,29,11,36,31,39,13,16,9,34;0;58914
NearestNeighborhood;4;data/FIS50-4.txt;50;49,32,35,25,7,24,0,22,30,26,40,17,5,14,1,21,27,47,45,10,41,4,19,3,6,37,48,38,44,23,15,20,2,42,28,43,12,33,8,18,46,29,11,36,31,39,13,16,9,34;0;58914
NearestNeighborhood;5;data/FIS50-4.txt;50;49,32,35,25,7,24,0,22,30,26,40,17,5,14,1,21,27,47,45,10,41,4,19,3,6,37,48,38,44,23,15,20,2,42,28,43,12,33,8,18,46,29,11,36,31,39,13,16,9,34;0;58914
NearestNeighborhood;6;data/FIS50-4.txt;50;49,32,35,25,7,24,0,22,30,26,40,17,5,14,1,21,27,47,45,10,41,4,19,3,6,37,48,38,44,23,15,20,2,42,28,43,12,33,8,18,46,29,11,36,31,39,13,16,9,34;0;58914
NearestNeighborhood;7;data/FIS50-4.txt;50;49,32,35,25,7,24,0,22,30,26,40,17,5,14,1,21,27,47,45,10,41,4,19,3,6,37,48,38,44,23,15,20,2,42,28,43,12,33,8,18,46,29,11,36,31,39,13,16,9,34;0;58914
NearestNeighborhood;8;data/FIS50-4.txt;50;49,32,35,25,7,24,0,22,30,26,40,17,5,14,1,21,27,47,45,10,41,4,19,3,6,37,48,38,44,23,15,20,2,42,28,43,12,33,8,18,46,29,11,36,31,39,13,16,9,34;0;58914
NearestNeighborhood;9;data/FIS50-4.txt;50;49,32,35,25,7,24,0,22,30,26,40,17,5,14,1,21,27,47,45,10,41,4,19,3,6,37,48,38,44,23,15,20,2,42,28,43,12,33,8,18,46,29,11,36,31,39,13,16,9,34;0;58914
NearestNeighborhood;10;data/FIS50-4.txt;50;49,32,35,25,7,24,0,22,30,26,40,17,5,14,1,21,27,47,45,10,41,4,19,3,6,37,48,38,44,23,15,20,2,42,28,43,12,33,8,18,46,29,11,36,31,39,13,16,9,34;0;58914
NearestNeighborhood;11;data/FIS50-4.txt;50;49,32,35,25,7,24,0,22,30,26,40,17,5,14,1,21,27,47,45,10,41,4,19,3,6,37,48,38,44,23,15,20,2,42,28,43,12,33,8,18,46,29,11,36,31,39,13,16,9,34;0;58914
NearestNeighborhood;12;data/FIS50-4.txt;50;49,32,35,25,7,24,0,22,30,26,40,17,5,14,1,21,27,47,45,10,41,4,19,3,6,37,48,38,44,23,15,20,2,42,28,43,12,33,8,18,46,29,11,36,31,39,13,16,9,34;0;58914
NearestNeighborhood;13;data/FIS50-4.txt;50;49,32,35,25,7,24,0,22,30,26,40,17,5,14,1,21,27,47,45,10,41,4,19,3,6,37,48,38,44,23,15,20,2,42,28,43,12,33,8,18,46,29,11,36,31,39,13,16,9,34;0;58914
NearestNeighborhood;14;data/FIS50-4.txt;50;49,32,35,25,7,24,0,22,30,26,40,17,5,14,1,21,27,47,45,10,41,4,19,3,6,37,48,38,44,23,15,20,2,42,28,43,12,33,8,18,46,29,11,36,31,39,13,16,9,34;0;58914
NearestNeighborhood;15;data/FIS50-4.txt;50;49,32,35,25,7,24,0,22,30,26,40,17,5,14,1,21,27,47,45,10,41,4,19,3,6,37,48,38,44,23,15,20,2,42,28,43,12,33,8,18,46,29,11,36,31,39,13,16,9,34;0;58914
NearestNeighborhood;16;data/FIS50-4.txt;50;49,32,35,25,7,24,0,22,30,26,40,17,5,14,1,21,27,47,45,10,41,4,19,3,6,37,48,38,44,23,15,20,2,42,28,43,12,33,8,18,46,29,11,36,31,39,13,16,9,34;0;58914
NearestNeighborhood;17;data/FIS50-4.txt;50;49,32,35,25,7,24,0,22,30,26,40,17,5,14,1,21,27,47,45,10,41,4,19,3,6,37,48,38,44,23,15,20,2,42,28,43,12,33,8,18,46,29,11,36,31,39,13,16,9,34;0;58914
NearestNeighborhood;18;data/FIS50-4.txt;50;49,32,35,25,7,24,0,22,30,26,40,17,5,14,1,21,27,47,45,10,41,4,19,3,6,37,48,38,44,23,15,20,2,42,28,43,12,33,8,18,46,29,11,36,31,39,13,16,9,34;0;58914
NearestNeighborhood;19;data/FIS50-4.txt;50;49,32,35,25,7,24,0,22,30,26,40,17,5,14,1,21,27,47,45,10,41,4,19,3,6,37,48,38,44,23,15,20,2,42,28,43,12,33,8,18,46,29,11,36,31,39,13,16,9,34;0;58914
NearestNeighborhood;20;data/FIS50-4.txt;50;49,32,35,25,7,24,0,22,30,26,40,17,5,14,1,21,27,47,45,10,41,4,19,3,6,37,48,38,44,23,15,20,2,42,28,43,12,33,8,18,46,29,11,36,31,39,13,16,9,34;0;58914
NearestNeighborhood;21;data/FIS50-4.txt;50;49,32,35,25,7,24,0,22,30,26,40,17,5,14,1,21,27,47,45,10,41,4,19,3,6,37,48,38,44,23,15,20,2,42,28,43,12,33,8,18,46,29,11,36,31,39,13,16,9,34;0;58914
NearestNeighborhood;22;data/FIS50-4.txt;50;49,32,35,25,7,24,0,22,30,26,40,17,5,14,1,21,27,47,45,10,41,4,19,3,6,37,48,38,44,23,15,20,2,42,28,43,12,33,8,18,46,29,11,36,31,39,13,16,9,34;0;58914
NearestNeighborhood;23;data/FIS50-4.txt;50;49,32,35,25,7,24,0,22,30,26,40,17,5,14,1,21,27,47,45,10,41,4,19,3,6,37,48,38,44,23,15,20,2,42,28,43,12,33,8,18,46,29,11,36,31,39,13,16,9,34;0;58914
NearestNeighborhood;24;data/FIS50-4.txt;50;49,32,35,25,7,24,0,22,30,26,40,17,5,14,1,21,27,47,45,10,41,4,19,3,6,37,48,38,44,23,15,20,2,42,28,43,12,33,8,18,46,29,11,36,31,39,13,16,9,34;0;58914
NearestNeighborhood;25;data/FIS50-4.txt;50;49,32,35,25,7,24,0,22,30,26,40,17,5,14,1,21,27,47,45,10,41,4,19,3,6,37,48,38,44,23,15,20,2,42,28,43,12,33,8,18,46,29,11,36,31,39,13,16,9,34;0;58914
NearestNeighborhood;26;data/FIS50-4.txt;50;49,32,35,25,7,24,0,22,30,26,40,17,5,14,1,21,27,47,45,10,41,4,19,3,6,37,48,38,44,23,15,20,2,42,28,43,12,33,8,18,46,29,11,36,31,39,13,16,9,34;0;58914
NearestNeighborhood;27;data/FIS50-4.txt;50;49,32,35,25,7,24,0,22,30,26,40,17,5,14,1,21,27,47,45,10,41,4,19,3,6,37,48,38,44,23,15,20,2,42,28,43,12,33,8,18,46,29,11,36,31,39,13,16,9,34;0;58914
NearestNeighborhood;28;data/FIS50-4.txt;50;49,32,35,25,7,24,0,22,30,26,40,17,5,14,1,21,27,47,45,10,41,4,19,3,6,37,48,38,44,23,15,20,2,42,28,43,12,33,8,18,46,29,11,36,31,39,13,16,9,34;0;58914
NearestNeighborhood;29;data/FIS50-4.txt;50;49,32,35,25,7,24,0,22,30,26,40,17,5,14,1,21,27,47,45,10,41,4,19,3,6,37,48,38,44,23,15,20,2,42,28,43,12,33,8,18,46,29,11,36,31,39,13,16,9,34;0;58914
NearestNeighborhood;30;data/FIS50-4.txt;50;49,32,35,25,7,24,0,22,30,26,40,17,5,14,1,21,27,47,45,10,41,4,19,3,6,37,48,38,44,23,15,20,2,42,28,43,12,33,8,18,46,29,11,36,31,39,13,16,9,34;0;58914
NearestNeighborhood;1;data/FIS75-0.txt;75;68,0,23,70,61,72,5,33,2,10,1,3,41,44,57,45,73,66,74,55,25,9,11,51,27,58,69,62,56,49,36,12,29,4,8,24,42,43,67,63,40,16,30,13,15,6,35,37,52,50,53,60,71,65,32,22,20,19,59,38,64,47,17,46,7,28,31,39,54,34,21,26,48,14,18;1;105107
NearestNeighborhood;2;data/FIS75-0.txt;75;68,0,23,70,61,72,5,33,2,10,1,3,41,44,57,45,73,66,74,55,25,9,11,51,27,58,69,62,56,49,36,12,29,4,8,24,42,43,67,63,40,16,30,13,15,6,35,37,52,50,53,60,71,65,32,22,20,19,59,38,64,47,17,46,7,28,31,39,54,34,21,26,48,14,18;1;105107
NearestNeighborhood;3;data/FIS75-0.txt;75;68,0,23,70,61,72,5,33,2,10,1,3,41,44,57,45,73,66,74,55,25,9,11,51,27,58,69,62,56,49,36,12,29,4,8,24,42,43,67,63,40,16,30,13,15,6,35,37,52,50,53,60,71,65,32,22,20,19,59,38,64,47,17,46,7,28,31,39,54,34,21,26,48,14,18;1;105107
NearestNeighborhood;4;data/FIS75-0.txt;75;68,0,23,70,61,72,5,33,2,10,1,3,41,44,57,45,73,66,74,55,25,9,11,51,27,58,69,62,56,49,36,12,29,4,8,24,42,43,67,63,40,16,30,13,15,6,35,37,52,50,53,60,71,65,32,22,20,19,59,38,64,47,17,46,7,28,31,39,54,34,21,26,48,14,18;1;105107
NearestNeighborhood;5;data/FIS75-0.txt;75;68,0,23,70,61,72,5,33,2,10,1,3,41,44,57,45,73,66,74,55,25,9,11,51,27,58,69,62,56,49,36,12,29,4,8,24,42,43,67,63,40,16,30,13,15,6,35,37,52,50,53,60,71,65,32,22,20,19,59,38,64,47,17,46,7,28,31,39,54,34,21,26,48,14,18;1;105107
NearestNeighborhood;6;data/FIS75-0.txt;75;68,0,23,70,61,72,5,33,2,10,1,3,41,44,57,45,73,66,74,55,25,9,11,51,27,58,69,62,56,49,36,12,29,4,8,24,42,43,67,63,40,16,30,13,15,6,35,37,52,50,53,60,71,65,32,22,20,19,59,38,64,47,17,46,7,28,31,39,54,34,21,26,48,14,18;1;105107
NearestNeighborhood;7;data/FIS75-0.txt;75;68,0,23,70,61,72,5,33,2,10,1,3,41,44,57,45,73,66,74,55,25,9,11,51,27,58,69,62,56,49,36,12,29,4,8,24,42,43,67,63,40,16,30,13,15,6,35,37,52,50,53,60,71,65,32,22,20,19,59,38,64,47,17,46,7,28,31,39,54,34,21,26,48,14,18;1;105107
NearestNeighborhood;8;data/FIS75-0.txt;75;68,0,23,70,61,72,5,33,2,10,1,3,41,44,57,45,73,66,74,55,25,9,11,51,27,58,69,62,56,49,36,12,29,4,8,24,42,43,67,63,40,16,30,13,15,6,35,37,52,50,53,60,71,65,32,22,20,19,59,38,64,47,17,46,7,28,31,39,54,34,21,26,48,14,18;1;105107
NearestNeighborhood;9;data/FIS75-0.txt;75;68,0,23,70,61,72,5,33,2,10,1,3,41,44,57,45,73,66,74,55,25,9,11,51,27,58,69,62,56,49,36,12,29,4,8,24,42,43,67,63,40,16,30,13,15,6,35,37,52,50,53,60,71,65,32,22,20,19,59,38,64,47,17,46,7,28,31,39,54,34,21,26,48,14,18;1;105107
NearestNeighborhood;10;data/FIS75-0.txt;75;68,0,23,70,61,72,5,33,2,10,1,3,41,44,57,45,73,66,74,55,25,9,11,51,27,58,69,62,56,49,36,12,29,4,8,24,42,43,67,63,40,16,30,13,15,6,35,37,52,50,53,60,71,65,32,22,20,19,59,38,64,47,17,46,7,28,31,39,54,34,21,26,48,14,18;1;105107
NearestNeighborhood;11;data/FIS75-0.txt;75;68,0,23,70,61,72,5,33,2,10,1,3,41,44,57,45,73,66,74,55,25,9,11,51,27,58,69,62,56,49,36,12,29,4,8,24,42,43,67,63,40,16,30,13,15,6,35,37,52,50,53,60,71,65,32,22,20,19,59,38,64,47,17,46,7,28,31,39,54,34,21,26,48,14,18;1;105107
NearestNeighborhood;12;data/FIS75-0.txt;75;68,0,23,70,61,72,5,33,2,10,1,3,41,44,57,45,73,66,74,55,25,9,11,51,27,58,69,62,56,49,36,12,29,4,8,24,42,43,67,63,40,16,30,13,15,6,35,37,52,50,53,60,71,65,32,22,20,19,59,38,64,47,17,46,7,28,31,39,54,34,21,26,48,14,18;1;105107
NearestNeighborhood;13;data/FIS75-0.txt;75;68,0,23,70,61,72,5,33,2,10,1,3,41,44,57,45,73,66,74,55,25,9,11,51,27,58,69,62,56,49,36,12,29,4,8,24,42,43,67,63,40,16,30,13,15,6,35,37,52,50,53,60,71,65,32,22,20,19,59,38,64,47,17,46,7,28,31,39,54,34,21,26,48,14,18;1;105107
NearestNeighborhood;14;data/FIS75-0.txt;75;68,0,23,70,61,72,5,33,2,10,1,3,41,44,57,45,73,66,74,55,25,9,11,51,27,58,69,62,56,49,36,12,29,4,8,24,42,43,67,63,40,16,30,13,15,6,35,37,52,50,53,60,71,65,32,22,20,19,59,38,64,47,17,46,7,28,31,39,54,34,21,26,48,14,18;1;105107
NearestNeighborhood;15;data/FIS75-0.txt;75;68,0,23,70,61,72,5,33,2,10,1,3,41,44,57,45,73,66,74,55,25,9,11,51,27,58,69,62,56,49,36,12,29,4,8,24,42,43,67,63,40,16,30,13,15,6,35,37,52,50,53,60,71,65,32,22,20,19,59,38,64,47,17,46,7,28,31,39,54,34,21,26,48,14,18;1;105107
NearestNeighborhood;16;data/FIS75-0.txt;75;68,0,23,70,61,72,5,33,2,10,1,3,41,44,57,45,73,66,74,55,25,9,11,51,27,58,69,62,56,49,36,12,29,4,8,24,42,43,67,63,40,16,30,13,15,6,35,37,52,50,53,60,71,65,32,22,20,19,59,38,64,47,17,46,7,28,31,39,54,34,21,26,48,14,18;1;105107
NearestNeighborhood;17;data/FIS75-0.txt;75;68,0,23,70,61,72,5,33,2,10,1,3,41,44,57,45,73,66,74,55,25,9,11,51,27,58,69,62,56,49,36,12,29,4,8,24,42,43,67,63,40,16,30,13,15,6,35,37,52,50,53,60,71,65,32,22,20,19,59,38,64,47,17,46,7,28,31,39,54,34,21,26,48,14,18;1;105107
NearestNeighborhood;18;data/FIS75-0.txt;75;68,0,23,70,61,72,5,33,2,10,1,3,41,44,57,45,73,66,74,55,25,9,11,51,27,58,69,62,56,49,36,12,29,4,8,24,42,43,67,63,40,16,30,13,15,6,35,37,52,50,53,60,71,65,32,22,20,19,59,38,64,47,17,46,7,28,31,39,54,34,21,26,48,14,18;1;105107
NearestNeighborhood;19;data/FIS75-0.txt;75;68,0,23,70,61,72,5,33,2,10,1,3,41,44,57,45,73,66,74,55,25,9,11,51,27,58,69,62,56,49,36,12,29,4,8,24,42,43,67,63,40,16,30,13,15,6,35,37,52,50,53,60,71,65,32,22,20,19,59,38,64,47,17,46,7,28,31,39,54,34,21,26,48,14,18;1;105107
NearestNeighborhood;20;data/FIS75-0.txt;75;68,0,23,70,61,72,5,33,2,10,1,3,41,44,57,45,73,66,74,55,25,9,11,51,27,58,69,62,56,49,36,12,29,4,8,24,42,43,67,63,40,16,30,13,15,6,35,37,52,50,53,60,71,65,32,22,20,19,59,38,64,47,17,46,7,28,31,39,54,34,21,26,48,14,18;1;105107
NearestNeighborhood;21;data/FIS75-0.txt;75;68,0,23,70,61,72,5,33,2,10,1,3,41,44,57,45,73,66,74,55,25,9,11,51,27,58,69,62,56,49,36,12,29,4,8,24,42,43,67,63,40,16,30,13,15,6,35,37,52,50,53,60,71,65,32,22,20,19,59,38,64,47,17,46,7,28,31,39,54,34,21,26,48,14,18;1;105107
NearestNeighborhood;22;data/FIS75-0.txt;75;68,0,23,70,61,72,5,33,2,10,1,3,41,44,57,45,73,66,74,55,25,9,11,51,27,58,69,62,56,49,36,12,29,4,8,24,42,43,67,63,40,16,30,13,15,6,35,37,52,50,53,60,71,65,32,22,20,19,59,38,64,47,17,46,7,28,31,39,54,34,21,26,48,14,18;1;105107
NearestNeighborhood;23;data/FIS75-0.txt;75;68,0,23,70,61,72,5,33,2,10,1,3,41,44,57,45,73,66,74,55,25,9,11,51,27,58,69,62,56,49,36,12,29,4,8,24,42,43,67,63,40,16,30,13,15,6,35,37,52,50,53,60,71,65,32,22,20,19,59,38,64,47,17,46,7,28,31,39,54,34,21,26,48,14,18;1;105107
NearestNeighborhood;24;data/FIS75-0.txt;75;68,0,23,70,61,72,5,33,2,10,1,3,41,44,57,45,73,66,74,55,25,9,11,51,27,58,69,62,56,49,36,12,29,4,8,24,42,43,67,63,40,16,30,13,15,6,35,37,52,50,53,60,71,65,32,22,20,19,59,38,64,47,17,46,7,28,31,39,54,34,21,26,48,14,18;1;105107
NearestNeighborhood;25;data/FIS75-0.txt;75;68,0,23,70,61,72,5,33,2,10,1,3,41,44,57,45,73,66,74,55,25,9,11,51,27,58,69,62,56,49,36,12,29,4,8,24,42,43,67,63,40,16,30,13,15,6,35,37,52,50,53,60,71,65,32,22,20,19,59,38,64,47,17,46,7,28,31,39,54,34,21,26,48,14,18;1;105107
NearestNeighborhood;26;data/FIS75-0.txt;75;68,0,23,70,61,72,5,33,2,10,1,3,41,44,57,45,73,66,74,55,25,9,11,51,27,58,69,62,56,49,36,12,29,4,8,24,42,43,67,63,40,16,30,13,15,6,35,37,52,50,53,60,71,65,32,22,20,19,59,38,64,47,17,46,7,28,31,39,54,34,21,26,48,14,18;1;105107
NearestNeighborhood;27;data/FIS75-0.txt;75;68,0,23,70,61,72,5,33,2,10,1,3,41,44,57,45,73,66,74,55,25,9,11,51,27,58,69,62,56,49,36,12,29,4,8,24,42,43,67,63,40,16,30,13,15,6,35,37,52,50,53,60,71,65,32,22,20,19,59,38,64,47,17,46,7,28,31,39,54,34,21,26,48,14,18;1;105107
NearestNeighborhood;28;data/FIS75-0.txt;75;68,0,23,70,61,72,5,33,2,10,1,3,41,44,57,45,73,66,74,55,25,9,11,51,27,58,69,62,56,49,36,12,29,4,8,24,42,43,67,63,40,16,30,13,15,6,35,37,52,50,53,60,71,65,32,22,20,19,59,38,64,47,17,46,7,28,31,39,54,34,21,26,48,14,18;1;105107
NearestNeighborhood;29;data/FIS75-0.txt;75;68,0,23,70,61,72,5,33,2,10,1,3,41,44,57,45,73,66,74,55,25,9,11,51,27,58,69,62,56,49,36,12,29,4,8,24,42,43,67,63,40,16,30,13,15,6,35,37,52,50,53,60,71,65,32,22,20,19,59,38,64,47,17,46,7,28,31,39,54,34,21,26,48,14,18;1;105107
NearestNeighborhood;30;data/FIS75-0.txt;75;68,0,23,70,61,72,5,33,2,10,1,3,41,44,57,45,73,66,74,55,25,9,11,51,27,58,69,62,56,49,36,12,29,4,8,24,42,43,67,63,40,16,30,13,15,6,35,37,52,50,53,60,71,65,32,22,20,19,59,38,64,47,17,46,7,28,31,39,54,34,21,26,48,14,18;1;105107
NearestNeighborhood;1;data/FIS75-1.txt;75;6,11,74,29,47,21,18,2,10,0,66,20,36,13,8,12,3,4,32,14,54,37,73,38,49,1,41,70,69,71,72,26,28,17,27,16,61,35,65,51,33,5,57,67,42,59,19,22,9,7,62,23,31,15,24,40,55,52,39,30,34,58,45,64,68,48,25,43,63,60,50,56,46,53,44;1;91619
NearestNeighborhood;2;data/FIS75-1.txt;75;6,11,74,29,47,21,18,2,10,0,66,20,36,13,8,12,3,4,32,14,54,37,73,38,49,1,41,70,69,71,72,26,28,17,27,16,61,35,65,51,33,5,57,67,42,59,19,22,9,7,62,23,31,15,24,40,55,52,39,30,34,58,45,64,68,48,25,43,63,60,50,56,46,53,44;1;91619
NearestNeighborhood;3;data/FIS75-1.txt;75;6,11,74,29,47,21,18,2,10,0,66,20,36,13,8,12,3,4,32,14,54,37,73,38,49,1,41,70,69,71,72,26,28,17,27,16,61,35,65,51,33,5,57,67,42,59,19,22,9,7,62,23,31,15,24,40,55,52,39,30,34,58,45,64,68,48,25,43,63,60,50,56,46,53,44;1;91619
NearestNeighborhood;4;data/FIS75-1.txt;75;6,11,74,29,47,21,18,2,10,0,66,20,36,13,8,12,3,4,32,14,54,37,73,38,49,1,41,70,69,71,72,26,28,17,27,16,61,35,65,51,33,5,57,67,42,59,19,22,9,7,62,23,31,15,24,40,55,52,39,30,34,58,45,64,68,48,25,43,63,60,50,56,46,53,44;1;91619
NearestNeighborhood;5;data/FIS75-1.txt;75;6,11,74,29,47,21,18,2,10,0,66,20,36,13,8,12,3,4,32,14,54,37,73,38,49,1,41,70,69,71,72,26,28,17,27,16,61,35,65,51,33,5,57,67,42,59,19,22,9,7,62,23,31,15,24,40,55,52,39,30,34,58,45,64,68,48,25,43,63,60,50,56,46,53,44;1;91619
NearestNeighborhood;6;data/FIS75-1.txt;75;6,11,74,29,47,21,18,2,10,0,66,20,36,13,8,12,3,4,32,14,54,37,73,38,49,1,41,70,69,71,72,26,28,17,27,16,61,35,65,51,33,5,57,67,42,59,19,22,9,7,62,23,31,15,24,40,55,52,39,30,34,58,45,64,68,48,25,43,63,60,50,56,46,53,44;1;91619
NearestNeighborhood;7;data/FIS75-1.txt;75;6,11,74,29,47,21,18,2,10,0,66,20,36,13,8,12,3,4,32,14,54,37,73,38,49,1,41,70,69,71,72,26,28,17,27,16,61,35,65,51,33,5,57,67,42,59,19,22,9,7,62,23,31,15,24,40,55,52,39,30,34,58,45,64,68,48,25,43,63,60,50,56,46,53,44;1;91619
NearestNeighborhood;8;data/FIS75-1.txt;75;6,11,74,29,47,21,18,2,10,0,66,20,36,13,8,12,3,4,32,14,54,37,73,38,49,1,41,70,69,71,72,26,28,17,27,16,61,35,65,51,33,5,57,67,42,59,19,22,9,7,62,23,31,15,24,40,55,52,39,30,34,58,45,64,68,48,25,43,63,60,50,56,46,53,44;1;91619
NearestNeighborhood;9;data/FIS75-1.txt;75;6,11,74,29,47,21,18,2,10,0,66,20,36,13,8,12,3,4,32,14,54,37,73,38,49,1,41,70,69,71,72,26,28,17,27,16,61,35,65,51,33,5,57,67,42,59,19,22,9,7,62,23,31,15,24,40,55,52,39,30,34,58,45,64,68,48,25,43,63,60,50,56,46,53,44;1;91619
NearestNeighborhood;10;data/FIS75-1.txt;75;6,11,74,29,47,21,18,2,10,0,66,20,36,13,8,12,3,4,32,14,54,37,73,38,49,1,41,70,69,71,72,26,28,17,27,16,61,35,65,51,33,5,57,67,42,59,19,22,9,7,62,23,31,15,24,40,55,52,39,30,34,58,45,64,68,48,25,43,63,60,50,56,46,53,44;1;91619
NearestNeighborhood;11;data/FIS75-1.txt;75;6,11,74,29,47,21,18,2,10,0,66,20,36,13,8,12,3,4,32,14,54,37,73,38,49,1,41,70,69,71,72,26,28,17,27,16,61,35,65,51,33,5,57,67,42,59,19,22,9,7,62,23,31,15,24,40,55,52,39,30,34,58,45,64,68,48,25,43,63,60,50,56,46,53,44;1;91619
NearestNeighborhood;12;data/FIS75-1.txt;75;6,11,74,29,47,21,18,2,10,0,66,20,36,13,8,12,3,4,32,14,54,37,73,38,49,1,41,70,69,71,72,26,28,17,27,16,61,35,65,51,33,5,57,67,42,59,19,22,9,7,62,23,31,15,24,40,55,52,39,30,34,58,45,64,68,48,25,43,63,60,50,56,46,53,44;1;91619
NearestNeighborhood;13;data/FIS75-1.txt;75;6,11,74,29,47,21,18,2,10,0,66,20,36,13,8,12,3,4,32,14,54,37,73,38,49,1,41,70,69,71,72,26,28,17,27,16,61,35,65,51,33,5,57,67,42,59,19,22,9,7,62,23,31,15,24,40,55,52,39,30,34,58,45,64,68,48,25,43,63,60,50,56,46,53,44;1;91619
NearestNeighborhood;14;data/FIS75-1.txt;75;6,11,74,29,47,21,18,2,10,0,66,20,36,13,8,12,3,4,32,14,54,37,73,38,49,1,41,70,69,71,72,26,28,17,27,16,61,35,65,51,33,5,57,67,42,59,19,22,9,7,62,23,31,15,24,40,55,52,39,30,34,58,45,64,68,48,25,43,63,60,50,56,46,53,44;1;91619
NearestNeighborhood;15;data/FIS75-1.txt;75;6,11,74,29,47,21,18,2,10,0,66,20,36,13,8,12,3,4,32,14,54,37,73,38,49,1,41,70,69,71,72,26,28,17,27,16,61,35,65,51,33,5,57,67,42,59,19,22,9,7,62,23,31,15,24,40,55,52,39,30,34,58,45,64,68,48,25,43,63,60,50,56,46,53,44;1;91619
NearestNeighborhood;16;data/FIS75-1.txt;75;6,11,74,29,47,21,18,2,10,0,66,20,36,13,8,12,3,4,32,14,54,37,73,38,49,1,41,70,69,71,72,26,28,17,27,16,61,35,65,51,33,5,57,67,42,59,19,22,9,7,62,23,31,15,24,40,55,52,39,30,34,58,45,64,68,48,25,43,63,60,50,56,46,53,44;1;91619
NearestNeighborhood;17;data/FIS75-1.txt;75;6,11,74,29,47,21,18,2,10,0,66,20,36,13,8,12,3,4,32,14,54,37,73,38,49,1,41,70,69,71,72,26,28,17,27,16,61,35,65,51,33,5,57,67,42,59,19,22,9,7,62,23,31,15,24,40,55,52,39,30,34,58,45,64,68,48,25,43,63,60,50,56,46,53,44;1;91619
NearestNeighborhood;18;data/FIS75-1.txt;75;6,11,74,29,47,21,18,2,10,0,66,20,36,13,8,12,3,4,32,14,54,37,73,38,49,1,41,70,69,71,72,26,28,17,27,16,61,35,65,51,33,5,57,67,42,59,19,22,9,7,62,23,31,15,24,40,55,52,39,30,34,58,45,64,68,48,25,43,63,60,50,56,46,53,44;1;91619
NearestNeighborhood;19;data/FIS75-1.txt;75;6,11,74,29,47,21,18,2,10,0,66,20,36,13,8,12,3,4,32,14,54,37,73,38,49,1,41,70,69,71,72,26,28,17,27,16,61,35,65,51,33,5,57,67,42,59,19,22,9,7,62,23,31,15,24,40,55,52,39,30,34,58,45,64,68,48,25,43,63,60,50,56,46,53,44;1;91619
NearestNeighborhood;20;data/FIS75-1.txt;75;6,11,74,29,47,21,18,2,10,0,66,20,36,13,8,12,3,4,32,14,54,37,73,38,49,1,41,70,69,71,72,26,28,17,27,16,61,35,65,51,33,5,57,67,42,59,19,22,9,7,62,23,31,15,24,40,55,52,39,30,34,58,45,64,68,48,25,43,63,60,50,56,46,53,44;1;91619
NearestNeighborhood;21;data/FIS75-1.txt;75;6,11,74,29,47,21,18,2,10,0,66,20,36,13,8,12,3,4,32,14,54,37,73,38,49,1,41,70,69,71,72,26,28,17,27,16,61,35,65,51,33,5,57,67,42,59,19,22,9,7,62,23,31,15,24,40,55,52,39,30,34,58,45,64,68,48,25,43,63,60,50,56,46,53,44;1;91619
NearestNeighborhood;22;data/FIS75-1.txt;75;6,11,74,29,47,21,18,2,10,0,66,20,36,13,8,12,3,4,32,14,54,37,73,38,49,1,41,70,69,71,72,26,28,17,27,16,61,35,65,51,33,5,57,67,42,59,19,22,9,7,62,23,31,15,24,40,55,52,39,30,34,58,45,64,68,48,25,43,63,60,50,56,46,53,44;1;91619
NearestNeighborhood;23;data/FIS75-1.txt;75;6,11,74,29,47,21,18,2,10,0,66,20,36,13,8,12,3,4,32,14,54,37,73,38,49,1,41,70,69,71,72,26,28,17,27,16,61,35,65,51,33,5,57,67,42,59,19,22,9,7,62,23,31,15,24,40,55,52,39,30,34,58,45,64,68,48,25,43,63,60,50,56,46,53,44;1;91619
NearestNeighborhood;24;data/FIS75-1.txt;75;6,11,74,29,47,21,18,2,10,0,66,20,36,13,8,12,3,4,32,14,54,37,73,38,49,1,41,70,69,71,72,26,28,17,27,16,61,35,65,51,33,5,57,67,42,59,19,22,9,7,62,23,31,15,24,40,55,52,39,30,34,58,45,64,68,48,25,43,63,60,50,56,46,53,44;1;91619
NearestNeighborhood;25;data/FIS75-1.txt;75;6,11,74,29,47,21,18,2,10,0,66,20,36,13,8,12,3,4,32,14,54,37,73,38,49,1,41,70,69,71,72,26,28,17,27,16,61,35,65,51,33,5,57,67,42,59,19,22,9,7,62,23,31,15,24,40,55,52,39,30,34,58,45,64,68,48,25,43,63,60,50,56,46,53,44;1;91619
NearestNeighborhood;26;data/FIS75-1.txt;75;6,11,74,29,47,21,18,2,10,0,66,20,36,13,8,12,3,4,32,14,54,37,73,38,49,1,41,70,69,71,72,26,28,17,27,16,61,35,65,51,33,5,57,67,42,59,19,22,9,7,62,23,31,15,24,40,55,52,39,30,34,58,45,64,68,48,25,43,63,60,50,56,46,53,44;1;91619
NearestNeighborhood;27;data/FIS75-1.txt;75;6,11,74,29,47,21,18,2,10,0,66,20,36,13,8,12,3,4,32,14,54,37,73,38,49,1,41,70,69,71,72,26,28,17,27,16,61,35,65,51,33,5,57,67,42,59,19,22,9,7,62,23,31,15,24,40,55,52,39,30,34,58,45,64,68,48,25,43,63,60,50,56,46,53,44;1;91619
NearestNeighborhood;28;data/FIS75-1.txt;75;6,11,74,29,47,21,18,2,10,0,66,20,36,13,8,12,3,4,32,14,54,37,73,38,49,1,41,70,69,71,72,26,28,17,27,16,61,35,65,51,33,5,57,67,42,59,19,22,9,7,62,23,31,15,24,40,55,52,39,30,34,58,45,64,68,48,25,43,63,60,50,56,46,53,44;1;91619
NearestNeighborhood;29;data/FIS75-1.txt;75;6,11,74,29,47,21,18,2,10,0,66,20,36,13,8,12,3,4,32,14,54,37,73,38,49,1,41,70,69,71,72,26,28,17,27,16,61,35,65,51,33,5,57,67,42,59,19,22,9,7,62,23,31,15,24,40,55,52,39,30,34,58,45,64,68,48,25,43,63,60,50,56,46,53,44;1;91619
NearestNeighborhood;30;data/FIS75-1.txt;75;6,11,74,29,47,21,18,2,10,0,66,20,36,13,8,12,3,4,32,14,54,37,73,38,49,1,41,70,69,71,72,26,28,17,27,16,61,35,65,51,33,5,57,67,42,59,19,22,9,7,62,23,31,15,24,40,55,52,39,30,34,58,45,64,68,48,25,43,63,60,50,56,46,53,44;1;91619
NearestNeighborhood;1;data/FIS75-2.txt;75;27,10,41,23,51,24,54,64,63,67,65,70,72,74,73,21,33,2,29,1,17,26,66,57,37,14,31,47,58,53,61,68,71,34,3,20,35,69,36,13,28,9,25,4,0,7,40,43,56,48,60,59,22,45,12,19,5,32,11,8,16,15,18,39,38,50,44,62,52,6,46,49,55,42,30;1;84164
NearestNeighborhood;2;data/FIS75-2.txt;75;27,10,41,23,51,24,54,64,63,67,65,70,72,74,73,21,33,2,29,1,17,26,66,57,37,14,31,47,58,53,61,68,71,34,3,20,35,69,36,13,28,9,25,4,0,7,40,43,56,48,60,59,22,45,12,19,5,32,11,8,16,15,18,39,38,50,44,62,52,6,46,49,55,42,30;1;84164
NearestNeighborhood;3;data/FIS75-2.txt;75;27,10,41,23,51,24,54,64,63,67,65,70,72,74,73,21,33,2,29,1,17,26,66,57,37,14,31,47,58,53,61,68,71,34,3,20,35,69,36,13,28,9,25,4,0,7,40,43,56,48,60,59,22,45,12,19,5,32,11,8,16,15,18,39,38,50,44,62,52,6,46,49,55,42,30;1;84164
NearestNeighborhood;4;data/FIS75-2.txt;75;27,10,41,23,51,24,54,64,63,67,65,70,72,74,73,21,33,2,29,1,17,26,66,57,37,14,31,47,58,53,61,68,71,34,3,20,35,69,36,13,28,9,25,4,0,7,40,43,56,48,60,59,22,45,12,19,5,32,11,8,16,15,18,39,38,50,44,62,52,6,46,49,55,42,30;1;84164
NearestNeighborhood;5;data/FIS75-2.txt;75;27,10,41,23,51,24,54,64,63,67,65,70,72,74,73,21,33,2,29,1,17,26,66,57,37,14,31,47,58,53,61,68,71,34,3,20,35,69,36,13,28,9,25,4,0,7,40,43,56,48,60,59,22,45,12,19,5,32,11,8,16,15,18,39,38,50,44,62,52,6,46,49,55,42,30;1;84164
NearestNeighborhood;6;data/FIS75-2.txt;75;27,10,41,23,51,24,54,64,63,67,65,70,72,74,73,21,33,2,29,1,17,26,66,57,37,14,31,47,58,53,61,68,71,34,3,20,35,69,36,13,28,9,25,4,0,7,40,43,56,48,60,59,22,45,12,19,5,32,11,8,16,15,18,39,38,50,44,62,52,6,46,49,55,42,30;1;84164
NearestNeighborhood;7;data/FIS75-2.txt;75;27,10,41,23,51,24,54,64,63,67,65,70,72,74,73,21,33,2,29,1,17,26,66,57,37,14,31,47,58,53,61,68,71,34,3,20,35,69,36,13,28,9,25,4,0,7,40,43,56,48,60,59,22,45,12,19,5,32,11,8,16,15,18,39,38,50,44,62,52,6,46,49,55,42,30;1;84164
NearestNeighborhood;8;data/FIS75-2.txt;75;27,10,41,23,51,24,54,64,63,67,65,70,72,74,73,21,33,2,29,1,17,26,66,57,37,14,31,47,58,53,61,68,71,34,3,20,35,69,36,13,28,9,25,4,0,7,40,43,56,48,60,59,22,45,12,19,5,32,11,8,16,15,18,39,38,50,44,62,52,6,46,49,55,42,30;1;84164
NearestNeighborhood;9;data/FIS75-2.txt;75;27,10,41,23,51,24,54,64,63,67,65,70,72,74,73,21,33,2,29,1,17,26,66,57,37,14,31,47,58,53,61,68,71,34,3,20,35,69,36,13,28,9,25,4,0,7,40,43,56,48,60,59,22,45,12,19,5,32,11,8,16,15,18,39,38,50,44,62,52,6,46,49,55,42,30;1;84164
NearestNeighborhood;10;data/FIS75-2.txt;75;27,10,41,23,51,24,54,64,63,67,65,70,72,74,73,21,33,2,29,1,17,26,66,57,37,14,31,47,58,53,61,68,71,34,3,20,35,69,36,13,28,9,25,4,0,7,40,43,56,48,60,59,22,45,12,19,5,32,11,8,16,15,18,39,38,50,44,62,52,6,46,49,55,42,30;1;84164
NearestNeighborhood;11;data/FIS75-2.txt;75;27,10,41,23,51,24,54,64,63,67,65,70,72,74,73,21,33,2,29,1,17,26,66,57,37,14,31,47,58,53,61,68,71,34,3,20,35,69,36,13,28,9,25,4,0,7,40,43,56,48,60,59,22,45,12,19,5,32,11,8,16,15,18,39,38,50,44,62,52,6,46,49,55,42,30;1;84164
NearestNeighborhood;12;data/FIS75-2.txt;75;27,10,41,23,51,24,54,64,63,67,65,70,72,74,73,21,33,2,29,1,17,26,66,57,37,14,31,47,58,53,61,68,71,34,3,20,35,69,36,13,28,9,25,4,0,7,40,43,56,48,60,59,22,45,12,19,5,32,11,8,16,15,18,39,38,50,44,62,52,6,46,49,55,42,30;1;84164
NearestNeighborhood;13;data/FIS75-2.txt;75;27,10,41,23,51,24,54,64,63,67,65,70,72,74,73,21,33,2,29,1,17,26,66,57,37,14,31,47,58,53,61,68,71,34,3,20,35,69,36,13,28,9,25,4,0,7,40,43,56,48,60,59,22,45,12,19,5,32,11,8,16,15,18,39,38,50,44,62,52,6,46,49,55,42,30;1;84164
NearestNeighborhood;14;data/FIS75-2.txt;75;27,10,41,23,51,24,54,64,63,67,65,70,72,74,73,21,33,2,29,1,17,26,66,57,37,14,31,47,58,53,61,68,71,34,3,20,35,69,36,13,28,9,25,4,0,7,40,43,56,48,60,59,22,45,12,19,5,32,11,8,16,15,18,39,38,50,44,62,52,6,46,49,55,42,30;1;84164
NearestNeighborhood;15;data/FIS75-2.txt;75;27,10,41,23,51,24,54,64,63,67,65,70,72,74,73,21,33,2,29,1,17,26,66,57,37,14,31,47,58,53,61,68,71,34,3,20,35,69,36,13,28,9,25,4,0,7,40,43,56,48,60,59,22,45,12,19,5,32,11,8,16,15,18,39,38,50,44,62,52,6,46,49,55,42,30;1;84164
NearestNeighborhood;16;data/FIS75-2.txt;75;27,10,41,23,51,24,54,64,63,67,65,70,72,74,73,21,33,2,29,1,17,26,66,57,37,14,31,47,58,53,61,68,71,34,3,20,35,69,36,13,28,9,25,4,0,7,40,43,56,48,60,59,22,45,12,19,5,32,11,8,16,15,18,39,38,50,44,62,52,6,46,49,55,42,30;1;84164
NearestNeighborhood;17;data/FIS75-2.txt;75;27,10,41,23,51,24,54,64,63,67,65,70,72,74,73,21,33,2,29,1,17,26,66,57,37,14,31,47,58,53,61,68,71,34,3,20,35,69,36,13,28,9,25,4,0,7,40,43,56,48,60,59,22,45,12,19,5,32,11,8,16,15,18,39,38,50,44,62,52,6,46,49,55,42,30;1;84164
NearestNeighborhood;18;data/FIS75-2.txt;75;27,10,41,23,51,24,54,64,63,67,65,70,72,74,73,21,33,2,29,1,17,26,66,57,37,14,31,47,58,53,61,68,71,34,3,20,35,69,36,13,28,9,25,4,0,7,40,43,56,48,60,59,22,45,12,19,5,32,11,8,16,15,18,39,38,50,44,62,52,6,46,49,55,42,30;1;84164
NearestNeighborhood;19;data/FIS75-2.txt;75;27,10,41,23,51,24,54,64,63,67,65,70,72,74,73,21,33,2,29,1,17,26,66,57,37,14,31,47,58,53,61,68,71,34,3,20,35,69,36,13,28,9,25,4,0,7,40,43,56,48,60,59,22,45,12,19,5,32,11,8,16,15,18,39,38,50,44,62,52,6,46,49,55,42,30;1;84164
NearestNeighborhood;20;data/FIS75-2.txt;75;27,10,41,23,51,24,54,64,63,67,65,70,72,74,73,21,33,2,29,1,17,26,66,57,37,14,31,47,58,53,61,68,71,34,3,20,35,69,36,13,28,9,25,4,0,7,40,43,56,48,60,59,22,45,12,19,5,32,11,8,16,15,18,39,38,50,44,62,52,6,46,49,55,42,30;1;84164
NearestNeighborhood;21;data/FIS75-2.txt;75;27,10,41,23,51,24,54,64,63,67,65,70,72,74,73,21,33,2,29,1,17,26,66,57,37,14,31,47,58,53,61,68,71,34,3,20,35,69,36,13,28,9,25,4,0,7,40,43,56,48,60,59,22,45,12,19,5,32,11,8,16,15,18,39,38,50,44,62,52,6,46,49,55,42,30;1;84164
NearestNeighborhood;22;data/FIS75-2.txt;75;27,10,41,23,51,24,54,64,63,67,65,70,72,74,73,21,33,2,29,1,17,26,66,57,37,14,31,47,58,53,61,68,71,34,3,20,35,69,36,13,28,9,25,4,0,7,40,43,56,48,60,59,22,45,12,19,5,32,11,8,16,15,18,39,38,50,44,62,52,6,46,49,55,42,30;1;84164
NearestNeighborhood;23;data/FIS75-2.txt;75;27,10,41,23,51,24,54,64,63,67,65,70,72,74,73,21,33,2,29,1,17,26,66,57,37,14,31,47,58,53,61,68,71,34,3,20,35,69,36,13,28,9,25,4,0,7,40,43,56,48,60,59,22,45,12,19,5,32,11,8,16,15,18,39,38,50,44,62,52,6,46,49,55,42,30;1;84164
NearestNeighborhood;24;data/FIS75-2.txt;75;27,10,41,23,51,24,54,64,63,67,65,70,72,74,73,21,33,2,29,1,17,26,66,57,37,14,31,47,58,53,61,68,71,34,3,20,35,69,36,13,28,9,25,4,0,7,40,43,56,48,60,59,22,45,12,19,5,32,11,8,16,15,18,39,38,50,44,62,52,6,46,49,55,42,30;1;84164
NearestNeighborhood;25;data/FIS75-2.txt;75;27,10,41,23,51,24,54,64,63,67,65,70,72,74,73,21,33,2,29,1,17,26,66,57,37,14,31,47,58,53,61,68,71,34,3,20,35,69,36,13,28,9,25,4,0,7,40,43,56,48,60,59,22,45,12,19,5,32,11,8,16,15,18,39,38,50,44,62,52,6,46,49,55,42,30;1;84164
NearestNeighborhood;26;data/FIS75-2.txt;75;27,10,41,23,51,24,54,64,63,67,65,70,72,74,73,21,33,2,29,1,17,26,66,57,37,14,31,47,58,53,61,68,71,34,3,20,35,69,36,13,28,9,25,4,0,7,40,43,56,48,60,59,22,45,12,19,5,32,11,8,16,15,18,39,38,50,44,62,52,6,46,49,55,42,30;1;84164
NearestNeighborhood;27;data/FIS75-2.txt;75;27,10,41,23,51,24,54,64,63,67,65,70,72,74,73,21,33,2,29,1,17,26,66,57,37,14,31,47,58,53,61,68,71,34,3,20,35,69,36,13,28,9,25,4,0,7,40,43,56,48,60,59,22,45,12,19,5,32,11,8,16,15,18,39,38,50,44,62,52,6,46,49,55,42,30;1;84164
NearestNeighborhood;28;data/FIS75-2.txt;75;27,10,41,23,51,24,54,64,63,67,65,70,72,74,73,21,33,2,29,1,17,26,66,57,37,14,31,47,58,53,61,68,71,34,3,20,35,69,36,13,28,9,25,4,0,7,40,43,56,48,60,59,22,45,12,19,5,32,11,8,16,15,18,39,38,50,44,62,52,6,46,49,55,42,30;1;84164
NearestNeighborhood;29;data/FIS75-2.txt;75;27,10,41,23,51,24,54,64,63,67,65,70,72,74,73,21,33,2,29,1,17,26,66,57,37,14,31,47,58,53,61,68,71,34,3,20,35,69,36,13,28,9,25,4,0,7,40,43,56,48,60,59,22,45,12,19,5,32,11,8,16,15,18,39,38,50,44,62,52,6,46,49,55,42,30;1;84164
NearestNeighborhood;30;data/FIS75-2.txt;75;27,10,41,23,51,24,54,64,63,67,65,70,72,74,73,21,33,2,29,1,17,26,66,57,37,14,31,47,58,53,61,68,71,34,3,20,35,69,36,13,28,9,25,4,0,7,40,43,56,48,60,59,22,45,12,19,5,32,11,8,16,15,18,39,38,50,44,62,52,6,46,49,55,42,30;1;84164
NearestNeighborhood;1;data/FIS75-3.txt;75;65,20,57,10,8,3,31,66,68,71,72,69,35,62,1,28,0,5,11,58,49,67,53,22,19,17,14,15,4,2,6,7,16,48,73,56,74,61,54,41,12,27,9,23,63,32,64,29,70,36,38,13,52,33,59,43,46,30,18,21,60,44,55,40,25,37,24,45,51,47,26,39,34,42,50;1;86513
NearestNeighborhood;2;data/FIS75-3.txt;75;65,20,57,10,8,3,31,66,68,71,72,69,35,62,1,28,0,5,11,58,49,67,53,22,19,17,14,15,4,2,6,7,16,48,73,56,74,61,54,41,12,27,9,23,63,32,64,29,70,36,38,13,52,33,59,43,46,30,18,21,60,44,55,40,25,37,24,45,51,47,26,39,34,42,50;1;86513
NearestNeighborhood;3;data/FIS75-3.txt;75;65,20,57,10,8,3,31,66,68,71,72,69,35,62,1,28,0,5,11,58,49,67,53,22,19,17,14,15,4,2,6,7,16,48,73,56,74,61,54,41,12,27,9,23,63,32,64,29,70,36,38,13,52,33,59,43,46,30,18,21,60,44,55,40,25,37,24,45,51,47,26,39,34,42,50;1;86513
NearestNeighborhood;4;data/FIS75-3.txt;75;65,20,57,10,8,3,31,66,68,71,72,69,35,62,1,28,0,5,11,58,49,67,53,22,19,17,14,15,4,2,6,7,16,48,73,56,74,61,54,41,12,27,9,23,63,32,64,29,70,36,38,13,52,33,59,43,46,30,18,21,60,44,55,40,25,37,24,45,51,47,26,39,34,42,50;1;86513
NearestNeighborhood;5;data/FIS75-3.txt;75;65,20,57,10,8,3,31,66,68,71,72,69,35,62,1,28,0,5,11,58,49,67,53,22,19,17,14,15,4,2,6,7,16,48,73,56,74,61,54,41,12,27,9,23,63,32,64,29,70,36,38,13,52,33,59,43,46,30,18,21,60,44,55,40,25,37,24,45,51,47,26,39,34,42,50;1;86513
NearestNeighborhood;6;data/FIS75-3.txt;75;65,20,57,10,8,3,31,66,68,71,72,69,35,62,1,28,0,5,11,58,49,67,53,22,19,17,14,15,4,2,6,7,16,48,73,56,74,61,54,41,12,27,9,23,63,32,64,29,70,36,38,13,52,33,59,43,46,30,18,21,60,44,55,40,25,37,24,45,51,47,26,39,34,42,50;1;86513
NearestNeighborhood;7;data/FIS75-3.txt;75;65,20,57,10,8,3,31,66,68,71,72,69,35,62,1,28,0,5,11,58,49,67,53,22,19,17,14,15,4,2,6,7,16,48,73,56,74,61,54,41,12,27,9,23,63,32,64,29,70,36,38,13,52,33,59,43,46,30,18,21,60,44,55,40,25,37,24,45,51,47,26,39,34,42,50;1;86513
NearestNeighborhood;8;data/FIS75-3.txt;75;65,20,57,10,8,3,31,66,68,71,72,69,35,62,1,28,0,5,11,58,49,67,53,22,19,17,14,15,4,2,6,7,16,48,73,56,74,61,54,41,12,27,9,23,63,32,64,29,70,36,38,13,52,33,59,43,46,30,18,21,60,44,55,40,25,37,24,45,51,47,26,39,34,42,50;1;86513
NearestNeighborhood;9;data/FIS75-3.txt;75;65,20,57,10,8,3,31,66,68,71,72,69,35,62,1,28,0,5,11,58,49,67,53,22,19,17,14,15,4,2,6,7,16,48,73,56,74,61,54,41,12,27,9,23,63,32,64,29,70,36,38,13,52,33,59,43,46,30,18,21,60,44,55,40,25,37,24,45,51,47,26,39,34,42,50;1;86513
NearestNeighborhood;10;data/FIS75-3.txt;75;65,20,57,10,8,3,31,66,68,71,72,69,35,62,1,28,0,5,11,58,49,67,53,22,19,17,14,15,4,2,6,7,16,48,73,56,74,61,54,41,12,27,9,23,63,32,64,29,70,36,38,13,52,33,59,43,46,30,18,21,60,44,55,40,25,37,24,45,51,47,26,39,34,42,50;1;86513
NearestNeighborhood;11;data/FIS75-3.txt;75;65,20,57,10,8,3,31,66,68,71,72,69,35,62,1,28,0,5,11,58,49,67,53,22,19,17,14,15,4,2,6,7,16,48,73,56,74,61,54,41,12,27,9,23,63,32,64,29,70,36,38,13,52,33,59,43,46,30,18,21,60,44,55,40,25,37,24,45,51,47,26,39,34,42,50;1;86513
NearestNeighborhood;12;data/FIS75-3.txt;75;65,20,57,10,8,3,31,66,68,71,72,69,35,62,1,28,0,5,11,58,49,67,53,22,19,17,14,15,4,2,6,7,16,48,73,56,74,61,54,41,12,27,9,23,63,32,64,29,70,36,38,13,52,33,59,43,46,30,18,21,60,44,55,40,25,37,24,45,51,47,26,39,34,42,50;1;86513
NearestNeighborhood;13;data/FIS75-3.txt;75;65,20,57,10,8,3,31,66,68,71,72,69,35,62,1,28,0,5,11,58,49,67,53,22,19,17,14,15,4,2,6,7,16,48,73,56,74,61,54,41,12,27,9,23,63,32,64,29,70,36,38,13,52,33,59,43,46,30,18,21,60,44,55,40,25,37,24,45,51,47,26,39,34,42,50;1;86513
NearestNeighborhood;14;data/FIS75-3.txt;75;65,20,57,10,8,3,31,66,68,71,72,69,35,62,1,28,0,5,11,58,49,67,53,22,19,17,14,15,4,2,6,7,16,48,73,56,74,61,54,41,12,27,9,23,63,32,64,29,70,36,38,13,52,33,59,43,46,30,18,21,60,44,55,40,25,37,24,45,51,47,26,39,34,42,50;1;86513
NearestNeighborhood;15;data/FIS75-3.txt;75;65,20,57,10,8,3,31,66,68,71,72,69,35,62,1,28,0,5,11,58,49,67,53,22,19,17,14,15,4,2,6,7,16,48,73,56,74,61,54,41,12,27,9,23,63,32,64,29,70,36,38,13,52,33,59,43,46,30,18,21,60,44,55,40,25,37,24,45,51,47,26,39,34,42,50;1;86513
NearestNeighborhood;16;data/FIS75-3.txt;75;65,20,57,10,8,3,31,66,68,71,72,69,35,62,1,28,0,5,11,58,49,67,53,22,19,17,14,15,4,2,6,7,16,48,73,56,74,61,54,41,12,27,9,23,63,32,64,29,70,36,38,13,52,33,59,43,46,30,18,21,60,44,55,40,25,37,24,45,51,47,26,39,34,42,50;1;86513
NearestNeighborhood;17;data/FIS75-3.txt;75;65,20,57,10,8,3,31,66,68,71,72,69,35,62,1,28,0,5,11,58,49,67,53,22,19,17,14,15,4,2,6,7,16,48,73,56,74,61,54,41,12,27,9,23,63,32,64,29,70,36,38,13,52,33,59,43,46,30,18,21,60,44,55,40,25,37,24,45,51,47,26,39,34,42,50;1;86513
NearestNeighborhood;18;data/FIS75-3.txt;75;65,20,57,10,8,3,31,66,68,71,72,69,35,62,1,28,0,5,11,58,49,67,53,22,19,17,14,15,4,2,6,7,16,48,73,56,74,61,54,41,12,27,9,23,63,32,64,29,70,36,38,13,52,33,59,43,46,30,18,21,60,44,55,40,25,37,24,45,51,47,26,39,34,42,50;1;86513
NearestNeighborhood;19;data/FIS75-3.txt;75;65,20,57,10,8,3,31,66,68,71,72,69,35,62,1,28,0,5,11,58,49,67,53,22,19,17,14,15,4,2,6,7,16,48,73,56,74,61,54,41,12,27,9,23,63,32,64,29,70,36,38,13,52,33,59,43,46,30,18,21,60,44,55,40,25,37,24,45,51,47,26,39,34,42,50;1;86513
NearestNeighborhood;20;data/FIS75-3.txt;75;65,20,57,10,8,3,31,66,68,71,72,69,35,62,1,28,0,5,11,58,49,67,53,22,19,17,14,15,4,2,6,7,16,48,73,56,74,61,54,41,12,27,9,23,63,32,64,29,70,36,38,13,52,33,59,43,46,30,18,21,60,44,55,40,25,37,24,45,51,47,26,39,34,42,50;1;86513
NearestNeighborhood;21;data/FIS75-3.txt;75;65,20,57,10,8,3,31,66,68,71,72,69,35,62,1,28,0,5,11,58,49,67,53,22,19,17,14,15,4,2,6,7,16,48,73,56,74,61,54,41,12,27,9,23,63,32,64,29,70,36,38,13,52,33,59,43,46,30,18,21,60,44,55,40,25,37,24,45,51,47,26,39,34,42,50;1;86513
NearestNeighborhood;22;data/FIS75-3.txt;75;65,20,57,10,8,3,31,66,68,71,72,69,35,62,1,28,0,5,11,58,49,67,53,22,19,17,14,15,4,2,6,7,16,48,73,56,74,61,54,41,12,27,9,23,63,32,64,29,70,36,38,13,52,33,59,43,46,30,18,21,60,44,55,40,25,37,24,45,51,47,26,39,34,42,50;1;86513
NearestNeighborhood;23;data/FIS75-3.txt;75;65,20,57,10,8,3,31,66,68,71,72,69,35,62,1,28,0,5,11,58,49,67,53,22,19,17,14,15,4,2,6,7,16,48,73,56,74,61,54,41,12,27,9,23,63,32,64,29,70,36,38,13,52,33,59,43,46,30,18,21,60,44,55,40,25,37,24,45,51,47,26,39,34,42,50;1;86513
NearestNeighborhood;24;data/FIS75-3.txt;75;65,20,57,10,8,3,31,66,68,71,72,69,35,62,1,28,0,5,11,58,49,67,53,22,19,17,14,15,4,2,6,7,16,48,73,56,74,61,54,41,12,27,9,23,63,32,64,29,70,36,38,13,52,33,59,43,46,30,18,21,60,44,55,40,25,37,24,45,51,47,26,39,34,42,50;1;86513
NearestNeighborhood;25;data/FIS75-3.txt;75;65,20,57,10,8,3,31,66,68,71,72,69,35,62,1,28,0,5,11,58,49,67,53,22,19,17,14,15,4,2,6,7,16,48,73,56,74,61,54,41,12,27,9,23,63,32,64,29,70,36,38,13,52,33,59,43,46,30,18,21,60,44,55,40,25,37,24,45,51,47,26,39,34,42,50;1;86513
NearestNeighborhood;26;data/FIS75-3.txt;75;65,20,57,10,8,3,31,66,68,71,72,69,35,62,1,28,0,5,11,58,49,67,53,22,19,17,14,15,4,2,6,7,16,48,73,56,74,61,54,41,12,27,9,23,63,32,64,29,70,36,38,13,52,33,59,43,46,30,18,21,60,44,55,40,25,37,24,45,51,47,26,39,34,42,50;1;86513
NearestNeighborhood;27;data/FIS75-3.txt;75;65,20,57,10,8,3,31,66,68,71,72,69,35,62,1,28,0,5,11,58,49,67,53,22,19,17,14,15,4,2,6,7,16,48,73,56,74,61,54,41,12,27,9,23,63,32,64,29,70,36,38,13,52,33,59,43,46,30,18,21,60,44,55,40,25,37,24,45,51,47,26,39,34,42,50;1;86513
NearestNeighborhood;28;data/FIS75-3.txt;75;65,20,57,10,8,3,31,66,68,71,72,69,35,62,1,28,0,5,11,58,49,67,53,22,19,17,14,15,4,2,6,7,16,48,73,56,74,61,54,41,12,27,9,23,63,32,64,29,70,36,38,13,52,33,59,43,46,30,18,21,60,44,55,40,25,37,24,45,51,47,26,39,34,42,50;1;86513
NearestNeighborhood;29;data/FIS75-3.txt;75;65,20,57,10,8,3,31,66,68,71,72,69,35,62,1,28,0,5,11,58,49,67,53,22,19,17,14,15,4,2,6,7,16,48,73,56,74,61,54,41,12,27,9,23,63,32,64,29,70,36,38,13,52,33,59,43,46,30,18,21,60,44,55,40,25,37,24,45,51,47,26,39,34,42,50;1;86513
NearestNeighborhood;30;data/FIS75-3.txt;75;65,20,57,10,8,3,31,66,68,71,72,69,35,62,1,28,0,5,11,58,49,67,53,22,19,17,14,15,4,2,6,7,16,48,73,56,74,61,54,41,12,27,9,23,63,32,64,29,70,36,38,13,52,33,59,43,46,30,18,21,60,44,55,40,25,37,24,45,51,47,26,39,34,42,50;1;86513
NearestNeighborhood;1;data/FIS75-4.txt;75;38,35,27,6,26,0,58,57,60,61,65,72,67,73,66,33,24,23,12,8,1,47,17,54,53,69,52,49,22,37,19,70,43,64,3,59,2,41,21,63,28,68,32,74,42,44,40,5,25,4,11,10,15,13,7,16,29,18,48,71,51,56,20,31,45,50,9,34,30,39,46,62,14,36,55;1;108833
NearestNeighborhood;2;data/FIS75-4.txt;75;38,35,27,6,26,0,58,57,60,61,65,72,67,73,66,33,24,23,12,8,1,47,17,54,53,69,52,49,22,37,19,70,43,64,3,59,2,41,21,63,28,68,32,74,42,44,40,5,25,4,11,10,15,13,7,16,29,18,48,71,51,56,20,31,45,50,9,34,30,39,46,62,14,36,55;1;108833
NearestNeighborhood;3;data/FIS75-4.txt;75;38,35,27,6,26,0,58,57,60,61,65,72,67,73,66,33,24,23,12,8,1,47,17,54,53,69,52,49,22,37,19,70,43,64,3,59,2,41,21,63,28,68,32,74,42,44,40,5,25,4,11,10,15,13,7,16,29,18,48,71,51,56,20,31,45,50,9,34,30,39,46,62,14,36,55;1;108833
NearestNeighborhood;4;data/FIS75-4.txt;75;38,35,27,6,26,0,58,57,60,61,65,72,67,73,66,33,24,23,12,8,1,47,17,54,53,69,52,49,22,37,19,70,43,64,3,59,2,41,21,63,28,68,32,74,42,44,40,5,25,4,11,10,15,13,7,16,29,18,48,71,51,56,20,31,45,50,9,34,30,39,46,62,14,36,55;1;108833
NearestNeighborhood;5;data/FIS75-4.txt;75;38,35,27,6,26,0,58,57,60,61,65,72,67,73,66,33,24,23,12,8,1,47,17,54,53,69,52,49,22,37,19,70,43,64,3,59,2,41,21,63,28,68,32,74,42,44,40,5,25,4,11,10,15,13,7,16,29,18,48,71,51,56,20,31,45,50,9,34,30,39,46,62,14,36,55;1;108833
NearestNeighborhood;6;data/FIS75-4.txt;75;38,35,27,6,26,0,58,57,60,61,65,72,67,73,66,33,24,23,12,8,1,47,17,54,53,69,52,49,22,37,19,70,43,64,3,59,2,41,21,63,28,68,32,74,42,44,40,5,25,4,11,10,15,13,7,16,29,18,48,71,51,56,20,31,45,50,9,34,30,39,46,62,14,36,55;1;108833
NearestNeighborhood;7;data/FIS75-4.txt;75;38,35,27,6,26,0,58,57,60,61,65,72,67,73,66,33,24,23,12,8,1,47,17,54,53,69,52,49,22,37,19,70,43,64,3,59,2,41,21,63,28,68,32,74,42,44,40,5,25,4,11,10,15,13,7,16,29,18,48,71,51,56,20,31,45,50,9,34,30,39,46,62,14,36,55;1;108833
NearestNeighborhood;8;data/FIS75-4.txt;75;38,35,27,6,26,0,58,57,60,61,65,72,67,73,66,33,24,23,12,8,1,47,17,54,53,69,52,49,22,37,19,70,43,64,3,59,2,41,21,63,28,68,32,74,42,44,40,5,25,4,11,10,15,13,7,16,29,18,48,71,51,56,20,31,45,50,9,34,30,39,46,62,14,36,55;1;108833
NearestNeighborhood;9;data/FIS75-4.txt;75;38,35,27,6,26,0,58,57,60,61,65,72,67,73,66,33,24,23,12,8,1,47,17,54,53,69,52,49,22,37,19,70,43,64,3,59,2,41,21,63,28,68,32,74,42,44,40,5,25,4,11,10,15,13,7,16,29,18,48,71,51,56,20,31,45,50,9,34,30,39,46,62,14,36,55;1;108833
NearestNeighborhood;10;data/FIS75-4.txt;75;38,35,27,6,26,0,58,57,60,61,65,72,67,73,66,33,24,23,12,8,1,47,17,54,53,69,52,49,22,37,19,70,43,64,3,59,2,41,21,63,28,68,32,74,42,44,40,5,25,4,11,10,15,13,7,16,29,18,48,71,51,56,20,31,45,50,9,34,30,39,46,62,14,36,55;1;108833
NearestNeighborhood;11;data/FIS75-4.txt;75;38,35,27,6,26,0,58,57,60,61,65,72,67,73,66,33,24,23,12,8,1,47,17,54,53,69,52,49,22,37,19,70,43,64,3,59,2,41,21,63,28,68,32,74,42,44,40,5,25,4,11,10,15,13,7,16,29,18,48,71,51,56,20,31,45,50,9,34,30,39,46,62,14,36,55;1;108833
NearestNeighborhood;12;data/FIS75-4.txt;75;38,35,27,6,26,0,58,57,60,61,65,72,67,73,66,33,24,23,12,8,1,47,17,54,53,69,52,49,22,37,19,70,43,64,3,59,2,41,21,63,28,68,32,74,42,44,40,5,25,4,11,10,15,13,7,16,29,18,48,71,51,56,20,31,45,50,9,34,30,39,46,62,14,36,55;1;108833
NearestNeighborhood;13;data/FIS75-4.txt;75;38,35,27,6,26,0,58,57,60,61,65,72,67,73,66,33,24,23,12,8,1,47,17,54,53,69,52,49,22,37,19,70,43,64,3,59,2,41,21,63,28,68,32,74,42,44,40,5,25,4,11,10,15,13,7,16,29,18,48,71,51,56,20,31,45,50,9,34,30,39,46,62,14,36,55;1;108833
NearestNeighborhood;14;data/FIS75-4.txt;75;38,35,27,6,26,0,58,57,60,61,65,72,67,73,66,33,24,23,12,8,1,47,17,54,53,69,52,49,22,37,19,70,43,64,3,59,2,41,21,63,28,68,32,74,42,44,40,5,25,4,11,10,15,13,7,16,29,18,48,71,51,56,20,31,45,50,9,34,30,39,46,62,14,36,55;1;108833
NearestNeighborhood;15;data/FIS75-4.txt;75;38,35,27,6,26,0,58,57,60,61,65,72,67,73,66,33,24,23,12,8,1,47,17,54,53,69,52,49,22,37,19,70,43,64,3,59,2,41,21,63,28,68,32,74,42,44,40,5,25,4,11,10,15,13,7,16,29,18,48,71,51,56,20,31,45,50,9,34,30,39,46,62,14,36,55;1;108833
NearestNeighborhood;16;data/FIS75-4.txt;75;38,35,27,6,26,0,58,57,60,61,65,72,67,73,66,33,24,23,12,8,1,47,17,54,53,69,52,49,22,37,19,70,43,64,3,59,2,41,21,63,28,68,32,74,42,44,40,5,25,4,11,10,15,13,7,16,29,18,48,71,51,56,20,31,45,50,9,34,30,39,46,62,14,36,55;1;108833
NearestNeighborhood;17;data/FIS75-4.txt;75;38,35,27,6,26,0,58,57,60,61,65,72,67,73,66,33,24,23,12,8,1,47,17,54,53,69,52,49,22,37,19,70,43,64,3,59,2,41,21,63,28,68,32,74,42,44,40,5,25,4,11,10,15,13,7,16,29,18,48,71,51,56,20,31,45,50,9,34,30,39,46,62,14,36,55;1;108833
NearestNeighborhood;18;data/FIS75-4.txt;75;38,35,27,6,26,0,58,57,60,61,65,72,67,73,66,33,24,23,12,8,1,47,17,54,53,69,52,49,22,37,19,70,43,64,3,59,2,41,21,63,28,68,32,74,42,44,40,5,25,4,11,10,15,13,7,16,29,18,48,71,51,56,20,31,45,50,9,34,30,39,46,62,14,36,55;1;108833
NearestNeighborhood;19;data/FIS75-4.txt;75;38,35,27,6,26,0,58,57,60,61,65,72,67,73,66,33,24,23,12,8,1,47,17,54,53,69,52,49,22,37,19,70,43,64,3,59,2,41,21,63,28,68,32,74,42,44,40,5,25,4,11,10,15,13,7,16,29,18,48,71,51,56,20,31,45,50,9,34,30,39,46,62,14,36,55;1;108833
NearestNeighborhood;20;data/FIS75-4.txt;75;38,35,27,6,26,0,58,57,60,61,65,72,67,73,66,33,24,23,12,8,1,47,17,54,53,69,52,49,22,37,19,70,43,64,3,59,2,41,21,63,28,68,32,74,42,44,40,5,25,4,11,10,15,13,7,16,29,18,48,71,51,56,20,31,45,50,9,34,30,39,46,62,14,36,55;1;108833
NearestNeighborhood;21;data/FIS75-4.txt;75;38,35,27,6,26,0,58,57,60,61,65,72,67,73,66,33,24,23,12,8,1,47,17,54,53,69,52,49,22,37,19,70,43,64,3,59,2,41,21,63,28,68,32,74,42,44,40,5,25,4,11,10,15,13,7,16,29,18,48,71,51,56,20,31,45,50,9,34,30,39,46,62,14,36,55;1;108833
NearestNeighborhood;22;data/FIS75-4.txt;75;38,35,27,6,26,0,58,57,60,61,65,72,67,73,66,33,24,23,12,8,1,47,17,54,53,69,52,49,22,37,19,70,43,64,3,59,2,41,21,63,28,68,32,74,42,44,40,5,25,4,11,10,15,13,7,16,29,18,48,71,51,56,20,31,45,50,9,34,30,39,46,62,14,36,55;1;108833
NearestNeighborhood;23;data/FIS75-4.txt;75;38,35,27,6,26,0,58,57,60,61,65,72,67,73,66,33,24,23,12,8,1,47,17,54,53,69,52,49,22,37,19,70,43,64,3,59,2,41,21,63,28,68,32,74,42,44,40,5,25,4,11,10,15,13,7,16,29,18,48,71,51,56,20,31,45,50,9,34,30,39,46,62,14,36,55;1;108833
NearestNeighborhood;24;data/FIS75-4.txt;75;38,35,27,6,26,0,58,57,60,61,65,72,67,73,66,33,24,23,12,8,1,47,17,54,53,69,52,49,22,37,19,70,43,64,3,59,2,41,21,63,28,68,32,74,42,44,40,5,25,4,11,10,15,13,7,16,29,18,48,71,51,56,20,31,45,50,9,34,30,39,46,62,14,36,55;1;108833
NearestNeighborhood;25;data/FIS75-4.txt;75;38,35,27,6,26,0,58,57,60,61,65,72,67,73,66,33,24,23,12,8,1,47,17,54,53,69,52,49,22,37,19,70,43,64,3,59,2,41,21,63,28,68,32,74,42,44,40,5,25,4,11,10,15,13,7,16,29,18,48,71,51,56,20,31,45,50,9,34,30,39,46,62,14,36,55;1;108833
NearestNeighborhood;26;data/FIS75-4.txt;75;38,35,27,6,26,0,58,57,60,61,65,72,67,73,66,33,24,23,12,8,1,47,17,54,53,69,52,49,22,37,19,70,43,64,3,59,2,41,21,63,28,68,32,74,42,44,40,5,25,4,11,10,15,13,7,16,29,18,48,71,51,56,20,31,45,50,9,34,30,39,46,62,14,36,55;1;108833
NearestNeighborhood;27;data/FIS75-4.txt;75;38,35,27,6,26,0,58,57,60,61,65,72,67,73,66,33,24,23,12,8,1,47,17,54,53,69,52,49,22,37,19,70,43,64,3,59,2,41,21,63,28,68,32,74,42,44,40,5,25,4,11,10,15,13,7,16,29,18,48,71,51,56,20,31,45,50,9,34,30,39,46,62,14,36,55;1;108833
NearestNeighborhood;28;data/FIS75-4.txt;75;38,35,27,6,26,0,58,57,60,61,65,72,67,73,66,33,24,23,12,8,1,47,17,54,53,69,52,49,22,37,19,70,43,64,3,59,2,41,21,63,28,68,32,74,42,44,40,5,25,4,11,10,15,13,7,16,29,18,48,71,51,56,20,31,45,50,9,34,30,39,46,62,14,36,55;1;108833
NearestNeighborhood;29;data/FIS75-4.txt;75;38,35,27,6,26,0,58,57,60,61,65,72,67,73,66,33,24,23,12,8,1,47,17,54,53,69,52,49,22,37,19,70,43,64,3,59,2,41,21,63,28,68,32,74,42,44,40,5,25,4,11,10,15,13,7,16,29,18,48,71,51,56,20,31,45,50,9,34,30,39,46,62,14,36,55;1;108833
NearestNeighborhood;30;data/FIS75-4.txt;75;38,35,27,6,26,0,58,57,60,61,65,72,67,73,66,33,24,23,12,8,1,47,17,54,53,69,52,49,22,37,19,70,43,64,3,59,2,41,21,63,28,68,32,74,42,44,40,5,25,4,11,10,15,13,7,16,29,18,48,71,51,56,20,31,45,50,9,34,30,39,46,62,14,36,55;1;108833
NearestNeighborhood;1;data/FIS100-0.txt;100;26,17,61,87,97,90,98,30,4,16,0,13,34,27,55,47,82,74,96,75,28,37,14,42,23,79,43,95,94,31,92,24,19,15,1,3,7,65,57,91,12,70,2,52,59,89,63,93,71,99,76,86,21,32,66,50,84,68,85,45,58,35,54,22,51,6,10,5,72,9,83,25,39,20,18,11,62,64,77,29,36,8,78,40,88,67,38,60,49,69,53,80,48,56,33,41,81,46,73,44;2;99074
NearestNeighborhood;2;data/FIS100-0.txt;100;26,17,61,87,97,90,98,30,4,16,0,13,34,27,55,47,82,74,96,75,28,37,14,42,23,79,43,95,94,31,92,24,19,15,1,3,7,65,57,91,12,70,2,52,59,89,63,93,71,99,76,86,21,32,66,50,84,68,85,45,58,35,54,22,51,6,10,5,72,9,83,25,39,20,18,11,62,64,77,29,36,8,78,40,88,67,38,60,49,69,53,80,48,56,33,41,81,46,73,44;2;99074
NearestNeighborhood;3;data/FIS100-0.txt;100;26,17,61,87,97,90,98,30,4,16,0,13,34,27,55,47,82,74,96,75,28,37,14,42,23,79,43,95,94,31,92,24,19,15,1,3,7,65,57,91,12,70,2,52,59,89,63,93,71,99,76,86,21,32,66,50,84,68,85,45,58,35,54,22,51,6,10,5,72,9,83,25,39,20,18,11,62,64,77,29,36,8,78,40,88,67,38,60,49,69,53,80,48,56,33,41,81,46,73,44;2;99074
NearestNeighborhood;4;data/FIS100-0.txt;100;26,17,61,87,97,90,98,30,4,16,0,13,34,27,55,47,82,74,96,75,28,37,14,42,23,79,43,95,94,31,92,24,19,15,1,3,7,65,57,91,12,70,2,52,59,89,63,93,71,99,76,86,21,32,66,50,84,68,85,45,58,35,54,22,51,6,10,5,72,9,83,25,39,20,18,11,62,64,77,29,36,8,78,40,88,67,38,60,49,69,53,80,48,56,33,41,81,46,73,44;2;99074
NearestNeighborhood;5;data/FIS100-0.txt;100;26,17,61,87,97,90,98,30,4,16,0,13,34,27,55,47,82,74,96,75,28,37,14,42,23,79,43,95,94,31,92,24,19,15,1,3,7,65,57,91,12,70,2,52,59,89,63,93,71,99,76,86,21,32,66,50,84,68,85,45,58,35,54,22,51,6,10,5,72,9,83,25,39,20,18,11,62,64,77,29,36,8,78,40,88,67,38,60,49,69,53,80,48,56,33,41,81,46,73,44;2;99074
NearestNeighborhood;6;data/FIS100-0.txt;100;26,17,61,87,97,90,98,30,4,16,0,13,34,27,55,47,82,74,96,75,28,37,14,42,23,79,43,95,94,31,92,24,19,15,1,3,7,65,57,91,12,70,2,52,59,89,63,93,71,99,76,86,21,32,66,50,84,68,85,45,58,35,54,22,51,6,10,5,72,9,83,25,39,20,18,11,62,64,77,29,36,8,78,40,88,67,38,60,49,69,53,80,48,56,33,41,81,46,73,44;2;99074
NearestNeighborhood;7;data/FIS100-0.txt;100;26,17,61,87,97,90,98,30,4,16,0,13,34,27,55,47,82,74,96,75,28,37,14,42,23,79,43,95,94,31,92,24,19,15,1,3,7,65,57,91,12,70,2,52,59,89,63,93,71,99,76,86,21,32,66,50,84,68,85,45,58,35,54,22,51,6,10,5,72,9,83,25,39,20,18,11,62,64,77,29,36,8,78,40,88,67,38,60,49,69,53,80,48,56,33,41,81,46,73,44;2;99074
NearestNeighborhood;8;data/FIS100-0.txt;100;26,17,61,87,97,90,98,30,4,16,0,13,34,27,55,47,82,74,96,75,28,37,14,42,23,79,43,95,94,31,92,24,19,15,1,3,7,65,57,91,12,70,2,52,59,89,63,93,71,99,76,86,21,32,66,50,84,68,85,45,58,35,54,22,51,6,10,5,72,9,83,25,39,20,18,11,62,64,77,29,36,8,78,40,88,67,38,60,49,69,53,80,48,56,33,41,81,46,73,44;2;99074
NearestNeighborhood;9;data/FIS100-0.txt;100;26,17,61,87,97,90,98,30,4,16,0,13,34,27,55,47,82,74,96,75,28,37,14,42,23,79,43,95,94,31,92,24,19,15,1,3,7,65,57,91,12,70,2,52,59,89,63,93,71,99,76,86,21,32,66,50,84,68,85,45,58,35,54,22,51,6,10,5,72,9,83,25,39,20,18,11,62,64,77,29,36,8,78,40,88,67,38,60,49,69,53,80,48,56,33,41,81,46,73,44;2;99074
NearestNeighborhood;10;data/FIS100-0.txt;100;26,17,61,87,97,90,98,30,4,16,0,13,34,27,55,47,82,74,96,75,28,37,14,42,23,79,43,95,94,31,92,24,19,15,1,3,7,65,57,91,12,70,2,52,59,89,63,93,71,99,76,86,21,32,66,50,84,68,85,45,58,35,54,22,51,6,10,5,72,9,83,25,39,20,18,11,62,64,77,29,36,8,78,40,88,67,38,60,49,69,53,80,48,56,33,41,81,46,73,44;2;99074
NearestNeighborhood;11;data/FIS100-0.txt;100;26,17,61,87,97,90,98,30,4,16,0,13,34,27,55,47,82,74,96,75,28,37,14,42,23,79,43,95,94,31,92,24,19,15,1,3,7,65,57,91,12,70,2,52,59,89,63,93,71,99,76,86,21,32,66,50,84,68,85,45,58,35,54,22,51,6,10,5,72,9,83,25,39,20,18,11,62,64,77,29,36,8,78,40,88,67,38,60,49,69,53,80,48,56,33,41,81,46,73,44;2;99074
NearestNeighborhood;12;data/FIS100-0.txt;100;26,17,61,87,97,90,98,30,4,16,0,13,34,27,55,47,82,74,96,75,28,37,14,42,23,79,43,95,94,31,92,24,19,15,1,3,7,65,57,91,12,70,2,52,59,89,63,93,71,99,76,86,21,32,66,50,84,68,85,45,58,35,54,22,51,6,10,5,72,9,83,25,39,20,18,11,62,64,77,29,36,8,78,40,88,67,38,60,49,69,53,80,48,56,33,41,81,46,73,44;2;99074
NearestNeighborhood;13;data/FIS100-0.txt;100;26,17,61,87,97,90,98,30,4,16,0,13,34,27,55,47,82,74,96,75,28,37,14,42,23,79,43,95,94,31,92,24,19,15,1,3,7,65,57,91,12,70,2,52,59,89,63,93,71,99,76,86,21,32,66,50,84,68,85,45,58,35,54,22,51,6,10,5,72,9,83,25,39,20,18,11,62,64,77,29,36,8,78,40,88,67,38,60,49,69,53,80,48,56,33,41,81,46,73,44;2;99074
NearestNeighborhood;14;data/FIS100-0.txt;100;26,17,61,87,97,90,98,30,4,16,0,13,34,27,55,47,82,74,96,75,28,37,14,42,23,79,43,95,94,31,92,24,19,15,1,3,7,65,57,91,12,70,2,52,59,89,63,93,71,99,76,86,21,32,66,50,84,68,85,45,58,35,54,22,51,6,10,5,72,9,83,25,39,20,18,11,62,64,77,29,36,8,78,40,88,67,38,60,49,69,53,80,48,56,33,41,81,46,73,44;2;99074
NearestNeighborhood;15;data/FIS100-0.txt;100;26,17,61,87,97,90,98,30,4,16,0,13,34,27,55,47,82,74,96,75,28,37,14,42,23,79,43,95,94,31,92,24,19,15,1,3,7,65,57,91,12,70,2,52,59,89,63,93,71,99,76,86,21,32,66,50,84,68,85,45,58,35,54,22,51,6,10,5,72,9,83,25,39,20,18,11,62,64,77,29,36,8,78,40,88,67,38,60,49,69,53,80,48,56,33,41,81,46,73,44;2;99074
NearestNeighborhood;16;data/FIS100-0.txt;100;26,17,61,87,97,90,98,30,4,16,0,13,34,27,55,47,82,74,96,75,28,37,14,42,23,79,43,95,94,31,92,24,19,15,1,3,7,65,57,91,12,70,2,52,59,89,63,93,71,99,76,86,21,32,66,50,84,68,85,45,58,35,54,22,51,6,10,5,72,9,83,25,39,20,18,11,62,64,77,29,36,8,78,40,88,67,38,60,49,69,53,80,48,56,33,41,81,46,73,44;2;99074
NearestNeighborhood;17;data/FIS100-0.txt;100;26,17,61,87,97,90,98,30,4,16,0,13,34,27,55,47,82,74,96,75,28,37,14,42,23,79,43,95,94,31,92,24,19,15,1,3,7,65,57,91,12,70,2,52,59,89,63,93,71,99,76,86,21,32,66,50,84,68,85,45,58,35,54,22,51,6,10,5,72,9,83,25,39,20,18,11,62,64,77,29,36,8,78,40,88,67,38,60,49,69,53,80,48,56,33,41,81,46,73,44;2;99074
NearestNeighborhood;18;data/FIS100-0.txt;100;26,17,61,87,97,90,98,30,4,16,0,13,34,27,55,47,82,74,96,75,28,37,14,42,23,79,43,95,94,31,92,24,19,15,1,3,7,65,57,91,12,70,2,52,59,89,63,93,71,99,76,86,21,32,66,50,84,68,85,45,58,35,54,22,51,6,10,5,72,9,83,25,39,20,18,11,62,64,77,29,36,8,78,40,88,67,38,60,49,69,53,80,48,56,33,41,81,46,73,44;2;99074
NearestNeighborhood;19;data/FIS100-0.txt;100;26,17,61,87,97,90,98,30,4,16,0,13,34,27,55,47,82,74,96,75,28,37,14,42,23,79,43,95,94,31,92,24,19,15,1,3,7,65,57,91,12,70,2,52,59,89,63,93,71,99,76,86,21,32,66,50,84,68,85,45,58,35,54,22,51,6,10,5,72,9,83,25,39,20,18,11,62,64,77,29,36,8,78,40,88,67,38,60,49,69,53,80,48,56,33,41,81,46,73,44;2;99074
NearestNeighborhood;20;data/FIS100-0.txt;100;26,17,61,87,97,90,98,30,4,16,0,13,34,27,55,47,82,74,96,75,28,37,14,42,23,79,43,95,94,31,92,24,19,15,1,3,7,65,57,91,12,70,2,52,59,89,63,93,71,99,76,86,21,32,66,50,84,68,85,45,58,35,54,22,51,6,10,5,72,9,83,25,39,20,18,11,62,64,77,29,36,8,78,40,88,67,38,60,49,69,53,80,48,56,33,41,81,46,73,44;2;99074
NearestNeighborhood;21;data/FIS100-0.txt;100;26,17,61,87,97,90,98,30,4,16,0,13,34,27,55,47,82,74,96,75,28,37,14,42,23,79,43,95,94,31,92,24,19,15,1,3,7,65,57,91,12,70,2,52,59,89,63,93,71,99,76,86,21,32,66,50,84,68,85,45,58,35,54,22,51,6,10,5,72,9,83,25,39,20,18,11,62,64,77,29,36,8,78,40,88,67,38,60,49,69,53,80,48,56,33,41,81,46,73,44;2;99074
NearestNeighborhood;22;data/FIS100-0.txt;100;26,17,61,87,97,90,98,30,4,16,0,13,34,27,55,47,82,74,96,75,28,37,14,42,23,79,43,95,94,31,92,24,19,15,1,3,7,65,57,91,12,70,2,52,59,89,63,93,71,99,76,86,21,32,66,50,84,68,85,45,58,35,54,22,51,6,10,5,72,9,83,25,39,20,18,11,62,64,77,29,36,8,78,40,88,67,38,60,49,69,53,80,48,56,33,41,81,46,73,44;2;99074
NearestNeighborhood;23;data/FIS100-0.txt;100;26,17,61,87,97,90,98,30,4,16,0,13,34,27,55,47,82,74,96,75,28,37,14,42,23,79,43,95,94,31,92,24,19,15,1,3,7,65,57,91,12,70,2,52,59,89,63,93,71,99,76,86,21,32,66,50,84,68,85,45,58,35,54,22,51,6,10,5,72,9,83,25,39,20,18,11,62,64,77,29,36,8,78,40,88,67,38,60,49,69,53,80,48,56,33,41,81,46,73,44;2;99074
NearestNeighborhood;24;data/FIS100-0.txt;100;26,17,61,87,97,90,98,30,4,16,0,13,34,27,55,47,82,74,96,75,28,37,14,42,23,79,43,95,94,31,92,24,19,15,1,3,7,65,57,91,12,70,2,52,59,89,63,93,71,99,76,86,21,32,66,50,84,68,85,45,58,35,54,22,51,6,10,5,72,9,83,25,39,20,18,11,62,64,77,29,36,8,78,40,88,67,38,60,49,69,53,80,48,56,33,41,81,46,73,44;2;99074
NearestNeighborhood;25;data/FIS100-0.txt;100;26,17,61,87,97,90,98,30,4,16,0,13,34,27,55,47,82,74,96,75,28,37,14,42,23,79,43,95,94,31,92,24,19,15,1,3,7,65,57,91,12,70,2,52,59,89,63,93,71,99,76,86,21,32,66,50,84,68,85,45,58,35,54,22,51,6,10,5,72,9,83,25,39,20,18,11,62,64,77,29,36,8,78,40,88,67,38,60,49,69,53,80,48,56,33,41,81,46,73,44;2;99074
NearestNeighborhood;26;data/FIS100-0.txt;100;26,17,61,87,97,90,98,30,4,16,0,13,34,27,55,47,82,74,96,75,28,37,14,42,23,79,43,95,94,31,92,24,19,15,1,3,7,65,57,91,12,70,2,52,59,89,63,93,71,99,76,86,21,32,66,50,84,68,85,45,58,35,54,22,51,6,10,5,72,9,83,25,39,20,18,11,62,64,77,29,36,8,78,40,88,67,38,60,49,69,53,80,48,56,33,41,81,46,73,44;2;99074
NearestNeighborhood;27;data/FIS100-0.txt;100;26,17,61,87,97,90,98,30,4,16,0,13,34,27,55,47,82,74,96,75,28,37,14,42,23,79,43,95,94,31,92,24,19,15,1,3,7,65,57,91,12,70,2,52,59,89,63,93,71,99,76,86,21,32,66,50,84,68,85,45,58,35,54,22,51,6,10,5,72,9,83,25,39,20,18,11,62,64,77,29,36,8,78,40,88,67,38,60,49,69,53,80,48,56,33,41,81,46,73,44;2;99074
NearestNeighborhood;28;data/FIS100-0.txt;100;26,17,61,87,97,90,98,30,4,16,0,13,34,27,55,47,82,74,96,75,28,37,14,42,23,79,43,95,94,31,92,24,19,15,1,3,7,65,57,91,12,70,2,52,59,89,63,93,71,99,76,86,21,32,66,50,84,68,85,45,58,35,54,22,51,6,10,5,72,9,83,25,39,20,18,11,62,64,77,29,36,8,78,40,88,67,38,60,49,69,53,80,48,56,33,41,81,46,73,44;2;99074
NearestNeighborhood;29;data/FIS100-0.txt;100;26,17,61,87,97,90,98,30,4,16,0,13,34,27,55,47,82,74,96,75,28,37,14,42,23,79,43,95,94,31,92,24,19,15,1,3,7,65,57,91,12,70,2,52,59,89,63,93,71,99,76,86,21,32,66,50,84,68,85,45,58,35,54,22,51,6,10,5,72,9,83,25,39,20,18,11,62,64,77,29,36,8,78,40,88,67,38,60,49,69,53,80,48,56,33,41,81,46,73,44;2;99074
NearestNeighborhood;30;data/FIS100-0.txt;100;26,17,61,87,97,90,98,30,4,16,0,13,34,27,55,47,82,74,96,75,28,37,14,42,23,79,43,95,94,31,92,24,19,15,1,3,7,65,57,91,12,70,2,52,59,89,63,93,71,99,76,86,21,32,66,50,84,68,85,45,58,35,54,22,51,6,10,5,72,9,83,25,39,20,18,11,62,64,77,29,36,8,78,40,88,67,38,60,49,69,53,80,48,56,33,41,81,46,73,44;2;99074
NearestNeighborhood;1;data/FIS100-1.txt;100;65,94,78,95,96,98,99,51,63,14,31,12,9,7,1,0,21,74,70,77,90,79,91,38,56,32,3,80,73,93,86,50,81,41,6,27,2,15,48,57,53,89,55,97,71,49,5,18,4,64,34,30,16,19,10,35,39,92,85,25,26,23,20,13,8,82,42,68,24,60,17,59,11,29,66,88,67,62,52,36,46,33,43,37,87,58,47,44,40,45,83,75,84,72,61,69,28,54,22,76;2;113725
NearestNeighborhood;2;data/FIS100-1.txt;100;65,94,78,95,96,98,99,51,63,14,31,12,9,7,1,0,21,74,70,77,90,79,91,38,56,32,3,80,73,93,86,50,81,41,6,27,2,15,48,57,53,89,55,97,71,49,5,18,4,64,34,30,16,19,10,35,39,92,85,25,26,23,20,13,8,82,42,68,24,60,17,59,11,29,66,88,67,62,52,36,46,33,43,37,87,58,47,44,40,45,83,75,84,72,61,69,28,54,22,76;2;113725
NearestNeighborhood;3;data/FIS100-1.txt;100;65,94,78,95,96,98,99,51,63,14,31,12,9,7,1,0,21,74,70,77,90,79,91,38,56,32,3,80,73,93,86,50,81,41,6,27,2,15,48,57,53,89,55,97,71,49,5,18,4,64,34,30,16,19,10,35,39,92,85,25,26,23,20,13,8,82,42,68,24,60,17,59,11,29,66,88,67,62,52,36,46,33,43,37,87,58,47,44,40,45,83,75,84,72,61,69,28,54,22,76;2;113725
NearestNeighborhood;4;data/FIS100-1.txt;100;65,94,78,95,96,98,99,51,63,14,31,12,9,7,1,0,21,74,70,77,90,79,91,38,56,32,3,80,73,93,86,50,81,41,6,27,2,15,48,57,53,89,55,97,71,49,5,18,4,64,34,30,16,19,10,35,39,92,85,25,26,23,20,13,8,82,42,68,24,60,17,59,11,29,66,88,67,62,52,36,46,33,43,37,87,58,47,44,40,45,83,75,84,72,61,69,28,54,22,76;2;113725
NearestNeighborhood;5;data/FIS100-1.txt;100;65,94,78,95,96,98,99,51,63,14,31,12,9,7,1,0,21,74,70,77,90,79,91,38,56,32,3,80,73,93,86,50,81,41,6,27,2,15,48,57,53,89,55,97,71,49,5,18,4,64,34,30,16,19,10,35,39,92,85,25,26,23,20,13,8,82,42,68,24,60,17,59,11,29,66,88,67,62,52,36,46,33,43,37,87,58,47,44,40,45,83,75,84,72,61,69,28,54,22,76;2;113725
NearestNeighborhood;6;data/FIS100-1.txt;100;65,94,78,95,96,98,99,51,63,14,31,12,9,7,1,0,21,74,70,77,90,79,91,38,56,32,3,80,73,93,86,50,81,41,6,27,2,15,48,57,53,89,55,97,71,49,5,18,4,64,34,30,16,19,10,35,39,92,85,25,26,23,20,13,8,82,42,68,24,60,17,59,11,29,66,88,67,62,52,36,46,33,43,37,87,58,47,44,40,45,83,75,84,72,61,69,28,54,22,76;2;113725
NearestNeighborhood;7;data/FIS100-1.txt;100;65,94,78,95,96,98,99,51,63,14,31,12,9,7,1,0,21,74,70,77,90,79,91,38,56,32,3,80,73,93,86,50,81,41,6,27,2,15,48,57,53,89,55,97,71,49,5,18,4,64,34,30,16,19,10,35,39,92,85,25,26,23,20,13,8,82,42,68,24,60,17,59,11,29,66,88,67,62,52,36,46,33,43,37,87,58,47,44,40,45,83,75,84,72,61,69,28,54,22,76;2;113725
NearestNeighborhood;8;data/FIS100-1.txt;100;65,94,78,95,96,98,99,51,63,14,31,12,9,7,1,0,21,74,70,77,90,79,91,38,56,32,3,80,73,93,86,50,81,41,6,27,2,15,48,57,53,89,55,97,71,49,5,18,4,64,34,30,16,19,10,35,39,92,85,25,26,23,20,13,8,82,42,68,24,60,17,59,11,29,66,88,67,62,52,36,46,33,43,37,87,58,47,44,40,45,83,75,84,72,61,69,28,54,22,76;2;113725
NearestNeighborhood;9;data/FIS100-1.txt;100;65,94,78,95,96,98,99,51,63,14,31,12,9,7,1,0,21,74,70,77,90,79,91,38,56,32,3,80,73,93,86,50,81,41,6,27,2,15,48,57,53,89,55,97,71,49,5,18,4,64,34,30,16,19,10,35,39,92,85,25,26,23,20,13,8,82,42,68,24,60,17,59,11,29,66,88,67,62,52,36,46,33,43,37,87,58,47,44,40,45,83,75,84,72,61,69,28,54,22,76;2;113725
NearestNeighborhood;10;data/FIS100-1.txt;100;65,94,78,95,96,98,99,51,63,14,31,12,9,7,1,0,21,74,70,77,90,79,91,38,56,32,3,80,73,93,86,50,81,41,6,27,2,15,48,57,53,89,55,97,71,49,5,18,4,64,34,30,16,19,10,35,39,92,85,25,26,23,20,13,8,82,42,68,24,60,17,59,11,29,66,88,67,62,52,36,46,33,43,37,87,58,47,44,40,45,83,75,84,72,61,69,28,54,22,76;2;113725
NearestNeighborhood;11;data/FIS100-1.txt;100;65,94,78,95,96,98,99,51,63,14,31,12,9,7,1,0,21,74,70,77,90,79,91,38,56,32,3,80,73,93,86,50,81,41,6,27,2,15,48,57,53,89,55,97,71,49,5,18,4,64,34,30,16,19,10,35,39,92,85,25,26,23,20,13,8,82,42,68,24,60,17,59,11,29,66,88,67,62,52,36,46,33,43,37,87,58,47,44,40,45,83,75,84,72,61,69,28,54,22,76;2;113725
NearestNeighborhood;12;data/FIS100-1.txt;100;65,94,78,95,96,98,99,51,63,14,31,12,9,7,1,0,21,74,70,77,90,79,91,38,56,32,3,80,73,93,86,50,81,41,6,27,2,15,48,57,53,89,55,97,71,49,5,18,4,64,34,30,16,19,10,35,39,92,85,25,26,23,20,13,8,82,42,68,24,60,17,59,11,29,66,88,67,62,52,36,46,33,43,37,87,58,47,44,40,45,83,75,84,72,61,69,28,54,22,76;2;113725
NearestNeighborhood;13;data/FIS100-1.txt;100;65,94,78,95,96,98,99,51,63,14,31,12,9,7,1,0,21,74,70,77,90,79,91,38,56,32,3,80,73,93,86,50,81,41,6,27,2,15,48,57,53,89,55,97,71,49,5,18,4,64,34,30,16,19,10,35,39,92,85,25,26,23,20,13,8,82,42,68,24,60,17,59,11,29,66,88,67,62,52,36,46,33,43,37,87,58,47,44,40,45,83,75,84,72,61,69,28,54,22,76;2;113725
NearestNeighborhood;14;data/FIS100-1.txt;100;65,94,78,95,96,98,99,51,63,14,31,12,9,7,1,0,21,74,70,77,90,79,91,38,56,32,3,80,73,93,86,50,81,41,6,27,2,15,48,57,53,89,55,97,71,49,5,18,4,64,34,30,16,19,10,35,39,92,85,25,26,23,20,13,8,82,42,68,24,60,17,59,11,29,66,88,67,62,52,36,46,33,43,37,87,58,47,44,40,45,83,75,84,72,61,69,28,54,22,76;2;113725
NearestNeighborhood;15;data/FIS100-1.txt;100;65,94,78,95,96,98,99,51,63,14,31,12,9,7,1,0,21,74,70,77,90,79,91,38,56,32,3,80,73,93,86,50,81,41,6,27,2,15,48,57,53,89,55,97,71,49,5,18,4,64,34,30,16,19,10,35,39,92,85,25,26,23,20,13,8,82,42,68,24,60,17,59,11,29,66,88,67,62,52,36,46,33,43,37,87,58,47,44,40,45,83,75,84,72,61,69,28,54,22,76;2;113725
NearestNeighborhood;16;data/FIS100-1.txt;100;65,94,78,95,96,98,99,51,63,14,31,12,9,7,1,0,21,74,70,77,90,79,91,38,56,32,3,80,73,93,86,50,81,41,6,27,2,15,48,57,53,89,55,97,71,49,5,18,4,64,34,30,16,19,10,35,39,92,85,25,26,23,20,13,8,82,42,68,24,60,17,59,11,29,66,88,67,62,52,36,46,33,43,37,87,58,47,44,40,45,83,75,84,72,61,69,28,54,22,76;2;113725
NearestNeighborhood;17;data/FIS100-1.txt;100;65,94,78,95,96,98,99,51,63,14,31,12,9,7,1,0,21,74,70,77,90,79,91,38,56,32,3,80,73,93,86,50,81,41,6,27,2,15,48,57,53,89,55,97,71,49,5,18,4,64,34,30,16,19,10,35,39,92,85,25,26,23,20,13,8,82,42,68,24,60,17,59,11,29,66,88,67,62,52,36,46,33,43,37,87,58,47,44,40,45,83,75,84,72,61,69,28,54,22,76;2;113725
NearestNeighborhood;18;data/FIS100-1.txt;100;65,94,78,95,96,98,99,51,63,14,31,12,9,7,1,0,21,74,70,77,90,79,91,38,56,32,3,80,73,93,86,50,81,41,6,27,2,15,48,57,53,89,55,97,71,49,5,18,4,64,34,30,16,19,10,35,39,92,85,25,26,23,20,13,8,82,42,68,24,60,17,59,11,29,66,88,67,62,52,36,46,33,43,37,87,58,47,44,40,45,83,75,84,72,61,69,28,54,22,76;2;113725
NearestNeighborhood;19;data/FIS100-1.txt;100;65,94,78,95,96,98,99,51,63,14,31,12,9,7,1,0,21,74,70,77,90,79,91,38,56,32,3,80,73,93,86,50,81,41,6,27,2,15,48,57,53,89,55,97,71,49,5,18,4,64,34,30,16,19,10,35,39,92,85,25,26,23,20,13,8,82,42,68,24,60,17,59,11,29,66,88,67,62,52,36,46,33,43,37,87,58,47,44,40,45,83,75,84,72,61,69,28,54,22,76;2;113725
NearestNeighborhood;20;data/FIS100-1.txt;100;65,94,78,95,96,98,99,51,63,14,31,12,9,7,1,0,21,74,70,77,90,79,91,38,56,32,3,80,73,93,86,50,81,41,6,27,2,15,48,57,53,89,55,97,71,49,5,18,4,64,34,30,16,19,10,35,39,92,85,25,26,23,20,13,8,82,42,68,24,60,17,59,11,29,66,88,67,62,52,36,46,33,43,37,87,58,47,44,40,45,83,75,84,72,61,69,28,54,22,76;2;113725
NearestNeighborhood;21;data/FIS100-1.txt;100;65,94,78,95,96,98,99,51,63,14,31,12,9,7,1,0,21,74,70,77,90,79,91,38,56,32,3,80,73,93,86,50,81,41,6,27,2,15,48,57,53,89,55,97,71,49,5,18,4,64,34,30,16,19,10,35,39,92,85,25,26,23,20,13,8,82,42,68,24,60,17,59,11,29,66,88,67,62,52,36,46,33,43,37,87,58,47,44,40,45,83,75,84,72,61,69,28,54,22,76;2;113725
NearestNeighborhood;22;data/FIS100-1.txt;100;65,94,78,95,96,98,99,51,63,14,31,12,9,7,1,0,21,74,70,77,90,79,91,38,56,32,3,80,73,93,86,50,81,41,6,27,2,15,48,57,53,89,55,97,71,49,5,18,4,64,34,30,16,19,10,35,39,92,85,25,26,23,20,13,8,82,42,68,24,60,17,59,11,29,66,88,67,62,52,36,46,33,43,37,87,58,47,44,40,45,83,75,84,72,61,69,28,54,22,76;2;113725
NearestNeighborhood;23;data/FIS100-1.txt;100;65,94,78,95,96,98,99,51,63,14,31,12,9,7,1,0,21,74,70,77,90,79,91,38,56,32,3,80,73,93,86,50,81,41,6,27,2,15,48,57,53,89,55,97,71,49,5,18,4,64,34,30,16,19,10,35,39,92,85,25,26,23,20,13,8,82,42,68,24,60,17,59,11,29,66,88,67,62,52,36,46,33,43,37,87,58,47,44,40,45,83,75,84,72,61,69,28,54,22,76;2;113725
NearestNeighborhood;24;data/FIS100-1.txt;100;65,94,78,95,96,98,99,51,63,14,31,12,9,7,1,0,21,74,70,77,90,79,91,38,56,32,3,80,73,93,86,50,81,41,6,27,2,15,48,57,53,89,55,97,71,49,5,18,4,64,34,30,16,19,10,35,39,92,85,25,26,23,20,13,8,82,42,68,24,60,17,59,11,29,66,88,67,62,52,36,46,33,43,37,87,58,47,44,40,45,83,75,84,72,61,69,28,54,22,76;2;113725
NearestNeighborhood;25;data/FIS100-1.txt;100;65,94,78,95,96,98,99,51,63,14,31,12,9,7,1,0,21,74,70,77,90,79,91,38,56,32,3,80,73,93,86,50,81,41,6,27,2,15,48,57,53,89,55,97,71,49,5,18,4,64,34,30,16,19,10,35,39,92,85,25,26,23,20,13,8,82,42,68,24,60,17,59,11,29,66,88,67,62,52,36,46,33,43,37,87,58,47,44,40,45,83,75,84,72,61,69,28,54,22,76;2;113725
NearestNeighborhood;26;data/FIS100-1.txt;100;65,94,78,95,96,98,99,51,63,14,31,12,9,7,1,0,21,74,70,77,90,79,91,38,56,32,3,80,73,93,86,50,81,41,6,27,2,15,48,57,53,89,55,97,71,49,5,18,4,64,34,30,16,19,10,35,39,92,85,25,26,23,20,13,8,82,42,68,24,60,17,59,11,29,66,88,67,62,52,36,46,33,43,37,87,58,47,44,40,45,83,75,84,72,61,69,28,54,22,76;2;113725
NearestNeighborhood;27;data/FIS100-1.txt;100;65,94,78,95,96,98,99,51,63,14,31,12,9,7,1,0,21,74,70,77,90,79,91,38,56,32,3,80,73,93,86,50,81,41,6,27,2,15,48,57,53,89,55,97,71,49,5,18,4,64,34,30,16,19,10,35,39,92,85,25,26,23,20,13,8,82,42,68,24,60,17,59,11,29,66,88,67,62,52,36,46,33,43,37,87,58,47,44,40,45,83,75,84,72,61,69,28,54,22,76;2;113725
NearestNeighborhood;28;data/FIS100-1.txt;100;65,94,78,95,96,98,99,51,63,14,31,12,9,7,1,0,21,74,70,77,90,79,91,38,56,32,3,80,73,93,86,50,81,41,6,27,2,15,48,57,53,89,55,97,71,49,5,18,4,64,34,30,16,19,10,35,39,92,85,25,26,23,20,13,8,82,42,68,24,60,17,59,11,29,66,88,67,62,52,36,46,33,43,37,87,58,47,44,40,45,83,75,84,72,61,69,28,54,22,76;2;113725
NearestNeighborhood;29;data/FIS100-1.txt;100;65,94,78,95,96,98,99,51,63,14,31,12,9,7,1,0,21,74,70,77,90,79,91,38,56,32,3,80,73,93,86,50,81,41,6,27,2,15,48,57,53,89,55,97,71,49,5,18,4,64,34,30,16,19,10,35,39,92,85,25,26,23,20,13,8,82,42,68,24,60,17,59,11,29,66,88,67,62,52,36,46,33,43,37,87,58,47,44,40,45,83,75,84,72,61,69,28,54,22,76;2;113725
NearestNeighborhood;30;data/FIS100-1.txt;100;65,94,78,95,96,98,99,51,63,14,31,12,9,7,1,0,21,74,70,77,90,79,91,38,56,32,3,80,73,93,86,50,81,41,6,27,2,15,48,57,53,89,55,97,71,49,5,18,4,64,34,30,16,19,10,35,39,92,85,25,26,23,20,13,8,82,42,68,24,60,17,59,11,29,66,88,67,62,52,36,46,33,43,37,87,58,47,44,40,45,83,75,84,72,61,69,28,54,22,76;2;113725
NearestNeighborhood;1;data/FIS100-2.txt;100;90,89,92,95,93,99,49,26,4,7,0,1,10,45,75,55,86,39,60,24,50,15,22,11,17,5,12,36,62,97,74,73,30,64,25,41,18,83,61,85,94,91,88,2,47,71,96,78,42,38,28,76,53,79,68,44,65,8,6,57,59,66,98,84,67,19,51,9,70,31,87,80,58,34,48,13,14,3,40,72,69,54,52,63,46,20,35,16,32,37,56,77,81,82,21,33,23,43,29,27;2;105615
NearestNeighborhood;2;data/FIS100-2.txt;100;90,89,92,95,93,99,49,26,4,7,0,1,10,45,75,55,86,39,60,24,50,15,22,11,17,5,12,36,62,97,74,73,30,64,25,41,18,83,61,85,94,91,88,2,47,71,96,78,42,38,28,76,53,79,68,44,65,8,6,57,59,66,98,84,67,19,51,9,70,31,87,80,58,34,48,13,14,3,40,72,69,54,52,63,46,20,35,16,32,37,56,77,81,82,21,33,23,43,29,27;2;105615
NearestNeighborhood;3;data/FIS100-2.txt;100;90,89,92,95,93,99,49,26,4,7,0,1,10,45,75,55,86,39,60,24,50,15,22,11,17,5,12,36,62,97,74,73,30,64,25,41,18,83,61,85,94,91,88,2,47,71,96,78,42,38,28,76,53,79,68,44,65,8,6,57,59,66,98,84,67,19,51,9,70,31,87,80,58,34,48,13,14,3,40,72,69,54,52,63,46,20,35,16,32,37,56,77,81,82,21,33,23,43,29,27;2;105615
NearestNeighborhood;4;data/FIS100-2.txt;100;90,89,92,95,93,99,49,26,4,7,0,1,10,45,75,55,86,39,60,24,50,15,22,11,17,5,12,36,62,97,74,73,30,64,25,41,18,83,61,85,94,91,88,2,47,71,96,78,42,38,28,76,53,79,68,44,65,8,6,57,59,66,98,84,67,19,51,9,70,31,87,80,58,34,48,13,14,3,40,72,69,54,52,63,46,20,35,16,32,37,56,77,81,82,21,33,23,43,29,27;2;105615
NearestNeighborhood;5;data/FIS100-2.txt;100;90,89,92,95,93,99,49,26,4,7,0,1,10,45,75,55,86,39,60,24,50,15,22,11,17,5,12,36,62,97,74,73,30,64,25,41,18,83,61,85,94,91,88,2,47,71,96,78,42,38,28,76,53,79,68,44,65,8,6,57,59,66,98,84,67,19,51,9,70,31,87,80,58,34,48,13,14,3,40,72,69,54,52,63,46,20,35,16,32,37,56,77,81,82,21,33,23,43,29,27;2;105615
NearestNeighborhood;6;data/FIS100-2.txt;100;90,89,92,95,93,99,49,26,4,7,0,1,10,45,75,55,86,39,60,24,50,15,22,11,17,5,12,36,62,97,74,73,30,64,25,41,18,83,61,85,94,91,88,2,47,71,96,78,42,38,28,76,53,79,68,44,65,8,6,57,59,66,98,84,67,19,51,9,70,31,87,80,58,34,48,13,14,3,40,72,69,54,52,63,46,20,35,16,32,37,56,77,81,82,21,33,23,43,29,27;2;105615
NearestNeighborhood;7;data/FIS100-2.txt;100;90,89,92,95,93,99,49,26,4,7,0,1,10,45,75,55,86,39,60,24,50,15,22,11,17,5,12,36,62,97,74,73,30,64,25,41,18,83,61,85,94,91,88,2,47,71,96,78,42,38,28,76,53,79,68,44,65,8,6,57,59,66,98,84,67,19,51,9,70,31,87,80,58,34,48,13,14,3,40,72,69,54,52,63,46,20,35,16,32,37,56,77,81,82,21,33,23,43,29,27;2;105615
NearestNeighborhood;8;data/FIS100-2.txt;100;90,89,92,95,93,99,49,26,4,7,0,1,10,45,75,55,86,39,60,24,50,15,22,11,17,5,12,36,62,97,74,73,30,64,25,41,18,83,61,85,94,91,88,2,47,71,96,78,42,38,28,76,53,79,68,44,65,8,6,57,59,66,98,84,67,19,51,9,70,31,87,80,58,34,48,13,14,3,40,72,69,54,52,63,46,20,35,16,32,37,56,77,81,82,21,33,23,43,29,27;2;105615
NearestNeighborhood;9;data/FIS100-2.txt;100;90,89,92,95,93,99,49,26,4,7,0,1,10,45,75,55,86,39,60,24,50,15,22,11,17,5,12,36,62,97,74,73,30,64,25,41,18,83,61,85,94,91,88,2,47,71,96,78,42,38,28,76,53,79,68,44,65,8,6,57,59,66,98,84,67,19,51,9,70,31,87,80,58,34,48,13,14,3,40,72,69,54,52,63,46,20,35,16,32,37,56,77,81,82,21,33,23,43,29,27;2;105615
NearestNeighborhood;10;data/FIS100-2.txt;100;90,89,92,95,93,99,49,26,4,7,0,1,10,45,75,55,86,39,60,24,50,15,22,11,17,5,12,36,62,97,74,73,30,64,25,41,18,83,61,85,94,91,88,2,47,71,96,78,42,38,28,76,53,79,68,44,65,8,6,57,59,66,98,84,67,19,51,9,70,31,87,80,58,34,48,13,14,3,40,72,69,54,52,63,46,20,35,16,32,37,56,77,81,82,21,33,23,43,29,27;2;105615
NearestNeighborhood;11;data/FIS100-2.txt;100;90,89,92,95,93,99,49,26,4,7,0,1,10,45,75,55,86,39,60,24,50,15,22,11,17,5,12,36,62,97,74,73,30,64,25,41,18,83,61,85,94,91,88,2,47,71,96,78,42,38,28,76,53,79,68,44,65,8,6,57,59,66,98,84,67,19,51,9,70,31,87,80,58,34,48,13,14,3,40,72,69,54,52,63,46,20,35,16,32,37,56,77,81,82,21,33,23,43,29,27;2;105615
NearestNeighborhood;12;data/FIS100-2.txt;100;90,89,92,95,93,99,49,26,4,7,0,1,10,45,75,55,86,39,60,24,50,15,22,11,17,5,12,36,62,97,74,73,30,64,25,41,18,83,61,85,94,91,88,2,47,71,96,78,42,38,28,76,53,79,68,44,65,8,6,57,59,66,98,84,67,19,51,9,70,31,87,80,58,34,48,13,14,3,40,72,69,54,52,63,46,20,35,16,32,37,56,77,81,82,21,33,23,43,29,27;2;105615
NearestNeighborhood;13;data/FIS100-2.txt;100;90,89,92,95,93,99,49,26,4,7,0,1,10,45,75,55,86,39,60,24,50,15,22,11,17,5,12,36,62,97,74,73,30,64,25,41,18,83,61,85,94,91,88,2,47,71,96,78,42,38,28,76,53,79,68,44,65,8,6,57,59,66,98,84,67,19,51,9,70,31,87,80,58,34,48,13,14,3,40,72,69,54,52,63,46,20,35,16,32,37,56,77,81,82,21,33,23,43,29,27;2;105615
NearestNeighborhood;14;data/FIS100-2.txt;100;90,89,92,95,93,99,49,26,4,7,0,1,10,45,75,55,86,39,60,24,50,15,22,11,17,5,12,36,62,97,74,73,30,64,25,41,18,83,61,85,94,91,88,2,47,71,96,78,42,38,28,76,53,79,68,44,65,8,6,57,59,66,98,84,67,19,51,9,70,31,87,80,58,34,48,13,14,3,40,72,69,54,52,63,46,20,35,16,32,37,56,77,81,82,21,33,23,43,29,27;2;105615
NearestNeighborhood;15;data/FIS100-2.txt;100;90,89,92,95,93,99,49,26,4,7,0,1,10,45,75,55,86,39,60,24,50,15,22,11,17,5,12,36,62,97,74,73,30,64,25,41,18,83,61,85,94,91,88,2,47,71,96,78,42,38,28,76,53,79,68,44,65,8,6,57,59,66,98,84,67,19,51,9,70,31,87,80,58,34,48,13,14,3,40,72,69,54,52,63,46,20,35,16,32,37,56,77,81,82,21,33,23,43,29,27;2;105615
NearestNeighborhood;16;data/FIS100-2.txt;100;90,89,92,95,93,99,49,26,4,7,0,1,10,45,75,55,86,39,60,24,50,15,22,11,17,5,12,36,62,97,74,73,30,64,25,41,18,83,61,85,94,91,88,2,47,71,96,78,42,38,28,76,53,79,68,44,65,8,6,57,59,66,98,84,67,19,51,9,70,31,87,80,58,34,48,13,14,3,40,72,69,54,52,63,46,20,35,16,32,37,56,77,81,82,21,33,23,43,29,27;2;105615
NearestNeighborhood;17;data/FIS100-2.txt;100;90,89,92,95,93,99,49,26,4,7,0,1,10,45,75,55,86,39,60,24,50,15,22,11,17,5,12,36,62,97,74,73,30,64,25,41,18,83,61,85,94,91,88,2,47,71,96,78,42,38,28,76,53,79,68,44,65,8,6,57,59,66,98,84,67,19,51,9,70,31,87,80,58,34,48,13,14,3,40,72,69,54,52,63,46,20,35,16,32,37,56,77,81,82,21,33,23,43,29,27;2;105615
NearestNeighborhood;18;data/FIS100-2.txt;100;90,89,92,95,93,99,49,26,4,7,0,1,10,45,75,55,86,39,60,24,50,15,22,11,17,5,12,36,62,97,74,73,30,64,25,41,18,83,61,85,94,91,88,2,47,71,96,78,42,38,28,76,53,79,68,44,65,8,6,57,59,66,98,84,67,19,51,9,70,31,87,80,58,34,48,13,14,3,40,72,69,54,52,63,46,20,35,16,32,37,56,77,81,82,21,33,23,43,29,27;2;105615
NearestNeighborhood;19;data/FIS100-2.txt;100;90,89,92,95,93,99,49,26,4,7,0,1,10,45,75,55,86,39,60,24,50,15,22,11,17,5,12,36,62,97,74,73,30,64,25,41,18,83,61,85,94,91,88,2,47,71,96,78,42,38,28,76,53,79,68,44,65,8,6,57,59,66,98,84,67,19,51,9,70,31,87,80,58,34,48,13,14,3,40,72,69,54,52,63,46,20,35,16,32,37,56,77,81,82,21,33,23,43,29,27;2;105615
NearestNeighborhood;20;data/FIS100-2.txt;100;90,89,92,95,93,99,49,26,4,7,0,1,10,45,75,55,86,39,60,24,50,15,22,11,17,5,12,36,62,97,74,73,30,64,25,41,18,83,61,85,94,91,88,2,47,71,96,78,42,38,28,76,53,79,68,44,65,8,6,57,59,66,98,84,67,19,51,9,70,31,87,80,58,34,48,13,14,3,40,72,69,54,52,63,46,20,35,16,32,37,56,77,81,82,21,33,23,43,29,27;2;105615
NearestNeighborhood;21;data/FIS100-2.txt;100;90,89,92,95,93,99,49,26,4,7,0,1,10,45,75,55,86,39,60,24,50,15,22,11,17,5,12,36,62,97,74,73,30,64,25,41,18,83,61,85,94,91,88,2,47,71,96,78,42,38,28,76,53,79,68,44,65,8,6,57,59,66,98,84,67,19,51,9,70,31,87,80,58,34,48,13,14,3,40,72,69,54,52,63,46,20,35,16,32,37,56,77,81,82,21,33,23,43,29,27;2;105615
NearestNeighborhood;22;data/FIS100-2.txt;100;90,89,92,95,93,99,49,26,4,7,0,1,10,45,75,55,86,39,60,24,50,15,22,11,17,5,12,36,62,97,74,73,30,64,25,41,18,83,61,85,94,91,88,2,47,71,96,78,42,38,28,76,53,79,68,44,65,8,6,57,59,66,98,84,67,19,51,9,70,31,87,80,58,34,48,13,14,3,40,72,69,54,52,63,46,20,35,16,32,37,56,77,81,82,21,33,23,43,29,27;2;105615
NearestNeighborhood;23;data/FIS100-2.txt;100;90,89,92,95,93,99,49,26,4,7,0,1,10,45,75,55,86,39,60,24,50,15,22,11,17,5,12,36,62,97,74,73,30,64,25,41,18,83,61,85,94,91,88,2,47,71,96,78,42,38,28,76,53,79,68,44,65,8,6,57,59,66,98,84,67,19,51,9,70,31,87,80,58,34,48,13,14,3,40,72,69,54,52,63,46,20,35,16,32,37,56,77,81,82,21,33,23,43,29,27;2;105615
NearestNeighborhood;24;data/FIS100-2.txt;100;90,89,92,95,93,99,49,26,4,7,0,1,10,45,75,55,86,39,60,24,50,15,22,11,17,5,12,36,62,97,74,73,30,64,25,41,18,83,61,85,94,91,88,2,47,71,96,78,42,38,28,76,53,79,68,44,65,8,6,57,59,66,98,84,67,19,51,9,70,31,87,80,58,34,48,13,14,3,40,72,69,54,52,63,46,20,35,16,32,37,56,77,81,82,21,33,23,43,29,27;2;105615
NearestNeighborhood;25;data/FIS100-2.txt;100;90,89,92,95,93,99,49,26,4,7,0,1,10,45,75,55,86,39,60,24,50,15,22,11,17,5,12,36,62,97,74,73,30,64,25,41,18,83,61,85,94,91,88,2,47,71,96,78,42,38,28,76,53,79,68,44,65,8,6,57,59,66,98,84,67,19,51,9,70,31,87,80,58,34,48,13,14,3,40,72,69,54,52,63,46,20,35,16,32,37,56,77,81,82,21,33,23,43,29,27;2;105615
NearestNeighborhood;26;data/FIS100-2.txt;100;90,89,92,95,93,99,49,26,4,7,0,1,10,45,75,55,86,39,60,24,50,15,22,11,17,5,12,36,62,97,74,73,30,64,25,41,18,83,61,85,94,91,88,2,47,71,96,78,42,38,28,76,53,79,68,44,65,8,6,57,59,66,98,84,67,19,51,9,70,31,87,80,58,34,48,13,14,3,40,72,69,54,52,63,46,20,35,16,32,37,56,77,81,82,21,33,23,43,29,27;2;105615
NearestNeighborhood;27;data/FIS100-2.txt;100;90,89,92,95,93,99,49,26,4,7,0,1,10,45,75,55,86,39,60,24,50,15,22,11,17,5,12,36,62,97,74,73,30,64,25,41,18,83,61,85,94,91,88,2,47,71,96,78,42,38,28,76,53,79,68,44,65,8,6,57,59,66,98,84,67,19,51,9,70,31,87,80,58,34,48,13,14,3,40,72,69,54,52,63,46,20,35,16,32,37,56,77,81,82,21,33,23,43,29,27;2;105615
NearestNeighborhood;28;data/FIS100-2.txt;100;90,89,92,95,93,99,49,26,4,7,0,1,10,45,75,55,86,39,60,24,50,15,22,11,17,5,12,36,62,97,74,73,30,64,25,41,18,83,61,85,94,91,88,2,47,71,96,78,42,38,28,76,53,79,68,44,65,8,6,57,59,66,98,84,67,19,51,9,70,31,87,80,58,34,48,13,14,3,40,72,69,54,52,63,46,20,35,16,32,37,56,77,81,82,21,33,23,43,29,27;2;105615
NearestNeighborhood;29;data/FIS100-2.txt;100;90,89,92,95,93,99,49,26,4,7,0,1,10,45,75,55,86,39,60,24,50,15,22,11,17,5,12,36,62,97,74,73,30,64,25,41,18,83,61,85,94,91,88,2,47,71,96,78,42,38,28,76,53,79,68,44,65,8,6,57,59,66,98,84,67,19,51,9,70,31,87,80,58,34,48,13,14,3,40,72,69,54,52,63,46,20,35,16,32,37,56,77,81,82,21,33,23,43,29,27;2;105615
NearestNeighborhood;30;data/FIS100-2.txt;100;90,89,92,95,93,99,49,26,4,7,0,1,10,45,75,55,86,39,60,24,50,15,22,11,17,5,12,36,62,97,74,73,30,64,25,41,18,83,61,85,94,91,88,2,47,71,96,78,42,38,28,76,53,79,68,44,65,8,6,57,59,66,98,84,67,19,51,9,70,31,87,80,58,34,48,13,14,3,40,72,69,54,52,63,46,20,35,16,32,37,56,77,81,82,21,33,23,43,29,27;2;105615
NearestNeighborhood;1;data/FIS100-3.txt;100;67,0,31,23,68,45,89,72,99,73,35,47,76,77,86,95,90,97,92,42,53,5,49,3,18,1,11,98,83,96,51,16,14,12,4,10,32,22,61,34,78,70,85,79,94,93,74,55,69,21,15,6,13,2,8,25,91,59,46,30,9,28,7,19,62,80,75,87,43,54,26,84,71,88,81,29,52,17,27,64,63,57,65,82,24,36,20,38,37,48,50,56,66,58,60,44,39,41,33,40;2;121754
NearestNeighborhood;2;data/FIS100-3.txt;100;67,0,31,23,68,45,89,72,99,73,35,47,76,77,86,95,90,97,92,42,53,5,49,3,18,1,11,98,83,96,51,16,14,12,4,10,32,22,61,34,78,70,85,79,94,93,74,55,69,21,15,6,13,2,8,25,91,59,46,30,9,28,7,19,62,80,75,87,43,54,26,84,71,88,81,29,52,17,27,64,63,57,65,82,24,36,20,38,37,48,50,56,66,58,60,44,39,41,33,40;2;121754
NearestNeighborhood;3;data/FIS100-3.txt;100;67,0,31,23,68,45,89,72,99,73,35,47,76,77,86,95,90,97,92,42,53,5,49,3,18,1,11,98,83,96,51,16,14,12,4,10,32,22,61,34,78,70,85,79,94,93,74,55,69,21,15,6,13,2,8,25,91,59,46,30,9,28,7,19,62,80,75,87,43,54,26,84,71,88,81,29,52,17,27,64,63,57,65,82,24,36,20,38,37,48,50,56,66,58,60,44,39,41,33,40;2;121754
NearestNeighborhood;4;data/FIS100-3.txt;100;67,0,31,23,68,45,89,72,99,73,35,47,76,77,86,95,90,97,92,42,53,5,49,3,18,1,11,98,83,96,51,16,14,12,4,10,32,22,61,34,78,70,85,79,94,93,74,55,69,21,15,6,13,2,8,25,91,59,46,30,9,28,7,19,62,80,75,87,43,54,26,84,71,88,81,29,52,17,27,64,63,57,65,82,24,36,20,38,37,48,50,56,66,58,60,44,39,41,33,40;2;121754
NearestNeighborhood;5;data/FIS100-3.txt;100;67,0,31,23,68,45,89,72,99,73,35,47,76,77,86,95,90,97,92,42,53,5,49,3,18,1,11,98,83,96,51,16,14,12,4,10,32,22,61,34,78,70,85,79,94,93,74,55,69,21,15,6,13,2,8,25,91,59,46,30,9,28,7,19,62,80,75,87,43,54,26,84,71,88,81,29,52,17,27,64,63,57,65,82,24,36,20,38,37,48,50,56,66,58,60,44,39,41,33,40;2;121754
NearestNeighborhood;6;data/FIS100-3.txt;100;67,0,31,23,68,45,89,72,99,73,35,47,76,77,86,95,90,97,92,42,53,5,49,3,18,1,11,98,83,96,51,16,14,12,4,10,32,22,61,34,78,70,85,79,94,93,74,55,69,21,15,6,13,2,8,25,91,59,46,30,9,28,7,19,62,80,75,87,43,54,26,84,71,88,81,29,52,17,27,64,63,57,65,82,24,36,20,38,37,48,50,56,66,58,60,44,39,41,33,40;2;121754
NearestNeighborhood;7;data/FIS100-3.txt;100;67,0,31,23,68,45,89,72,99,73,35,47,76,77,86,95,90,97,92,42,53,5,49,3,18,1,11,98,83,96,51,16,14,12,4,10,32,22,61,34,78,70,85,79,94,93,74,55,69,21,15,6,13,2,8,25,91,59,46,30,9,28,7,19,62,80,75,87,43,54,26,84,71,88,81,29,52,17,27,64,63,57,65,82,24,36,20,38,37,48,50,56,66,58,60,44,39,41,33,40;2;121754
NearestNeighborhood;8;data/FIS100-3.txt;100;67,0,31,23,68,45,89,72,99,73,35,47,76,77,86,95,90,97,92,42,53,5,49,3,18,1,11,98,83,96,51,16,14,12,4,10,32,22,61,34,78,70,85,79,94,93,74,55,69,21,15,6,13,2,8,25,91,59,46,30,9,28,7,19,62,80,75,87,43,54,26,84,71,88,81,29,52,17,27,64,63,57,65,82,24,36,20,38,37,48,50,56,66,58,60,44,39,41,33,40;2;121754
NearestNeighborhood;9;data/FIS100-3.txt;100;67,0,31,23,68,45,89,72,99,73,35,47,76,77,86,95,90,97,92,42,53,5,49,3,18,1,11,98,83,96,51,16,14,12,4,10,32,22,61,34,78,70,85,79,94,93,74,55,69,21,15,6,13,2,8,25,91,59,46,30,9,28,7,19,62,80,75,87,43,54,26,84,71,88,81,29,52,17,27,64,63,57,65,82,24,36,20,38,37,48,50,56,66,58,60,44,39,41,33,40;2;121754
NearestNeighborhood;10;data/FIS100-3.txt;100;67,0,31,23,68,45,89,72,99,73,35,47,76,77,86,95,90,97,92,42,53,5,49,3,18,1,11,98,83,96,51,16,14,12,4,10,32,22,61,34,78,70,85,79,94,93,74,55,69,21,15,6,13,2,8,25,91,59,46,30,9,28,7,19,62,80,75,87,43,54,26,84,71,88,81,29,52,17,27,64,63,57,65,82,24,36,20,38,37,48,50,56,66,58,60,44,39,41,33,40;2;121754
NearestNeighborhood;11;data/FIS100-3.txt;100;67,0,31,23,68,45,89,72,99,73,35,47,76,77,86,95,90,97,92,42,53,5,49,3,18,1,11,98,83,96,51,16,14,12,4,10,32,22,61,34,78,70,85,79,94,93,74,55,69,21,15,6,13,2,8,25,91,59,46,30,9,28,7,19,62,80,75,87,43,54,26,84,71,88,81,29,52,17,27,64,63,57,65,82,24,36,20,38,37,48,50,56,66,58,60,44,39,41,33,40;2;121754
NearestNeighborhood;12;data/FIS100-3.txt;100;67,0,31,23,68,45,89,72,99,73,35,47,76,77,86,95,90,97,92,42,53,5,49,3,18,1,11,98,83,96,51,16,14,12,4,10,32,22,61,34,78,70,85,79,94,93,74,55,69,21,15,6,13,2,8,25,91,59,46,30,9,28,7,19,62,80,75,87,43,54,26,84,71,88,81,29,52,17,27,64,63,57,65,82,24,36,20,38,37,48,50,56,66,58,60,44,39,41,33,40;2;121754
NearestNeighborhood;13;data/FIS100-3.txt;100;67,0,31,23,68,45,89,72,99,73,35,47,76,77,86,95,90,97,92,42,53,5,49,3,18,1,11,98,83,96,51,16,14,12,4,10,32,22,61,34,78,70,85,79,94,93,74,55,69,21,15,6,13,2,8,25,91,59,46,30,9,28,7,19,62,80,75,87,43,54,26,84,71,88,81,29,52,17,27,64,63,57,65,82,24,36,20,38,37,48,50,56,66,58,60,44,39,41,33,40;2;121754
NearestNeighborhood;14;data/FIS100-3.txt;100;67,0,31,23,68,45,89,72,99,73,35,47,76,77,86,95,90,97,92,42,53,5,49,3,18,1,11,98,83,96,51,16,14,12,4,10,32,22,61,34,78,70,85,79,94,93,74,55,69,21,15,6,13,2,8,25,91,59,46,30,9,28,7,19,62,80,75,87,43,54,26,84,71,88,81,29,52,17,27,64,63,57,65,82,24,36,20,38,37,48,50,56,66,58,60,44,39,41,33,40;2;121754
NearestNeighborhood;15;data/FIS100-3.txt;100;67,0,31,23,68,45,89,72,99,73,35,47,76,77,86,95,90,97,92,42,53,5,49,3,18,1,11,98,83,96,51,16,14,12,4,10,32,22,61,34,78,70,85,79,94,93,74,55,69,21,15,6,13,2,8,25,91,59,46,30,9,28,7,19,62,80,75,87,43,54,26,84,71,88,81,29,52,17,27,64,63,57,65,82,24,36,20,38,37,48,50,56,66,58,60,44,39,41,33,40;2;121754
NearestNeighborhood;16;data/FIS100-3.txt;100;67,0,31,23,68,45,89,72,99,73,35,47,76,77,86,95,90,97,92,42,53,5,49,3,18,1,11,98,83,96,51,16,14,12,4,10,32,22,61,34,78,70,85,79,94,93,74,55,69,21,15,6,13,2,8,25,91,59,46,30,9,28,7,19,62,80,75,87,43,54,26,84,71,88,81,29,52,17,27,64,63,57,65,82,24,36,20,38,37,48,50,56,66,58,60,44,39,41,33,40;2;121754
NearestNeighborhood;17;data/FIS100-3.txt;100;67,0,31,23,68,45,89,72,99,73,35,47,76,77,86,95,90,97,92,42,53,5,49,3,18,1,11,98,83,96,51,16,14,12,4,10,32,22,61,34,78,70,85,79,94,93,74,55,69,21,15,6,13,2,8,25,91,59,46,30,9,28,7,19,62,80,75,87,43,54,26,84,71,88,81,29,52,17,27,64,63,57,65,82,24,36,20,38,37,48,50,56,66,58,60,44,39,41,33,40;2;121754
NearestNeighborhood;18;data/FIS100-3.txt;100;67,0,31,23,68,45,89,72,99,73,35,47,76,77,86,95,90,97,92,42,53,5,49,3,18,1,11,98,83,96,51,16,14,12,4,10,32,22,61,34,78,70,85,79,94,93,74,55,69,21,15,6,13,2,8,25,91,59,46,30,9,28,7,19,62,80,75,87,43,54,26,84,71,88,81,29,52,17,27,64,63,57,65,82,24,36,20,38,37,48,50,56,66,58,60,44,39,41,33,40;2;121754
NearestNeighborhood;19;data/FIS100-3.txt;100;67,0,31,23,68,45,89,72,99,73,35,47,76,77,86,95,90,97,92,42,53,5,49,3,18,1,11,98,83,96,51,16,14,12,4,10,32,22,61,34,78,70,85,79,94,93,74,55,69,21,15,6,13,2,8,25,91,59,46,30,9,28,7,19,62,80,75,87,43,54,26,84,71,88,81,29,52,17,27,64,63,57,65,82,24,36,20,38,37,48,50,56,66,58,60,44,39,41,33,40;2;121754
NearestNeighborhood;20;data/FIS100-3.txt;100;67,0,31,23,68,45,89,72,99,73,35,47,76,77,86,95,90,97,92,42,53,5,49,3,18,1,11,98,83,96,51,16,14,12,4,10,32,22,61,34,78,70,85,79,94,93,74,55,69,21,15,6,13,2,8,25,91,59,46,30,9,28,7,19,62,80,75,87,43,54,26,84,71,88,81,29,52,17,27,64,63,57,65,82,24,36,20,38,37,48,50,56,66,58,60,44,39,41,33,40;2;121754
NearestNeighborhood;21;data/FIS100-3.txt;100;67,0,31,23,68,45,89,72,99,73,35,47,76,77,86,95,90,97,92,42,53,5,49,3,18,1,11,98,83,96,51,16,14,12,4,10,32,22,61,34,78,70,85,79,94,93,74,55,69,21,15,6,13,2,8,25,91,59,46,30,9,28,7,19,62,80,75,87,43,54,26,84,71,88,81,29,52,17,27,64,63,57,65,82,24,36,20,38,37,48,50,56,66,58,60,44,39,41,33,40;2;121754
NearestNeighborhood;22;data/FIS100-3.txt;100;67,0,31,23,68,45,89,72,99,73,35,47,76,77,86,95,90,97,92,42,53,5,49,3,18,1,11,98,83,96,51,16,14,12,4,10,32,22,61,34,78,70,85,79,94,93,74,55,69,21,15,6,13,2,8,25,91,59,46,30,9,28,7,19,62,80,75,87,43,54,26,84,71,88,81,29,52,17,27,64,63,57,65,82,24,36,20,38,37,48,50,56,66,58,60,44,39,41,33,40;2;121754
NearestNeighborhood;23;data/FIS100-3.txt;100;67,0,31,23,68,45,89,72,99,73,35,47,76,77,86,95,90,97,92,42,53,5,49,3,18,1,11,98,83,96,51,16,14,12,4,10,32,22,61,34,78,70,85,79,94,93,74,55,69,21,15,6,13,2,8,25,91,59,46,30,9,28,7,19,62,80,75,87,43,54,26,84,71,88,81,29,52,17,27,64,63,57,65,82,24,36,20,38,37,48,50,56,66,58,60,44,39,41,33,40;2;121754
NearestNeighborhood;24;data/FIS100-3.txt;100;67,0,31,23,68,45,89,72,99,73,35,47,76,77,86,95,90,97,92,42,53,5,49,3,18,1,11,98,83,96,51,16,14,12,4,10,32,22,61,34,78,70,85,79,94,93,74,55,69,21,15,6,13,2,8,25,91,59,46,30,9,28,7,19,62,80,75,87,43,54,26,84,71,88,81,29,52,17,27,64,63,57,65,82,24,36,20,38,37,48,50,56,66,58,60,44,39,41,33,40;2;121754
NearestNeighborhood;25;data/FIS100-3.txt;100;67,0,31,23,68,45,89,72,99,73,35,47,76,77,86,95,90,97,92,42,53,5,49,3,18,1,11,98,83,96,51,16,14,12,4,10,32,22,61,34,78,70,85,79,94,93,74,55,69,21,15,6,13,2,8,25,91,59,46,30,9,28,7,19,62,80,75,87,43,54,26,84,71,88,81,29,52,17,27,64,63,57,65,82,24,36,20,38,37,48,50,56,66,58,60,44,39,41,33,40;2;121754
NearestNeighborhood;26;data/FIS100-3.txt;100;67,0,31,23,68,45,89,72,99,73,35,47,76,77,86,95,90,97,92,42,53,5,49,3,18,1,11,98,83,96,51,16,14,12,4,10,32,22,61,34,78,70,85,79,94,93,74,55,69,21,15,6,13,2,8,25,91,59,46,30,9,28,7,19,62,80,75,87,43,54,26,84,71,88,81,29,52,17,27,64,63,57,65,82,24,36,20,38,37,48,50,56,66,58,60,44,39,41,33,40;2;121754
NearestNeighborhood;27;data/FIS100-3.txt;100;67,0,31,23,68,45,89,72,99,73,35,47,76,77,86,95,90,97,92,42,53,5,49,3,18,1,11,98,83,96,51,16,14,12,4,10,32,22,61,34,78,70,85,79,94,93,74,55,69,21,15,6,13,2,8,25,91,59,46,30,9,28,7,19,62,80,75,87,43,54,26,84,71,88,81,29,52,17,27,64,63,57,65,82,24,36,20,38,37,48,50,56,66,58,60,44,39,41,33,40;2;121754
NearestNeighborhood;28;data/FIS100-3.txt;100;67,0,31,23,68,45,89,72,99,73,35,47,76,77,86,95,90,97,92,42,53,5,49,3,18,1,11,98,83,96,51,16,14,12,4,10,32,22,61,34,78,70,85,79,94,93,74,55,69,21,15,6,13,2,8,25,91,59,46,30,9,28,7,19,62,80,75,87,43,54,26,84,71,88,81,29,52,17,27,64,63,57,65,82,24,36,20,38,37,48,50,56,66,58,60,44,39,41,33,40;2;121754
NearestNeighborhood;29;data/FIS100-3.txt;100;67,0,31,23,68,45,89,72,99,73,35,47,76,77,86,95,90,97,92,42,53,5,49,3,18,1,11,98,83,96,51,16,14,12,4,10,32,22,61,34,78,70,85,79,94,93,74,55,69,21,15,6,13,2,8,25,91,59,46,30,9,28,7,19,62,80,75,87,43,54,26,84,71,88,81,29,52,17,27,64,63,57,65,82,24,36,20,38,37,48,50,56,66,58,60,44,39,41,33,40;2;121754
NearestNeighborhood;30;data/FIS100-3.txt;100;67,0,31,23,68,45,89,72,99,73,35,47,76,77,86,95,90,97,92,42,53,5,49,3,18,1,11,98,83,96,51,16,14,12,4,10,32,22,61,34,78,70,85,79,94,93,74,55,69,21,15,6,13,2,8,25,91,59,46,30,9,28,7,19,62,80,75,87,43,54,26,84,71,88,81,29,52,17,27,64,63,57,65,82,24,36,20,38,37,48,50,56,66,58,60,44,39,41,33,40;2;121754
NearestNeighborhood;1;data/FIS100-4.txt;100;89,98,81,62,11,23,50,49,88,96,60,82,32,41,2,5,1,3,64,27,71,36,87,53,95,83,18,56,46,92,84,93,90,97,54,68,29,0,22,43,76,75,91,94,99,39,24,9,13,35,86,48,4,40,66,80,67,85,77,57,52,15,10,33,63,34,70,42,78,51,79,55,14,26,17,44,59,61,69,28,45,12,8,25,74,31,65,20,58,7,47,16,72,73,6,30,37,21,19,38;2;98310
NearestNeighborhood;2;data/FIS100-4.txt;100;89,98,81,62,11,23,50,49,88,96,60,82,32,41,2,5,1,3,64,27,71,36,87,53,95,83,18,56,46,92,84,93,90,97,54,68,29,0,22,43,76,75,91,94,99,39,24,9,13,35,86,48,4,40,66,80,67,85,77,57,52,15,10,33,63,34,70,42,78,51,79,55,14,26,17,44,59,61,69,28,45,12,8,25,74,31,65,20,58,7,47,16,72,73,6,30,37,21,19,38;2;98310
NearestNeighborhood;3;data/FIS100-4.txt;100;89,98,81,62,11,23,50,49,88,96,60,82,32,41,2,5,1,3,64,27,71,36,87,53,95,83,18,56,46,92,84,93,90,97,54,68,29,0,22,43,76,75,91,94,99,39,24,9,13,35,86,48,4,40,66,80,67,85,77,57,52,15,10,33,63,34,70,42,78,51,79,55,14,26,17,44,59,61,69,28,45,12,8,25,74,31,65,20,58,7,47,16,72,73,6,30,37,21,19,38;2;98310
NearestNeighborhood;4;data/FIS100-4.txt;100;89,98,81,62,11,23,50,49,88,96,60,82,32,41,2,5,1,3,64,27,71,36,87,53,95,83,18,56,46,92,84,93,90,97,54,68,29,0,22,43,76,75,91,94,99,39,24,9,13,35,86,48,4,40,66,80,67,85,77,57,52,15,10,33,63,34,70,42,78,51,79,55,14,26,17,44,59,61,69,28,45,12,8,25,74,31,65,20,58,7,47,16,72,73,6,30,37,21,19,38;2;98310
NearestNeighborhood;5;data/FIS100-4.txt;100;89,98,81,62,11,23,50,49,88,96,60,82,32,41,2,5,1,3,64,27,71,36,87,53,95,83,18,56,46,92,84,93,90,97,54,68,29,0,22,43,76,75,91,94,99,39,24,9,13,35,86,48,4,40,66,80,67,85,77,57,52,15,10,33,63,34,70,42,78,51,79,55,14,26,17,44,59,61,69,28,45,12,8,25,74,31,65,20,58,7,47,16,72,73,6,30,37,21,19,38;2;98310
NearestNeighborhood;6;data/FIS100-4.txt;100;89,98,81,62,11,23,50,49,88,96,60,82,32,41,2,5,1,3,64,27,71,36,87,53,95,83,18,56,46,92,84,93,90,97,54,68,29,0,22,43,76,75,91,94,99,39,24,9,13,35,86,48,4,40,66,80,67,85,77,57,52,15,10,33,63,34,70,42,78,51,79,55,14,26,17,44,59,61,69,28,45,12,8,25,74,31,65,20,58,7,47,16,72,73,6,30,37,21,19,38;2;98310
NearestNeighborhood;7;data/FIS100-4.txt;100;89,98,81,62,11,23,50,49,88,96,60,82,32,41,2,5,1,3,64,27,71,36,87,53,95,83,18,56,46,92,84,93,90,97,54,68,29,0,22,43,76,75,91,94,99,39,24,9,13,35,86,48,4,40,66,80,67,85,77,57,52,15,10,33,63,34,70,42,78,51,79,55,14,26,17,44,59,61,69,28,45,12,8,25,74,31,65,20,58,7,47,16,72,73,6,30,37,21,19,38;2;98310
NearestNeighborhood;8;data/FIS100-4.txt;100;89,98,81,62,11,23,50,49,88,96,60,82,32,41,2,5,1,3,64,27,71,36,87,53,95,83,18,56,46,92,84,93,90,97,54,68,29,0,22,43,76,75,91,94,99,39,24,9,13,35,86,48,4,40,66,80,67,85,77,57,52,15,10,33,63,34,70,42,78,51,79,55,14,26,17,44,59,61,69,28,45,12,8,25,74,31,65,20,58,7,47,16,72,73,6,30,37,21,19,38;2;98310
NearestNeighborhood;9;data/FIS100-4.txt;100;89,98,81,62,11,23,50,49,88,96,60,82,32,41,2,5,1,3,64,27,71,36,87,53,95,83,18,56,46,92,84,93,90,97,54,68,29,0,22,43,76,75,91,94,99,39,24,9,13,35,86,48,4,40,66,80,67,85,77,57,52,15,10,33,63,34,70,42,78,51,79,55,14,26,17,44,59,61,69,28,45,12,8,25,74,31,65,20,58,7,47,16,72,73,6,30,37,21,19,38;2;98310
NearestNeighborhood;10;data/FIS100-4.txt;100;89,98,81,62,11,23,50,49,88,96,60,82,32,41,2,5,1,3,64,27,71,36,87,53,95,83,18,56,46,92,84,93,90,97,54,68,29,0,22,43,76,75,91,94,99,39,24,9,13,35,86,48,4,40,66,80,67,85,77,57,52,15,10,33,63,34,70,42,78,51,79,55,14,26,17,44,59,61,69,28,45,12,8,25,74,31,65,20,58,7,47,16,72,73,6,30,37,21,19,38;2;98310
NearestNeighborhood;11;data/FIS100-4.txt;100;89,98,81,62,11,23,50,49,88,96,60,82,32,41,2,5,1,3,64,27,71,36,87,53,95,83,18,56,46,92,84,93,90,97,54,68,29,0,22,43,76,75,91,94,99,39,24,9,13,35,86,48,4,40,66,80,67,85,77,57,52,15,10,33,63,34,70,42,78,51,79,55,14,26,17,44,59,61,69,28,45,12,8,25,74,31,65,20,58,7,47,16,72,73,6,30,37,21,19,38;2;98310
NearestNeighborhood;12;data/FIS100-4.txt;100;89,98,81,62,11,23,50,49,88,96,60,82,32,41,2,5,1,3,64,27,71,36,87,53,95,83,18,56,46,92,84,93,90,97,54,68,29,0,22,43,76,75,91,94,99,39,24,9,13,35,86,48,4,40,66,80,67,85,77,57,52,15,10,33,63,34,70,42,78,51,79,55,14,26,17,44,59,61,69,28,45,12,8,25,74,31,65,20,58,7,47,16,72,73,6,30,37,21,19,38;2;98310
NearestNeighborhood;13;data/FIS100-4.txt;100;89,98,81,62,11,23,50,49,88,96,60,82,32,41,2,5,1,3,64,27,71,36,87,53,95,83,18,56,46,92,84,93,90,97,54,68,29,0,22,43,76,75,91,94,99,39,24,9,13,35,86,48,4,40,66,80,67,85,77,57,52,15,10,33,63,34,70,42,78,51,79,55,14,26,17,44,59,61,69,28,45,12,8,25,74,31,65,20,58,7,47,16,72,73,6,30,37,21,19,38;2;98310
NearestNeighborhood;14;data/FIS100-4.txt;100;89,98,81,62,11,23,50,49,88,96,60,82,32,41,2,5,1,3,64,27,71,36,87,53,95,83,18,56,46,92,84,93,90,97,54,68,29,0,22,43,76,75,91,94,99,39,24,9,13,35,86,48,4,40,66,80,67,85,77,57,52,15,10,33,63,34,70,42,78,51,79,55,14,26,17,44,59,61,69,28,45,12,8,25,74,31,65,20,58,7,47,16,72,73,6,30,37,21,19,38;2;98310
NearestNeighborhood;15;data/FIS100-4.txt;100;89,98,81,62,11,23,50,49,88,96,60,82,32,41,2,5,1,3,64,27,71,36,87,53,95,83,18,56,46,92,84,93,90,97,54,68,29,0,22,43,76,75,91,94,99,39,24,9,13,35,86,48,4,40,66,80,67,85,77,57,52,15,10,33,63,34,70,42,78,51,79,55,14,26,17,44,59,61,69,28,45,12,8,25,74,31,65,20,58,7,47,16,72,73,6,30,37,21,19,38;2;98310
NearestNeighborhood;16;data/FIS100-4.txt;100;89,98,81,62,11,23,50,49,88,96,60,82,32,41,2,5,1,3,64,27,71,36,87,53,95,83,18,56,46,92,84,93,90,97,54,68,29,0,22,43,76,75,91,94,99,39,24,9,13,35,86,48,4,40,66,80,67,85,77,57,52,15,10,33,63,34,70,42,78,51,79,55,14,26,17,44,59,61,69,28,45,12,8,25,74,31,65,20,58,7,47,16,72,73,6,30,37,21,19,38;2;98310
NearestNeighborhood;17;data/FIS100-4.txt;100;89,98,81,62,11,23,50,49,88,96,60,82,32,41,2,5,1,3,64,27,71,36,87,53,95,83,18,56,46,92,84,93,90,97,54,68,29,0,22,43,76,75,91,94,99,39,24,9,13,35,86,48,4,40,66,80,67,85,77,57,52,15,10,33,63,34,70,42,78,51,79,55,14,26,17,44,59,61,69,28,45,12,8,25,74,31,65,20,58,7,47,16,72,73,6,30,37,21,19,38;2;98310
NearestNeighborhood;18;data/FIS100-4.txt;100;89,98,81,62,11,23,50,49,88,96,60,82,32,41,2,5,1,3,64,27,71,36,87,53,95,83,18,56,46,92,84,93,90,97,54,68,29,0,22,43,76,75,91,94,99,39,24,9,13,35,86,48,4,40,66,80,67,85,77,57,52,15,10,33,63,34,70,42,78,51,79,55,14,26,17,44,59,61,69,28,45,12,8,25,74,31,65,20,58,7,47,16,72,73,6,30,37,21,19,38;2;98310
NearestNeighborhood;19;data/FIS100-4.txt;100;89,98,81,62,11,23,50,49,88,96,60,82,32,41,2,5,1,3,64,27,71,36,87,53,95,83,18,56,46,92,84,93,90,97,54,68,29,0,22,43,76,75,91,94,99,39,24,9,13,35,86,48,4,40,66,80,67,85,77,57,52,15,10,33,63,34,70,42,78,51,79,55,14,26,17,44,59,61,69,28,45,12,8,25,74,31,65,20,58,7,47,16,72,73,6,30,37,21,19,38;2;98310
NearestNeighborhood;20;data/FIS100-4.txt;100;89,98,81,62,11,23,50,49,88,96,60,82,32,41,2,5,1,3,64,27,71,36,87,53,95,83,18,56,46,92,84,93,90,97,54,68,29,0,22,43,76,75,91,94,99,39,24,9,13,35,86,48,4,40,66,80,67,85,77,57,52,15,10,33,63,34,70,42,78,51,79,55,14,26,17,44,59,61,69,28,45,12,8,25,74,31,65,20,58,7,47,16,72,73,6,30,37,21,19,38;2;98310
NearestNeighborhood;21;data/FIS100-4.txt;100;89,98,81,62,11,23,50,49,88,96,60,82,32,41,2,5,1,3,64,27,71,36,87,53,95,83,18,56,46,92,84,93,90,97,54,68,29,0,22,43,76,75,91,94,99,39,24,9,13,35,86,48,4,40,66,80,67,85,77,57,52,15,10,33,63,34,70,42,78,51,79,55,14,26,17,44,59,61,69,28,45,12,8,25,74,31,65,20,58,7,47,16,72,73,6,30,37,21,19,38;2;98310
NearestNeighborhood;22;data/FIS100-4.txt;100;89,98,81,62,11,23,50,49,88,96,60,82,32,41,2,5,1,3,64,27,71,36,87,53,95,83,18,56,46,92,84,93,90,97,54,68,29,0,22,43,76,75,91,94,99,39,24,9,13,35,86,48,4,40,66,80,67,85,77,57,52,15,10,33,63,34,70,42,78,51,79,55,14,26,17,44,59,61,69,28,45,12,8,25,74,31,65,20,58,7,47,16,72,73,6,30,37,21,19,38;2;98310
NearestNeighborhood;23;data/FIS100-4.txt;100;89,98,81,62,11,23,50,49,88,96,60,82,32,41,2,5,1,3,64,27,71,36,87,53,95,83,18,56,46,92,84,93,90,97,54,68,29,0,22,43,76,75,91,94,99,39,24,9,13,35,86,48,4,40,66,80,67,85,77,57,52,15,10,33,63,34,70,42,78,51,79,55,14,26,17,44,59,61,69,28,45,12,8,25,74,31,65,20,58,7,47,16,72,73,6,30,37,21,19,38;2;98310
NearestNeighborhood;24;data/FIS100-4.txt;100;89,98,81,62,11,23,50,49,88,96,60,82,32,41,2,5,1,3,64,27,71,36,87,53,95,83,18,56,46,92,84,93,90,97,54,68,29,0,22,43,76,75,91,94,99,39,24,9,13,35,86,48,4,40,66,80,67,85,77,57,52,15,10,33,63,34,70,42,78,51,79,55,14,26,17,44,59,61,69,28,45,12,8,25,74,31,65,20,58,7,47,16,72,73,6,30,37,21,19,38;2;98310
NearestNeighborhood;25;data/FIS100-4.txt;100;89,98,81,62,11,23,50,49,88,96,60,82,32,41,2,5,1,3,64,27,71,36,87,53,95,83,18,56,46,92,84,93,90,97,54,68,29,0,22,43,76,75,91,94,99,39,24,9,13,35,86,48,4,40,66,80,67,85,77,57,52,15,10,33,63,34,70,42,78,51,79,55,14,26,17,44,59,61,69,28,45,12,8,25,74,31,65,20,58,7,47,16,72,73,6,30,37,21,19,38;2;98310
NearestNeighborhood;26;data/FIS100-4.txt;100;89,98,81,62,11,23,50,49,88,96,60,82,32,41,2,5,1,3,64,27,71,36,87,53,95,83,18,56,46,92,84,93,90,97,54,68,29,0,22,43,76,75,91,94,99,39,24,9,13,35,86,48,4,40,66,80,67,85,77,57,52,15,10,33,63,34,70,42,78,51,79,55,14,26,17,44,59,61,69,28,45,12,8,25,74,31,65,20,58,7,47,16,72,73,6,30,37,21,19,38;2;98310
NearestNeighborhood;27;data/FIS100-4.txt;100;89,98,81,62,11,23,50,49,88,96,60,82,32,41,2,5,1,3,64,27,71,36,87,53,95,83,18,56,46,92,84,93,90,97,54,68,29,0,22,43,76,75,91,94,99,39,24,9,13,35,86,48,4,40,66,80,67,85,77,57,52,15,10,33,63,34,70,42,78,51,79,55,14,26,17,44,59,61,69,28,45,12,8,25,74,31,65,20,58,7,47,16,72,73,6,30,37,21,19,38;2;98310
NearestNeighborhood;28;data/FIS100-4.txt;100;89,98,81,62,11,23,50,49,88,96,60,82,32,41,2,5,1,3,64,27,71,36,87,53,95,83,18,56,46,92,84,93,90,97,54,68,29,0,22,43,76,75,91,94,99,39,24,9,13,35,86,48,4,40,66,80,67,85,77,57,52,15,10,33,63,34,70,42,78,51,79,55,14,26,17,44,59,61,69,28,45,12,8,25,74,31,65,20,58,7,47,16,72,73,6,30,37,21,19,38;2;98310
NearestNeighborhood;29;data/FIS100-4.txt;100;89,98,81,62,11,23,50,49,88,96,60,82,32,41,2,5,1,3,64,27,71,36,87,53,95,83,18,56,46,92,84,93,90,97,54,68,29,0,22,43,76,75,91,94,99,39,24,9,13,35,86,48,4,40,66,80,67,85,77,57,52,15,10,33,63,34,70,42,78,51,79,55,14,26,17,44,59,61,69,28,45,12,8,25,74,31,65,20,58,7,47,16,72,73,6,30,37,21,19,38;2;98310
NearestNeighborhood;30;data/FIS100-4.txt;100;89,98,81,62,11,23,50,49,88,96,60,82,32,41,2,5,1,3,64,27,71,36,87,53,95,83,18,56,46,92,84,93,90,97,54,68,29,0,22,43,76,75,91,94,99,39,24,9,13,35,86,48,4,40,66,80,67,85,77,57,52,15,10,33,63,34,70,42,78,51,79,55,14,26,17,44,59,61,69,28,45,12,8,25,74,31,65,20,58,7,47,16,72,73,6,30,37,21,19,38;2;98310
CheapestInsertion;1;data/FIS50-0.txt;50;41,7,20,2,1,23,14,48,29,25,15,18,38,49,12,40,3,0,13,8,17,16,35,28,45,34,4,43,36,6,31,46,24,19,11,21,9,10,5,26,27,44,37,33,32,30,42,39,47,22;3;56446
CheapestInsertion;2;data/FIS50-0.txt;50;41,7,20,2,1,23,14,48,29,25,15,18,38,49,12,40,3,0,13,8,17,16,35,28,45,34,4,43,36,6,31,46,24,19,11,21,9,10,5,26,27,44,37,33,32,30,42,39,47,22;3;56446
CheapestInsertion;3;data/FIS50-0.txt;50;41,7,20,2,1,23,14,48,29,25,15,18,38,49,12,40,3,0,13,8,17,16,35,28,45,34,4,43,36,6,31,46,24,19,11,21,9,10,5,26,27,44,37,33,32,30,42,39,47,22;3;56446
CheapestInsertion;4;data/FIS50-0.txt;50;41,7,20,2,1,23,14,48,29,25,15,18,38,49,12,40,3,0,13,8,17,16,35,28,45,34,4,43,36,6,31,46,24,19,11,21,9,10,5,26,27,44,37,33,32,30,42,39,47,22;3;56446
CheapestInsertion;5;data/FIS50-0.txt;50;41,7,20,2,1,23,14,48,29,25,15,18,38,49,12,40,3,0,13,8,17,16,35,28,45,34,4,43,36,6,31,46,24,19,11,21,9,10,5,26,27,44,37,33,32,30,42,39,47,22;3;56446
CheapestInsertion;6;data/FIS50-0.txt;50;41,7,20,2,1,23,14,48,29,25,15,18,38,49,12,40,3,0,13,8,17,16,35,28,45,34,4,43,36,6,31,46,24,19,11,21,9,10,5,26,27,44,37,33,32,30,42,39,47,22;3;56446
CheapestInsertion;7;data/FIS50-0.txt;50;41,7,20,2,1,23,14,48,29,25,15,18,38,49,12,40,3,0,13,8,17,16,35,28,45,34,4,43,36,6,31,46,24,19,11,21,9,10,5,26,27,44,37,33,32,30,42,39,47,22;3;56446
CheapestInsertion;8;data/FIS50-0.txt;50;41,7,20,2,1,23,14,48,29,25,15,18,38,49,12,40,3,0,13,8,17,16,35,28,45,34,4,43,36,6,31,46,24,19,11,21,9,10,5,26,27,44,37,33,32,30,42,39,47,22;3;56446
CheapestInsertion;9;data/FIS50-0.txt;50;41,7,20,2,1,23,14,48,29,25,15,18,38,49,12,40,3,0,13,8,17,16,35,28,45,34,4,43,36,6,31,46,24,19,11,21,9,10,5,26,27,44,37,33,32,30,42,39,47,22;4;56446
CheapestInsertion;10;data/FIS50-0.txt;50;41,7,20,2,1,23,14,48,29,25,15,18,38,49,12,40,3,0,13,8,17,16,35,28,45,34,4,43,36,6,31,46,24,19,11,21,9,10,5,26,27,44,37,33,32,30,42,39,47,22;3;56446
CheapestInsertion;11;data/FIS50-0.txt;50;41,7,20,2,1,23,14,48,29,25,15,18,38,49,12,40,3,0,13,8,17,16,35,28,45,34,4,43,36,6,31,46,24,19,11,21,9,10,5,26,27,44,37,33,32,30,42,39,47,22;3;56446
CheapestInsertion;12;data/FIS50-0.txt;50;41,7,20,2,1,23,14,48,29,25,15,18,38,49,12,40,3,0,13,8,17,16,35,28,45,34,4,43,36,6,31,46,24,19,11,21,9,10,5,26,27,44,37,33,32,30,42,39,47,22;3;56446
CheapestInsertion;13;data/FIS50-0.txt;50;41,7,20,2,1,23,14,48,29,25,15,18,38,49,12,40,3,0,13,8,17,16,35,28,45,34,4,43,36,6,31,46,24,19,11,21,9,10,5,26,27,44,37,33,32,30,42,39,47,22;5;56446
CheapestInsertion;14;data/FIS50-0.txt;50;41,7,20,2,1,23,14,48,29,25,15,18,38,49,12,40,3,0,13,8,17,16,35,28,45,34,4,43,36,6,31,46,24,19,11,21,9,10,5,26,27,44,37,33,32,30,42,39,47,22;5;56446
CheapestInsertion;15;data/FIS50-0.txt;50;41,7,20,2,1,23,14,48,29,25,15,18,38,49,12,40,3,0,13,8,17,16,35,28,45,34,4,43,36,6,31,46,24,19,11,21,9,10,5,26,27,44,37,33,32,30,42,39,47,22;4;56446
CheapestInsertion;16;data/FIS50-0.txt;50;41,7,20,2,1,23,14,48,29,25,15,18,38,49,12,40,3,0,13,8,17,16,35,28,45,34,4,43,36,6,31,46,24,19,11,21,9,10,5,26,27,44,37,33,32,30,42,39,47,22;3;56446
CheapestInsertion;17;data/FIS50-0.txt;50;41,7,20,2,1,23,14,48,29,25,15,18,38,49,12,40,3,0,13,8,17,16,35,28,45,34,4,43,36,6,31,46,24,19,11,21,9,10,5,26,27,44,37,33,32,30,42,39,47,22;4;56446
CheapestInsertion;18;data/FIS50-0.txt;50;41,7,20,2,1,23,14,48,29,25,15,18,38,49,12,40,3,0,13,8,17,16,35,28,45,34,4,43,36,6,31,46,24,19,11,21,9,10,5,26,27,44,37,33,32,30,42,39,47,22;3;56446
CheapestInsertion;19;data/FIS50-0.txt;50;41,7,20,2,1,23,14,48,29,25,15,18,38,49,12,40,3,0,13,8,17,16,35,28,45,34,4,43,36,6,31,46,24,19,11,21,9,10,5,26,27,44,37,33,32,30,42,39,47,22;3;56446
CheapestInsertion;20;data/FIS50-0.txt;50;41,7,20,2,1,23,14,48,29,25,15,18,38,49,12,40,3,0,13,8,17,16,35,28,45,34,4,43,36,6,31,46,24,19,11,21,9,10,5,26,27,44,37,33,32,30,42,39,47,22;3;56446
CheapestInsertion;21;data/FIS50-0.txt;50;41,7,20,2,1,23,14,48,29,25,15,18,38,49,12,40,3,0,13,8,17,16,35,28,45,34,4,43,36,6,31,46,24,19,11,21,9,10,5,26,27,44,37,33,32,30,42,39,47,22;3;56446
CheapestInsertion;22;data/FIS50-0.txt;50;41,7,20,2,1,23,14,48,29,25,15,18,38,49,12,40,3,0,13,8,17,16,35,28,45,34,4,43,36,6,31,46,24,19,11,21,9,10,5,26,27,44,37,33,32,30,42,39,47,22;3;56446
CheapestInsertion;23;data/FIS50-0.txt;50;41,7,20,2,1,23,14,48,29,25,15,18,38,49,12,40,3,0,13,8,17,16,35,28,45,34,4,43,36,6,31,46,24,19,11,21,9,10,5,26,27,44,37,33,32,30,42,39,47,22;3;56446
CheapestInsertion;24;data/FIS50-0.txt;50;41,7,20,2,1,23,14,48,29,25,15,18,38,49,12,40,3,0,13,8,17,16,35,28,45,34,4,43,36,6,31,46,24,19,11,21,9,10,5,26,27,44,37,33,32,30,42,39,47,22;3;56446
CheapestInsertion;25;data/FIS50-0.txt;50;41,7,20,2,1,23,14,48,29,25,15,18,38,49,12,40,3,0,13,8,17,16,35,28,45,34,4,43,36,6,31,46,24,19,11,21,9,10,5,26,27,44,37,33,32,30,42,39,47,22;3;56446
CheapestInsertion;26;data/FIS50-0.txt;50;41,7,20,2,1,23,14,48,29,25,15,18,38,49,12,40,3,0,13,8,17,16,35,28,45,34,4,43,36,6,31,46,24,19,11,21,9,10,5,26,27,44,37,33,32,30,42,39,47,22;3;56446
CheapestInsertion;27;data/FIS50-0.txt;50;41,7,20,2,1,23,14,48,29,25,15,18,38,49,12,40,3,0,13,8,17,16,35,28,45,34,4,43,36,6,31,46,24,19,11,21,9,10,5,26,27,44,37,33,32,30,42,39,47,22;3;56446
CheapestInsertion;28;data/FIS50-0.txt;50;41,7,20,2,1,23,14,48,29,25,15,18,38,49,12,40,3,0,13,8,17,16,35,28,45,34,4,43,36,6,31,46,24,19,11,21,9,10,5,26,27,44,37,33,32,30,42,39,47,22;3;56446
CheapestInsertion;29;data/FIS50-0.txt;50;41,7,20,2,1,23,14,48,29,25,15,18,38,49,12,40,3,0,13,8,17,16,35,28,45,34,4,43,36,6,31,46,24,19,11,21,9,10,5,26,27,44,37,33,32,30,42,39,47,22;3;56446
CheapestInsertion;30;data/FIS50-0.txt;50;41,7,20,2,1,23,14,48,29,25,15,18,38,49,12,40,3,0,13,8,17,16,35,28,45,34,4,43,36,6,31,46,24,19,11,21,9,10,5,26,27,44,37,33,32,30,42,39,47,22;3;56446
CheapestInsertion;1;data/FIS50-1.txt;50;27,28,21,5,13,3,9,4,14,17,25,23,39,37,38,22,0,16,6,2,33,19,45,29,48,49,43,10,40,35,15,34,7,20,44,36,42,41,47,32,30,18,24,1,11,8,46,26,12,31;3;65375
CheapestInsertion;2;data/FIS50-1.txt;50;27,28,21,5,13,3,9,4,14,17,25,23,39,37,38,22,0,16,6,2,33,19,45,29,48,49,43,10,40,35,15,34,7,20,44,36,42,41,47,32,30,18,24,1,11,8,46,26,12,31;3;65375
CheapestInsertion;3;data/FIS50-1.txt;50;27,28,21,5,13,3,9,4,14,17,25,23,39,37,38,22,0,16,6,2,33,19,45,29,48,49,43,10,40,35,15,34,7,20,44,36,42,41,47,32,30,18,24,1,11,8,46,26,12,31;3;65375
CheapestInsertion;4;data/FIS50-1.txt;50;27,28,21,5,13,3,9,4,14,17,25,23,39,37,38,22,0,16,6,2,33,19,45,29,48,49,43,10,40,35,15,34,7,20,44,36,42,41,47,32,30,18,24,1,11,8,46,26,12,31;3;65375
CheapestInsertion;5;data/FIS50-1.txt;50;27,28,21,5,13,3,9,4,14,17,25,23,39,37,38,22,0,16,6,2,33,19,45,29,48,49,43,10,40,35,15,34,7,20,44,36,42,41,47,32,30,18,24,1,11,8,46,26,12,31;3;65375
CheapestInsertion;6;data/FIS50-1.txt;50;27,28,21,5,13,3,9,4,14,17,25,23,39,37,38,22,0,16,6,2,33,19,45,29,48,49,43,10,40,35,15,34,7,20,44,36,42,41,47,32,30,18,24,1,11,8,46,26,12,31;3;65375
CheapestInsertion;7;data/FIS50-1.txt;50;27,28,21,5,13,3,9,4,14,17,25,23,39,37,38,22,0,16,6,2,33,19,45,29,48,49,43,10,40,35,15,34,7,20,44,36,42,41,47,32,30,18,24,1,11,8,46,26,12,31;3;65375
CheapestInsertion;8;data/FIS50-1.txt;50;27,28,21,5,13,3,9,4,14,17,25,23,39,37,38,22,0,16,6,2,33,19,45,29,48,49,43,10,40,35,15,34,7,20,44,36,42,41,47,32,30,18,24,1,11,8,46,26,12,31;3;65375
CheapestInsertion;9;data/FIS50-1.txt;50;27,28,21,5,13,3,9,4,14,17,25,23,39,37,38,22,0,16,6,2,33,19,45,29,48,49,43,10,40,35,15,34,7,20,44,36,42,41,47,32,30,18,24,1,11,8,46,26,12,31;3;65375
CheapestInsertion;10;data/FIS50-1.txt;50;27,28,21,5,13,3,9,4,14,17,25,23,39,37,38,22,0,16,6,2,33,19,45,29,48,49,43,10,40,35,15,34,7,20,44,36,42,41,47,32,30,18,24,1,11,8,46,26,12,31;3;65375
CheapestInsertion;11;data/FIS50-1.txt;50;27,28,21,5,13,3,9,4,14,17,25,23,39,37,38,22,0,16,6,2,33,19,45,29,48,49,43,10,40,35,15,34,7,20,44,36,42,41,47,32,30,18,24,1,11,8,46,26,12,31;3;65375
CheapestInsertion;12;data/FIS50-1.txt;50;27,28,21,5,13,3,9,4,14,17,25,23,39,37,38,22,0,16,6,2,33,19,45,29,48,49,43,10,40,35,15,34,7,20,44,36,42,41,47,32,30,18,24,1,11,8,46,26,12,31;3;65375
CheapestInsertion;13;data/FIS50-1.txt;50;27,28,21,5,13,3,9,4,14,17,25,23,39,37,38,22,0,16,6,2,33,19,45,29,48,49,43,10,40,35,15,34,7,20,44,36,42,41,47,32,30,18,24,1,11,8,46,26,12,31;3;65375
CheapestInsertion;14;data/FIS50-1.txt;50;27,28,21,5,13,3,9,4,14,17,25,23,39,37,38,22,0,16,6,2,33,19,45,29,48,49,43,10,40,35,15,34,7,20,44,36,42,41,47,32,30,18,24,1,11,8,46,26,12,31;3;65375
CheapestInsertion;15;data/FIS50-1.txt;50;27,28,21,5,13,3,9,4,14,17,25,23,39,37,38,22,0,16,6,2,33,19,45,29,48,49,43,10,40,35,15,34,7,20,44,36,42,41,47,32,30,18,24,1,11,8,46,26,12,31;3;65375
CheapestInsertion;16;data/FIS50-1.txt;50;27,28,21,5,13,3,9,4,14,17,25,23,39,37,38,22,0,16,6,2,33,19,45,29,48,49,43,10,40,35,15,34,7,20,44,36,42,41,47,32,30,18,24,1,11,8,46,26,12,31;3;65375
CheapestInsertion;17;data/FIS50-1.txt;50;27,28,21,5,13,3,9,4,14,17,25,23,39,37,38,22,0,16,6,2,33,19,45,29,48,49,43,10,40,35,15,34,7,20,44,36,42,41,47,32,30,18,24,1,11,8,46,26,12,31;3;65375
CheapestInsertion;18;data/FIS50-1.txt;50;27,28,21,5,13,3,9,4,14,17,25,23,39,37,38,22,0,16,6,2,33,19,45,29,48,49,43,10,40,35,15,34,7,20,44,36,42,41,47,32,30,18,24,1,11,8,46,26,12,31;3;65375
CheapestInsertion;19;data/FIS50-1.txt;50;27,28,21,5,13,3,9,4,14,17,25,23,39,37,38,22,0,16,6,2,33,19,45,29,48,49,43,10,40,35,15,34,7,20,44,36,42,41,47,32,30,18,24,1,11,8,46,26,12,31;3;65375
CheapestInsertion;20;data/FIS50-1.txt;50;27,28,21,5,13,3,9,4,14,17,25,23,39,37,38,22,0,16,6,2,33,19,45,29,48,49,43,10,40,35,15,34,7,20,44,36,42,41,47,32,30,18,24,1,11,8,46,26,12,31;3;65375
CheapestInsertion;21;data/FIS50-1.txt;50;27,28,21,5,13,3,9,4,14,17,25,23,39,37,38,22,0,16,6,2,33,19,45,29,48,49,43,10,40,35,15,34,7,20,44,36,42,41,47,32,30,18,24,1,11,8,46,26,12,31;3;65375
CheapestInsertion;22;data/FIS50-1.txt;50;27,28,21,5,13,3,9,4,14,17,25,23,39,37,38,22,0,16,6,2,33,19,45,29,48,49,43,10,40,35,15,34,7,20,44,36,42,41,47,32,30,18,24,1,11,8,46,26,12,31;3;65375
CheapestInsertion;23;data/FIS50-1.txt;50;27,28,21,5,13,3,9,4,14,17,25,23,39,37,38,22,0,16,6,2,33,19,45,29,48,49,43,10,40,35,15,34,7,20,44,36,42,41,47,32,30,18,24,1,11,8,46,26,12,31;3;65375
CheapestInsertion;24;data/FIS50-1.txt;50;27,28,21,5,13,3,9,4,14,17,25,23,39,37,38,22,0,16,6,2,33,19,45,29,48,49,43,10,40,35,15,34,7,20,44,36,42,41,47,32,30,18,24,1,11,8,46,26,12,31;3;65375
CheapestInsertion;25;data/FIS50-1.txt;50;27,28,21,5,13,3,9,4,14,17,25,23,39,37,38,22,0,16,6,2,33,19,45,29,48,49,43,10,40,35,15,34,7,20,44,36,42,41,47,32,30,18,24,1,11,8,46,26,12,31;3;65375
CheapestInsertion;26;data/FIS50-1.txt;50;27,28,21,5,13,3,9,4,14,17,25,23,39,37,38,22,0,16,6,2,33,19,45,29,48,49,43,10,40,35,15,34,7,20,44,36,42,41,47,32,30,18,24,1,11,8,46,26,12,31;3;65375
CheapestInsertion;27;data/FIS50-1.txt;50;27,28,21,5,13,3,9,4,14,17,25,23,39,37,38,22,0,16,6,2,33,19,45,29,48,49,43,10,40,35,15,34,7,20,44,36,42,41,47,32,30,18,24,1,11,8,46,26,12,31;3;65375
CheapestInsertion;28;data/FIS50-1.txt;50;27,28,21,5,13,3,9,4,14,17,25,23,39,37,38,22,0,16,6,2,33,19,45,29,48,49,43,10,40,35,15,34,7,20,44,36,42,41,47,32,30,18,24,1,11,8,46,26,12,31;3;65375
CheapestInsertion;29;data/FIS50-1.txt;50;27,28,21,5,13,3,9,4,14,17,25,23,39,37,38,22,0,16,6,2,33,19,45,29,48,49,43,10,40,35,15,34,7,20,44,36,42,41,47,32,30,18,24,1,11,8,46,26,12,31;3;65375
CheapestInsertion;30;data/FIS50-1.txt;50;27,28,21,5,13,3,9,4,14,17,25,23,39,37,38,22,0,16,6,2,33,19,45,29,48,49,43,10,40,35,15,34,7,20,44,36,42,41,47,32,30,18,24,1,11,8,46,26,12,31;3;65375
CheapestInsertion;1;data/FIS50-2.txt;50;28,49,41,43,17,36,32,4,20,25,23,42,15,10,29,27,3,24,40,37,47,18,2,33,9,7,35,13,34,46,5,12,0,48,44,45,38,26,31,22,39,30,21,16,11,6,8,1,19,14;3;68485
CheapestInsertion;2;data/FIS50-2.txt;50;28,49,41,43,17,36,32,4,20,25,23,42,15,10,29,27,3,24,40,37,47,18,2,33,9,7,35,13,34,46,5,12,0,48,44,45,38,26,31,22,39,30,21,16,11,6,8,1,19,14;3;68485
CheapestInsertion;3;data/FIS50-2.txt;50;28,49,41,43,17,36,32,4,20,25,23,42,15,10,29,27,3,24,40,37,47,18,2,33,9,7,35,13,34,46,5,12,0,48,44,45,38,26,31,22,39,30,21,16,11,6,8,1,19,14;3;68485
CheapestInsertion;4;data/FIS50-2.txt;50;28,49,41,43,17,36,32,4,20,25,23,42,15,10,29,27,3,24,40,37,47,18,2,33,9,7,35,13,34,46,5,12,0,48,44,45,38,26,31,22,39,30,21,16,11,6,8,1,19,14;3;68485
CheapestInsertion;5;data/FIS50-2.txt;50;28,49,41,43,17,36,32,4,20,25,23,42,15,10,29,27,3,24,40,37,47,18,2,33,9,7,35,13,34,46,5,12,0,48,44,45,38,26,31,22,39,30,21,16,11,6,8,1,19,14;3;68485
CheapestInsertion;6;data/FIS50-2.txt;50;28,49,41,43,17,36,32,4,20,25,23,42,15,10,29,27,3,24,40,37,47,18,2,33,9,7,35,13,34,46,5,12,0,48,44,45,38,26,31,22,39,30,21,16,11,6,8,1,19,14;3;68485
CheapestInsertion;7;data/FIS50-2.txt;50;28,49,41,43,17,36,32,4,20,25,23,42,15,10,29,27,3,24,40,37,47,18,2,33,9,7,35,13,34,46,5,12,0,48,44,45,38,26,31,22,39,30,21,16,11,6,8,1,19,14;3;68485
CheapestInsertion;8;data/FIS50-2.txt;50;28,49,41,43,17,36,32,4,20,25,23,42,15,10,29,27,3,24,40,37,47,18,2,33,9,7,35,13,34,46,5,12,0,48,44,45,38,26,31,22,39,30,21,16,11,6,8,1,19,14;3;68485
CheapestInsertion;9;data/FIS50-2.txt;50;28,49,41,43,17,36,32,4,20,25,23,42,15,10,29,27,3,24,40,37,47,18,2,33,9,7,35,13,34,46,5,12,0,48,44,45,38,26,31,22,39,30,21,16,11,6,8,1,19,14;3;68485
CheapestInsertion;10;data/FIS50-2.txt;50;28,49,41,43,17,36,32,4,20,25,23,42,15,10,29,27,3,24,40,37,47,18,2,33,9,7,35,13,34,46,5,12,0,48,44,45,38,26,31,22,39,30,21,16,11,6,8,1,19,14;3;68485
CheapestInsertion;11;data/FIS50-2.txt;50;28,49,41,43,17,36,32,4,20,25,23,42,15,10,29,27,3,24,40,37,47,18,2,33,9,7,35,13,34,46,5,12,0,48,44,45,38,26,31,22,39,30,21,16,11,6,8,1,19,14;3;68485
CheapestInsertion;12;data/FIS50-2.txt;50;28,49,41,43,17,36,32,4,20,25,23,42,15,10,29,27,3,24,40,37,47,18,2,33,9,7,35,13,34,46,5,12,0,48,44,45,38,26,31,22,39,30,21,16,11,6,8,1,19,14;3;68485
CheapestInsertion;13;data/FIS50-2.txt;50;28,49,41,43,17,36,32,4,20,25,23,42,15,10,29,27,3,24,40,37,47,18,2,33,9,7,35,13,34,46,5,12,0,48,44,45,38,26,31,22,39,30,21,16,11,6,8,1,19,14;3;68485
CheapestInsertion;14;data/FIS50-2.txt;50;28,49,41,43,17,36,32,4,20,25,23,42,15,10,29,27,3,24,40,37,47,18,2,33,9,7,35,13,34,46,5,12,0,48,44,45,38,26,31,22,39,30,21,16,11,6,8,1,19,14;3;68485
CheapestInsertion;15;data/FIS50-2.txt;50;28,49,41,43,17,36,32,4,20,25,23,42,15,10,29,27,3,24,40,37,47,18,2,33,9,7,35,13,34,46,5,12,0,48,44,45,38,26,31,22,39,30,21,16,11,6,8,1,19,14;3;68485
CheapestInsertion;16;data/FIS50-2.txt;50;28,49,41,43,17,36,32,4,20,25,23,42,15,10,29,27,3,24,40,37,47,18,2,33,9,7,35,13,34,46,5,12,0,48,44,45,38,26,31,22,39,30,21,16,11,6,8,1,19,14;3;68485
CheapestInsertion;17;data/FIS50-2.txt;50;28,49,41,43,17,36,32,4,20,25,23,42,15,10,29,27,3,24,40,37,47,18,2,33,9,7,35,13,34,46,5,12,0,48,44,45,38,26,31,22,39,30,21,16,11,6,8,1,19,14;3;68485
CheapestInsertion;18;data/FIS50-2.txt;50;28,49,41,43,17,36,32,4,20,25,23,42,15,10,29,27,3,24,40,37,47,18,2,33,9,7,35,13,34,46,5,12,0,48,44,45,38,26,31,22,39,30,21,16,11,6,8,1,19,14;3;68485
CheapestInsertion;19;data/FIS50-2.txt;50;28,49,41,43,17,36,32,4,20,25,23,42,15,10,29,27,3,24,40,37,47,18,2,33,9,7,35,13,34,46,5,12,0,48,44,45,38,26,31,22,39,30,21,16,11,6,8,1,19,14;3;68485
CheapestInsertion;20;data/FIS50-2.txt;50;28,49,41,43,17,36,32,4,20,25,23,42,15,10,29,27,3,24,40,37,47,18,2,33,9,7,35,13,34,46,5,12,0,48,44,45,38,26,31,22,39,30,21,16,11,6,8,1,19,14;3;68485
CheapestInsertion;21;data/FIS50-2.txt;50;28,49,41,43,17,36,32,4,20,25,23,42,15,10,29,27,3,24,40,37,47,18,2,33,9,7,35,13,34,46,5,12,0,48,44,45,38,26,31,22,39,30,21,16,11,6,8,1,19,14;3;68485
CheapestInsertion;22;data/FIS50-2.txt;50;28,49,41,43,17,36,32,4,20,25,23,42,15,10,29,27,3,24,40,37,47,18,2,33,9,7,35,13,34,46,5,12,0,48,44,45,38,26,31,22,39,30,21,16,11,6,8,1,19,14;3;68485
CheapestInsertion;23;data/FIS50-2.txt;50;28,49,41,43,17,36,32,4,20,25,23,42,15,10,29,27,3,24,40,37,47,18,2,33,9,7,35,13,34,46,5,12,0,48,44,45,38,26,31,22,39,30,21,16,11,6,8,1,19,14;3;68485
CheapestInsertion;24;data/FIS50-2.txt;50;28,49,41,43,17,36,32,4,20,25,23,42,15,10,29,27,3,24,40,37,47,18,2,33,9,7,35,13,34,46,5,12,0,48,44,45,38,26,31,22,39,30,21,16,11,6,8,1,19,14;3;68485
CheapestInsertion;25;data/FIS50-2.txt;50;28,49,41,43,17,36,32,4,20,25,23,42,15,10,29,27,3,24,40,37,47,18,2,33,9,7,35,13,34,46,5,12,0,48,44,45,38,26,31,22,39,30,21,16,11,6,8,1,19,14;3;68485
CheapestInsertion;26;data/FIS50-2.txt;50;28,49,41,43,17,36,32,4,20,25,23,42,15,10,29,27,3,24,40,37,47,18,2,33,9,7,35,13,34,46,5,12,0,48,44,45,38,26,31,22,39,30,21,16,11,6,8,1,19,14;3;68485
CheapestInsertion;27;data/FIS50-2.txt;50;28,49,41,43,17,36,32,4,20,25,23,42,15,10,29,27,3,24,40,37,47,18,2,33,9,7,35,13,34,46,5,12,0,48,44,45,38,26,31,22,39,30,21,16,11,6,8,1,19,14;3;68485
CheapestInsertion;28;data/FIS50-2.txt;50;28,49,41,43,17,36,32,4,20,25,23,42,15,10,29,27,3,24,40,37,47,18,2,33,9,7,35,13,34,46,5,12,0,48,44,45,38,26,31,22,39,30,21,16,11,6,8,1,19,14;3;68485
CheapestInsertion;29;data/FIS50-2.txt;50;28,49,41,43,17,36,32,4,20,25,23,42,15,10,29,27,3,24,40,37,47,18,2,33,9,7,35,13,34,46,5,12,0,48,44,45,38,26,31,22,39,30,21,16,11,6,8,1,19,14;3;68485
CheapestInsertion;30;data/FIS50-2.txt;50;28,49,41,43,17,36,32,4,20,25,23,42,15,10,29,27,3,24,40,37,47,18,2,33,9,7,35,13,34,46,5,12,0,48,44,45,38,26,31,22,39,30,21,16,11,6,8,1,19,14;3;68485
CheapestInsertion;1;data/FIS50-3.txt;50;5,14,11,26,12,4,2,1,20,31,21,27,10,28,35,38,36,46,33,43,8,42,23,44,30,37,39,48,41,49,19,40,45,24,34,13,0,15,7,25,6,18,16,3,22,17,29,32,47,9;3;63566
CheapestInsertion;2;data/FIS50-3.txt;50;5,14,11,26,12,4,2,1,20,31,21,27,10,28,35,38,36,46,33,43,8,42,23,44,30,37,39,48,41,49,19,40,45,24,34,13,0,15,7,25,6,18,16,3,22,17,29,32,47,9;3;63566
CheapestInsertion;3;data/FIS50-3.txt;50;5,14,11,26,12,4,2,1,20,31,21,27,10,28,35,38,36,46,33,43,8,42,23,44,30,37,39,48,41,49,19,40,45,24,34,13,0,15,7,25,6,18,16,3,22,17,29,32,47,9;3;63566
CheapestInsertion;4;data/FIS50-3.txt;50;5,14,11,26,12,4,2,1,20,31,21,27,10,28,35,38,36,46,33,43,8,42,23,44,30,37,39,48,41,49,19,40,45,24,34,13,0,15,7,25,6,18,16,3,22,17,29,32,47,9;3;63566
CheapestInsertion;5;data/FIS50-3.txt;50;5,14,11,26,12,4,2,1,20,31,21,27,10,28,35,38,36,46,33,43,8,42,23,44,30,37,39,48,41,49,19,40,45,24,34,13,0,15,7,25,6,18,16,3,22,17,29,32,47,9;3;63566
CheapestInsertion;6;data/FIS50-3.txt;50;5,14,11,26,12,4,2,1,20,31,21,27,10,28,35,38,36,46,33,43,8,42,23,44,30,37,39,48,41,49,19,40,45,24,34,13,0,15,7,25,6,18,16,3,22,17,29,32,47,9;3;63566
CheapestInsertion;7;data/FIS50-3.txt;50;5,14,11,26,12,4,2,1,20,31,21,27,10,28,35,38,36,46,33,43,8,42,23,44,30,37,39,48,41,49,19,40,45,24,34,13,0,15,7,25,6,18,16,3,22,17,29,32,47,9;3;63566
CheapestInsertion;8;data/FIS50-3.txt;50;5,14,11,26,12,4,2,1,20,31,21,27,10,28,35,38,36,46,33,43,8,42,23,44,30,37,39,48,41,49,19,40,45,24,34,13,0,15,7,25,6,18,16,3,22,17,29,32,47,9;3;63566
CheapestInsertion;9;data/FIS50-3.txt;50;5,14,11,26,12,4,2,1,20,31,21,27,10,28,35,38,36,46,33,43,8,42,23,44,30,37,39,48,41,49,19,40,45,24,34,13,0,15,7,25,6,18,16,3,22,17,29,32,47,9;3;63566
CheapestInsertion;10;data/FIS50-3.txt;50;5,14,11,26,12,4,2,1,20,31,21,27,10,28,35,38,36,46,33,43,8,42,23,44,30,37,39,48,41,49,19,40,45,24,34,13,0,15,7,25,6,18,16,3,22,17,29,32,47,9;3;63566
CheapestInsertion;11;data/FIS50-3.txt;50;5,14,11,26,12,4,2,1,20,31,21,27,10,28,35,38,36,46,33,43,8,42,23,44,30,37,39,48,41,49,19,40,45,24,34,13,0,15,7,25,6,18,16,3,22,17,29,32,47,9;3;63566
CheapestInsertion;12;data/FIS50-3.txt;50;5,14,11,26,12,4,2,1,20,31,21,27,10,28,35,38,36,46,33,43,8,42,23,44,30,37,39,48,41,49,19,40,45,24,34,13,0,15,7,25,6,18,16,3,22,17,29,32,47,9;3;63566
CheapestInsertion;13;data/FIS50-3.txt;50;5,14,11,26,12,4,2,1,20,31,21,27,10,28,35,38,36,46,33,43,8,42,23,44,30,37,39,48,41,49,19,40,45,24,34,13,0,15,7,25,6,18,16,3,22,17,29,32,47,9;3;63566
CheapestInsertion;14;data/FIS50-3.txt;50;5,14,11,26,12,4,2,1,20,31,21,27,10,28,35,38,36,46,33,43,8,42,23,44,30,37,39,48,41,49,19,40,45,24,34,13,0,15,7,25,6,18,16,3,22,17,29,32,47,9;3;63566
CheapestInsertion;15;data/FIS50-3.txt;50;5,14,11,26,12,4,2,1,20,31,21,27,10,28,35,38,36,46,33,43,8,42,23,44,30,37,39,48,41,49,19,40,45,24,34,13,0,15,7,25,6,18,16,3,22,17,29,32,47,9;3;63566
CheapestInsertion;16;data/FIS50-3.txt;50;5,14,11,26,12,4,2,1,20,31,21,27,10,28,35,38,36,46,33,43,8,42,23,44,30,37,39,48,41,49,19,40,45,24,34,13,0,15,7,25,6,18,16,3,22,17,29,32,47,9;3;63566
CheapestInsertion;17;data/FIS50-3.txt;50;5,14,11,26,12,4,2,1,20,31,21,27,10,28,35,38,36,46,33,43,8,42,23,44,30,37,39,48,41,49,19,40,45,24,34,13,0,15,7,25,6,18,16,3,22,17,29,32,47,9;3;63566
CheapestInsertion;18;data/FIS50-3.txt;50;5,14,11,26,12,4,2,1,20,31,21,27,10,28,35,38,36,46,33,43,8,42,23,44,30,37,39,48,41,49,19,40,45,24,34,13,0,15,7,25,6,18,16,3,22,17,29,32,47,9;3;63566
CheapestInsertion;19;data/FIS50-3.txt;50;5,14,11,26,12,4,2,1,20,31,21,27,10,28,35,38,36,46,33,43,8,42,23,44,30,37,39,48,41,49,19,40,45,24,34,13,0,15,7,25,6,18,16,3,22,17,29,32,47,9;3;63566
CheapestInsertion;20;data/FIS50-3.txt;50;5,14,11,26,12,4,2,1,20,31,21,27,10,28,35,38,36,46,33,43,8,42,23,44,30,37,39,48,41,49,19,40,45,24,34,13,0,15,7,25,6,18,16,3,22,17,29,32,47,9;3;63566
CheapestInsertion;21;data/FIS50-3.txt;50;5,14,11,26,12,4,2,1,20,31,21,27,10,28,35,38,36,46,33,43,8,42,23,44,30,37,39,48,41,49,19,40,45,24,34,13,0,15,7,25,6,18,16,3,22,17,29,32,47,9;3;63566
CheapestInsertion;22;data/FIS50-3.txt;50;5,14,11,26,12,4,2,1,20,31,21,27,10,28,35,38,36,46,33,43,8,42,23,44,30,37,39,48,41,49,19,40,45,24,34,13,0,15,7,25,6,18,16,3,22,17,29,32,47,9;3;63566
CheapestInsertion;23;data/FIS50-3.txt;50;5,14,11,26,12,4,2,1,20,31,21,27,10,28,35,38,36,46,33,43,8,42,23,44,30,37,39,48,41,49,19,40,45,24,34,13,0,15,7,25,6,18,16,3,22,17,29,32,47,9;3;63566
CheapestInsertion;24;data/FIS50-3.txt;50;5,14,11,26,12,4,2,1,20,31,21,27,10,28,35,38,36,46,33,43,8,42,23,44,30,37,39,48,41,49,19,40,45,24,34,13,0,15,7,25,6,18,16,3,22,17,29,32,47,9;3;63566
CheapestInsertion;25;data/FIS50-3.txt;50;5,14,11,26,12,4,2,1,20,31,21,27,10,28,35,38,36,46,33,43,8,42,23,44,30,37,39,48,41,49,19,40,45,24,34,13,0,15,7,25,6,18,16,3,22,17,29,32,47,9;3;63566
CheapestInsertion;26;data/FIS50-3.txt;50;5,14,11,26,12,4,2,1,20,31,21,27,10,28,35,38,36,46,33,43,8,42,23,44,30,37,39,48,41,49,19,40,45,24,34,13,0,15,7,25,6,18,16,3,22,17,29,32,47,9;3;63566
CheapestInsertion;27;data/FIS50-3.txt;50;5,14,11,26,12,4,2,1,20,31,21,27,10,28,35,38,36,46,33,43,8,42,23,44,30,37,39,48,41,49,19,40,45,24,34,13,0,15,7,25,6,18,16,3,22,17,29,32,47,9;3;63566
CheapestInsertion;28;data/FIS50-3.txt;50;5,14,11,26,12,4,2,1,20,31,21,27,10,28,35,38,36,46,33,43,8,42,23,44,30,37,39,48,41,49,19,40,45,24,34,13,0,15,7,25,6,18,16,3,22,17,29,32,47,9;3;63566
CheapestInsertion;29;data/FIS50-3.txt;50;5,14,11,26,12,4,2,1,20,31,21,27,10,28,35,38,36,46,33,43,8,42,23,44,30,37,39,48,41,49,19,40,45,24,34,13,0,15,7,25,6,18,16,3,22,17,29,32,47,9;3;63566
CheapestInsertion;30;data/FIS50-3.txt;50;5,14,11,26,12,4,2,1,20,31,21,27,10,28,35,38,36,46,33,43,8,42,23,44,30,37,39,48,41,49,19,40,45,24,34,13,0,15,7,25,6,18,16,3,22,17,29,32,47,9;3;63566
CheapestInsertion;1;data/FIS50-4.txt;50;7,25,23,46,31,48,38,37,34,21,18,27,13,9,15,29,12,1,8,5,11,3,6,20,36,33,42,35,0,24,2,39,14,41,49,43,19,32,10,30,4,22,45,44,47,28,40,17,26,16;3;72587
CheapestInsertion;2;data/FIS50-4.txt;50;7,25,23,46,31,48,38,37,34,21,18,27,13,9,15,29,12,1,8,5,11,3,6,20,36,33,42,35,0,24,2,39,14,41,49,43,19,32,10,30,4,22,45,44,47,28,40,17,26,16;3;72587
CheapestInsertion;3;data/FIS50-4.txt;50;7,25,23,46,31,48,38,37,34,21,18,27,13,9,15,29,12,1,8,5,11,3,6,20,36,33,42,35,0,24,2,39,14,41,49,43,19,32,10,30,4,22,45,44,47,28,40,17,26,16;3;72587
CheapestInsertion;4;data/FIS50-4.txt;50;7,25,23,46,31,48,38,37,34,21,18,27,13,9,15,29,12,1,8,5,11,3,6,20,36,33,42,35,0,24,2,39,14,41,49,43,19,32,10,30,4,22,45,44,47,28,40,17,26,16;3;72587
CheapestInsertion;5;data/FIS50-4.txt;50;7,25,23,46,31,48,38,37,34,21,18,27,13,9,15,29,12,1,8,5,11,3,6,20,36,33,42,35,0,24,2,39,14,41,49,43,19,32,10,30,4,22,45,44,47,28,40,17,26,16;3;72587
CheapestInsertion;6;data/FIS50-4.txt;50;7,25,23,46,31,48,38,37,34,21,18,27,13,9,15,29,12,1,8,5,11,3,6,20,36,33,42,35,0,24,2,39,14,41,49,43,19,32,10,30,4,22,45,44,47,28,40,17,26,16;3;72587
CheapestInsertion;7;data/FIS50-4.txt;50;7,25,23,46,31,48,38,37,34,21,18,27,13,9,15,29,12,1,8,5,11,3,6,20,36,33,42,35,0,24,2,39,14,41,49,43,19,32,10,30,4,22,45,44,47,28,40,17,26,16;3;72587
CheapestInsertion;8;data/FIS50-4.txt;50;7,25,23,46,31,48,38,37,34,21,18,27,13,9,15,29,12,1,8,5,11,3,6,20,36,33,42,35,0,24,2,39,14,41,49,43,19,32,10,30,4,22,45,44,47,28,40,17,26,16;3;72587
CheapestInsertion;9;data/FIS50-4.txt;50;7,25,23,46,31,48,38,37,34,21,18,27,13,9,15,29,12,1,8,5,11,3,6,20,36,33,42,35,0,24,2,39,14,41,49,43,19,32,10,30,4,22,45,44,47,28,40,17,26,16;4;72587
CheapestInsertion;10;data/FIS50-4.txt;50;7,25,23,46,31,48,38,37,34,21,18,27,13,9,15,29,12,1,8,5,11,3,6,20,36,33,42,35,0,24,2,39,14,41,49,43,19,32,10,30,4,22,45,44,47,28,40,17,26,16;3;72587
CheapestInsertion;11;data/FIS50-4.txt;50;7,25,23,46,31,48,38,37,34,21,18,27,13,9,15,29,12,1,8,5,11,3,6,20,36,33,42,35,0,24,2,39,14,41,49,43,19,32,10,30,4,22,45,44,47,28,40,17,26,16;3;72587
CheapestInsertion;12;data/FIS50-4.txt;50;7,25,23,46,31,48,38,37,34,21,18,27,13,9,15,29,12,1,8,5,11,3,6,20,36,33,42,35,0,24,2,39,14,41,49,43,19,32,10,30,4,22,45,44,47,28,40,17,26,16;3;72587
CheapestInsertion;13;data/FIS50-4.txt;50;7,25,23,46,31,48,38,37,34,21,18,27,13,9,15,29,12,1,8,5,11,3,6,20,36,33,42,35,0,24,2,39,14,41,49,43,19,32,10,30,4,22,45,44,47,28,40,17,26,16;3;72587
CheapestInsertion;14;data/FIS50-4.txt;50;7,25,23,46,31,48,38,37,34,21,18,27,13,9,15,29,12,1,8,5,11,3,6,20,36,33,42,35,0,24,2,39,14,41,49,43,19,32,10,30,4,22,45,44,47,28,40,17,26,16;3;72587
CheapestInsertion;15;data/FIS50-4.txt;50;7,25,23,46,31,48,38,37,34,21,18,27,13,9,15,29,12,1,8,5,11,3,6,20,36,33,42,35,0,24,2,39,14,41,49,43,19,32,10,30,4,22,45,44,47,28,40,17,26,16;3;72587
CheapestInsertion;16;data/FIS50-4.txt;50;7,25,23,46,31,48,38,37,34,21,18,27,13,9,15,29,12,1,8,5,11,3,6,20,36,33,42,35,0,24,2,39,14,41,49,43,19,32,10,30,4,22,45,44,47,28,40,17,26,16;3;72587
CheapestInsertion;17;data/FIS50-4.txt;50;7,25,23,46,31,48,38,37,34,21,18,27,13,9,15,29,12,1,8,5,11,3,6,20,36,33,42,35,0,24,2,39,14,41,49,43,19,32,10,30,4,22,45,44,47,28,40,17,26,16;3;72587
CheapestInsertion;18;data/FIS50-4.txt;50;7,25,23,46,31,48,38,37,34,21,18,27,13,9,15,29,12,1,8,5,11,3,6,20,36,33,42,35,0,24,2,39,14,41,49,43,19,32,10,30,4,22,45,44,47,28,40,17,26,16;3;72587
CheapestInsertion;19;data/FIS50-4.txt;50;7,25,23,46,31,48,38,37,34,21,18,27,13,9,15,29,12,1,8,5,11,3,6,20,36,33,42,35,0,24,2,39,14,41,49,43,19,32,10,30,4,22,45,44,47,28,40,17,26,16;3;72587
CheapestInsertion;20;data/FIS50-4.txt;50;7,25,23,46,31,48,38,37,34,21,18,27,13,9,15,29,12,1,8,5,11,3,6,20,36,33,42,35,0,24,2,39,14,41,49,43,19,32,10,30,4,22,45,44,47,28,40,17,26,16;3;72587
CheapestInsertion;21;data/FIS50-4.txt;50;7,25,23,46,31,48,38,37,34,21,18,27,13,9,15,29,12,1,8,5,11,3,6,20,36,33,42,35,0,24,2,39,14,41,49,43,19,32,10,30,4,22,45,44,47,28,40,17,26,16;3;72587
CheapestInsertion;22;data/FIS50-4.txt;50;7,25,23,46,31,48,38,37,34,21,18,27,13,9,15,29,12,1,8,5,11,3,6,20,36,33,42,35,0,24,2,39,14,41,49,43,19,32,10,30,4,22,45,44,47,28,40,17,26,16;3;72587
CheapestInsertion;23;data/FIS50-4.txt;50;7,25,23,46,31,48,38,37,34,21,18,27,13,9,15,29,12,1,8,5,11,3,6,20,36,33,42,35,0,24,2,39,14,41,49,43,19,32,10,30,4,22,45,44,47,28,40,17,26,16;3;72587
CheapestInsertion;24;data/FIS50-4.txt;50;7,25,23,46,31,48,38,37,34,21,18,27,13,9,15,29,12,1,8,5,11,3,6,20,36,33,42,35,0,24,2,39,14,41,49,43,19,32,10,30,4,22,45,44,47,28,40,17,26,16;3;72587
CheapestInsertion;25;data/FIS50-4.txt;50;7,25,23,46,31,48,38,37,34,21,18,27,13,9,15,29,12,1,8,5,11,3,6,20,36,33,42,35,0,24,2,39,14,41,49,43,19,32,10,30,4,22,45,44,47,28,40,17,26,16;3;72587
CheapestInsertion;26;data/FIS50-4.txt;50;7,25,23,46,31,48,38,37,34,21,18,27,13,9,15,29,12,1,8,5,11,3,6,20,36,33,42,35,0,24,2,39,14,41,49,43,19,32,10,30,4,22,45,44,47,28,40,17,26,16;3;72587
CheapestInsertion;27;data/FIS50-4.txt;50;7,25,23,46,31,48,38,37,34,21,18,27,13,9,15,29,12,1,8,5,11,3,6,20,36,33,42,35,0,24,2,39,14,41,49,43,19,32,10,30,4,22,45,44,47,28,40,17,26,16;3;72587
CheapestInsertion;28;data/FIS50-4.txt;50;7,25,23,46,31,48,38,37,34,21,18,27,13,9,15,29,12,1,8,5,11,3,6,20,36,33,42,35,0,24,2,39,14,41,49,43,19,32,10,30,4,22,45,44,47,28,40,17,26,16;3;72587
CheapestInsertion;29;data/FIS50-4.txt;50;7,25,23,46,31,48,38,37,34,21,18,27,13,9,15,29,12,1,8,5,11,3,6,20,36,33,42,35,0,24,2,39,14,41,49,43,19,32,10,30,4,22,45,44,47,28,40,17,26,16;3;72587
CheapestInsertion;30;data/FIS50-4.txt;50;7,25,23,46,31,48,38,37,34,21,18,27,13,9,15,29,12,1,8,5,11,3,6,20,36,33,42,35,0,24,2,39,14,41,49,43,19,32,10,30,4,22,45,44,47,28,40,17,26,16;3;72587
CheapestInsertion;1;data/FIS75-0.txt;75;16,50,31,58,63,69,0,3,1,29,45,33,54,8,4,6,68,37,43,20,17,48,12,14,13,10,25,18,52,30,59,44,61,39,64,38,57,28,26,23,9,2,11,7,46,53,42,40,24,5,15,34,19,51,21,71,41,72,70,65,67,55,27,32,22,36,35,47,73,66,74,60,62,56,49;12;93870
CheapestInsertion;2;data/FIS75-0.txt;75;16,50,31,58,63,69,0,3,1,29,45,33,54,8,4,6,68,37,43,20,17,48,12,14,13,10,25,18,52,30,59,44,61,39,64,38,57,28,26,23,9,2,11,7,46,53,42,40,24,5,15,34,19,51,21,71,41,72,70,65,67,55,27,32,22,36,35,47,73,66,74,60,62,56,49;13;93870
CheapestInsertion;3;data/FIS75-0.txt;75;16,50,31,58,63,69,0,3,1,29,45,33,54,8,4,6,68,37,43,20,17,48,12,14,13,10,25,18,52,30,59,44,61,39,64,38,57,28,26,23,9,2,11,7,46,53,42,40,24,5,15,34,19,51,21,71,41,72,70,65,67,55,27,32,22,36,35,47,73,66,74,60,62,56,49;13;93870
CheapestInsertion;4;data/FIS75-0.txt;75;16,50,31,58,63,69,0,3,1,29,45,33,54,8,4,6,68,37,43,20,17,48,12,14,13,10,25,18,52,30,59,44,61,39,64,38,57,28,26,23,9,2,11,7,46,53,42,40,24,5,15,34,19,51,21,71,41,72,70,65,67,55,27,32,22,36,35,47,73,66,74,60,62,56,49;13;93870
CheapestInsertion;5;data/FIS75-0.txt;75;16,50,31,58,63,69,0,3,1,29,45,33,54,8,4,6,68,37,43,20,17,48,12,14,13,10,25,18,52,30,59,44,61,39,64,38,57,28,26,23,9,2,11,7,46,53,42,40,24,5,15,34,19,51,21,71,41,72,70,65,67,55,27,32,22,36,35,47,73,66,74,60,62,56,49;12;93870
CheapestInsertion;6;data/FIS75-0.txt;75;16,50,31,58,63,69,0,3,1,29,45,33,54,8,4,6,68,37,43,20,17,48,12,14,13,10,25,18,52,30,59,44,61,39,64,38,57,28,26,23,9,2,11,7,46,53,42,40,24,5,15,34,19,51,21,71,41,72,70,65,67,55,27,32,22,36,35,47,73,66,74,60,62,56,49;13;93870
CheapestInsertion;7;data/FIS75-0.txt;75;16,50,31,58,63,69,0,3,1,29,45,33,54,8,4,6,68,37,43,20,17,48,12,14,13,10,25,18,52,30,59,44,61,39,64,38,57,28,26,23,9,2,11,7,46,53,42,40,24,5,15,34,19,51,21,71,41,72,70,65,67,55,27,32,22,36,35,47,73,66,74,60,62,56,49;13;93870
CheapestInsertion;8;data/FIS75-0.txt;75;16,50,31,58,63,69,0,3,1,29,45,33,54,8,4,6,68,37,43,20,17,48,12,14,13,10,25,18,52,30,59,44,61,39,64,38,57,28,26,23,9,2,11,7,46,53,42,40,24,5,15,34,19,51,21,71,41,72,70,65,67,55,27,32,22,36,35,47,73,66,74,60,62,56,49;13;93870
CheapestInsertion;9;data/FIS75-0.txt;75;16,50,31,58,63,69,0,3,1,29,45,33,54,8,4,6,68,37,43,20,17,48,12,14,13,10,25,18,52,30,59,44,61,39,64,38,57,28,26,23,9,2,11,7,46,53,42,40,24,5,15,34,19,51,21,71,41,72,70,65,67,55,27,32,22,36,35,47,73,66,74,60,62,56,49;13;93870
CheapestInsertion;10;data/FIS75-0.txt;75;16,50,31,58,63,69,0,3,1,29,45,33,54,8,4,6,68,37,43,20,17,48,12,14,13,10,25,18,52,30,59,44,61,39,64,38,57,28,26,23,9,2,11,7,46,53,42,40,24,5,15,34,19,51,21,71,41,72,70,65,67,55,27,32,22,36,35,47,73,66,74,60,62,56,49;12;93870
CheapestInsertion;11;data/FIS75-0.txt;75;16,50,31,58,63,69,0,3,1,29,45,33,54,8,4,6,68,37,43,20,17,48,12,14,13,10,25,18,52,30,59,44,61,39,64,38,57,28,26,23,9,2,11,7,46,53,42,40,24,5,15,34,19,51,21,71,41,72,70,65,67,55,27,32,22,36,35,47,73,66,74,60,62,56,49;13;93870
CheapestInsertion;12;data/FIS75-0.txt;75;16,50,31,58,63,69,0,3,1,29,45,33,54,8,4,6,68,37,43,20,17,48,12,14,13,10,25,18,52,30,59,44,61,39,64,38,57,28,26,23,9,2,11,7,46,53,42,40,24,5,15,34,19,51,21,71,41,72,70,65,67,55,27,32,22,36,35,47,73,66,74,60,62,56,49;13;93870
CheapestInsertion;13;data/FIS75-0.txt;75;16,50,31,58,63,69,0,3,1,29,45,33,54,8,4,6,68,37,43,20,17,48,12,14,13,10,25,18,52,30,59,44,61,39,64,38,57,28,26,23,9,2,11,7,46,53,42,40,24,5,15,34,19,51,21,71,41,72,70,65,67,55,27,32,22,36,35,47,73,66,74,60,62,56,49;13;93870
CheapestInsertion;14;data/FIS75-0.txt;75;16,50,31,58,63,69,0,3,1,29,45,33,54,8,4,6,68,37,43,20,17,48,12,14,13,10,25,18,52,30,59,44,61,39,64,38,57,28,26,23,9,2,11,7,46,53,42,40,24,5,15,34,19,51,21,71,41,72,70,65,67,55,27,32,22,36,35,47,73,66,74,60,62,56,49;13;93870
CheapestInsertion;15;data/FIS75-0.txt;75;16,50,31,58,63,69,0,3,1,29,45,33,54,8,4,6,68,37,43,20,17,48,12,14,13,10,25,18,52,30,59,44,61,39,64,38,57,28,26,23,9,2,11,7,46,53,42,40,24,5,15,34,19,51,21,71,41,72,70,65,67,55,27,32,22,36,35,47,73,66,74,60,62,56,49;12;93870
CheapestInsertion;16;data/FIS75-0.txt;75;16,50,31,58,63,69,0,3,1,29,45,33,54,8,4,6,68,37,43,20,17,48,12,14,13,10,25,18,52,30,59,44,61,39,64,38,57,28,26,23,9,2,11,7,46,53,42,40,24,5,15,34,19,51,21,71,41,72,70,65,67,55,27,32,22,36,35,47,73,66,74,60,62,56,49;13;93870
CheapestInsertion;17;data/FIS75-0.txt;75;16,50,31,58,63,69,0,3,1,29,45,33,54,8,4,6,68,37,43,20,17,48,12,14,13,10,25,18,52,30,59,44,61,39,64,38,57,28,26,23,9,2,11,7,46,53,42,40,24,5,15,34,19,51,21,71,41,72,70,65,67,55,27,32,22,36,35,47,73,66,74,60,62,56,49;13;93870
CheapestInsertion;18;data/FIS75-0.txt;75;16,50,31,58,63,69,0,3,1,29,45,33,54,8,4,6,68,37,43,20,17,48,12,14,13,10,25,18,52,30,59,44,61,39,64,38,57,28,26,23,9,2,11,7,46,53,42,40,24,5,15,34,19,51,21,71,41,72,70,65,67,55,27,32,22,36,35,47,73,66,74,60,62,56,49;13;93870
CheapestInsertion;19;data/FIS75-0.txt;75;16,50,31,58,63,69,0,3,1,29,45,33,54,8,4,6,68,37,43,20,17,48,12,14,13,10,25,18,52,30,59,44,61,39,64,38,57,28,26,23,9,2,11,7,46,53,42,40,24,5,15,34,19,51,21,71,41,72,70,65,67,55,27,32,22,36,35,47,73,66,74,60,62,56,49;13;93870
CheapestInsertion;20;data/FIS75-0.txt;75;16,50,31,58,63,69,0,3,1,29,45,33,54,8,4,6,68,37,43,20,17,48,12,14,13,10,25,18,52,30,59,44,61,39,64,38,57,28,26,23,9,2,11,7,46,53,42,40,24,5,15,34,19,51,21,71,41,72,70,65,67,55,27,32,22,36,35,47,73,66,74,60,62,56,49;12;93870
CheapestInsertion;21;data/FIS75-0.txt;75;16,50,31,58,63,69,0,3,1,29,45,33,54,8,4,6,68,37,43,20,17,48,12,14,13,10,25,18,52,30,59,44,61,39,64,38,57,28,26,23,9,2,11,7,46,53,42,40,24,5,15,34,19,51,21,71,41,72,70,65,67,55,27,32,22,36,35,47,73,66,74,60,62,56,49;13;93870
CheapestInsertion;22;data/FIS75-0.txt;75;16,50,31,58,63,69,0,3,1,29,45,33,54,8,4,6,68,37,43,20,17,48,12,14,13,10,25,18,52,30,59,44,61,39,64,38,57,28,26,23,9,2,11,7,46,53,42,40,24,5,15,34,19,51,21,71,41,72,70,65,67,55,27,32,22,36,35,47,73,66,74,60,62,56,49;13;93870
CheapestInsertion;23;data/FIS75-0.txt;75;16,50,31,58,63,69,0,3,1,29,45,33,54,8,4,6,68,37,43,20,17,48,12,14,13,10,25,18,52,30,59,44,61,39,64,38,57,28,26,23,9,2,11,7,46,53,42,40,24,5,15,34,19,51,21,71,41,72,70,65,67,55,27,32,22,36,35,47,73,66,74,60,62,56,49;13;93870
CheapestInsertion;24;data/FIS75-0.txt;75;16,50,31,58,63,69,0,3,1,29,45,33,54,8,4,6,68,37,43,20,17,48,12,14,13,10,25,18,52,30,59,44,61,39,64,38,57,28,26,23,9,2,11,7,46,53,42,40,24,5,15,34,19,51,21,71,41,72,70,65,67,55,27,32,22,36,35,47,73,66,74,60,62,56,49;12;93870
CheapestInsertion;25;data/FIS75-0.txt;75;16,50,31,58,63,69,0,3,1,29,45,33,54,8,4,6,68,37,43,20,17,48,12,14,13,10,25,18,52,30,59,44,61,39,64,38,57,28,26,23,9,2,11,7,46,53,42,40,24,5,15,34,19,51,21,71,41,72,70,65,67,55,27,32,22,36,35,47,73,66,74,60,62,56,49;12;93870
CheapestInsertion;26;data/FIS75-0.txt;75;16,50,31,58,63,69,0,3,1,29,45,33,54,8,4,6,68,37,43,20,17,48,12,14,13,10,25,18,52,30,59,44,61,39,64,38,57,28,26,23,9,2,11,7,46,53,42,40,24,5,15,34,19,51,21,71,41,72,70,65,67,55,27,32,22,36,35,47,73,66,74,60,62,56,49;13;93870
CheapestInsertion;27;data/FIS75-0.txt;75;16,50,31,58,63,69,0,3,1,29,45,33,54,8,4,6,68,37,43,20,17,48,12,14,13,10,25,18,52,30,59,44,61,39,64,38,57,28,26,23,9,2,11,7,46,53,42,40,24,5,15,34,19,51,21,71,41,72,70,65,67,55,27,32,22,36,35,47,73,66,74,60,62,56,49;13;93870
CheapestInsertion;28;data/FIS75-0.txt;75;16,50,31,58,63,69,0,3,1,29,45,33,54,8,4,6,68,37,43,20,17,48,12,14,13,10,25,18,52,30,59,44,61,39,64,38,57,28,26,23,9,2,11,7,46,53,42,40,24,5,15,34,19,51,21,71,41,72,70,65,67,55,27,32,22,36,35,47,73,66,74,60,62,56,49;13;93870
CheapestInsertion;29;data/FIS75-0.txt;75;16,50,31,58,63,69,0,3,1,29,45,33,54,8,4,6,68,37,43,20,17,48,12,14,13,10,25,18,52,30,59,44,61,39,64,38,57,28,26,23,9,2,11,7,46,53,42,40,24,5,15,34,19,51,21,71,41,72,70,65,67,55,27,32,22,36,35,47,73,66,74,60,62,56,49;12;93870
CheapestInsertion;30;data/FIS75-0.txt;75;16,50,31,58,63,69,0,3,1,29,45,33,54,8,4,6,68,37,43,20,17,48,12,14,13,10,25,18,52,30,59,44,61,39,64,38,57,28,26,23,9,2,11,7,46,53,42,40,24,5,15,34,19,51,21,71,41,72,70,65,67,55,27,32,22,36,35,47,73,66,74,60,62,56,49;13;93870
CheapestInsertion;1;data/FIS75-1.txt;75;40,52,17,39,16,14,6,69,71,43,15,38,13,8,2,1,53,36,66,20,37,0,5,4,10,19,65,58,24,56,34,45,26,29,22,30,25,41,33,63,42,67,60,18,35,70,72,28,68,23,48,57,51,46,3,44,9,7,32,74,11,27,12,31,55,49,62,61,73,47,21,59,64,50,54;13;82251
CheapestInsertion;2;data/FIS75-1.txt;75;40,52,17,39,16,14,6,69,71,43,15,38,13,8,2,1,53,36,66,20,37,0,5,4,10,19,65,58,24,56,34,45,26,29,22,30,25,41,33,63,42,67,60,18,35,70,72,28,68,23,48,57,51,46,3,44,9,7,32,74,11,27,12,31,55,49,62,61,73,47,21,59,64,50,54;13;82251
CheapestInsertion;3;data/FIS75-1.txt;75;40,52,17,39,16,14,6,69,71,43,15,38,13,8,2,1,53,36,66,20,37,0,5,4,10,19,65,58,24,56,34,45,26,29,22,30,25,41,33,63,42,67,60,18,35,70,72,28,68,23,48,57,51,46,3,44,9,7,32,74,11,27,12,31,55,49,62,61,73,47,21,59,64,50,54;12;82251
CheapestInsertion;4;data/FIS75-1.txt;75;40,52,17,39,16,14,6,69,71,43,15,38,13,8,2,1,53,36,66,20,37,0,5,4,10,19,65,58,24,56,34,45,26,29,22,30,25,41,33,63,42,67,60,18,35,70,72,28,68,23,48,57,51,46,3,44,9,7,32,74,11,27,12,31,55,49,62,61,73,47,21,59,64,50,54;12;82251
CheapestInsertion;5;data/FIS75-1.txt;75;40,52,17,39,16,14,6,69,71,43,15,38,13,8,2,1,53,36,66,20,37,0,5,4,10,19,65,58,24,56,34,45,26,29,22,30,25,41,33,63,42,67,60,18,35,70,72,28,68,23,48,57,51,46,3,44,9,7,32,74,11,27,12,31,55,49,62,61,73,47,21,59,64,50,54;12;82251
CheapestInsertion;6;data/FIS75-1.txt;75;40,52,17,39,16,14,6,69,71,43,15,38,13,8,2,1,53,36,66,20,37,0,5,4,10,19,65,58,24,56,34,45,26,29,22,30,25,41,33,63,42,67,60,18,35,70,72,28,68,23,48,57,51,46,3,44,9,7,32,74,11,27,12,31,55,49,62,61,73,47,21,59,64,50,54;13;82251
CheapestInsertion;7;data/FIS75-1.txt;75;40,52,17,39,16,14,6,69,71,43,15,38,13,8,2,1,53,36,66,20,37,0,5,4,10,19,65,58,24,56,34,45,26,29,22,30,25,41,33,63,42,67,60,18,35,70,72,28,68,23,48,57,51,46,3,44,9,7,32,74,11,27,12,31,55,49,62,61,73,47,21,59,64,50,54;13;82251
CheapestInsertion;8;data/FIS75-1.txt;75;40,52,17,39,16,14,6,69,71,43,15,38,13,8,2,1,53,36,66,20,37,0,5,4,10,19,65,58,24,56,34,45,26,29,22,30,25,41,33,63,42,67,60,18,35,70,72,28,68,23,48,57,51,46,3,44,9,7,32,74,11,27,12,31,55,49,62,61,73,47,21,59,64,50,54;13;82251
CheapestInsertion;9;data/FIS75-1.txt;75;40,52,17,39,16,14,6,69,71,43,15,38,13,8,2,1,53,36,66,20,37,0,5,4,10,19,65,58,24,56,34,45,26,29,22,30,25,41,33,63,42,67,60,18,35,70,72,28,68,23,48,57,51,46,3,44,9,7,32,74,11,27,12,31,55,49,62,61,73,47,21,59,64,50,54;12;82251
CheapestInsertion;10;data/FIS75-1.txt;75;40,52,17,39,16,14,6,69,71,43,15,38,13,8,2,1,53,36,66,20,37,0,5,4,10,19,65,58,24,56,34,45,26,29,22,30,25,41,33,63,42,67,60,18,35,70,72,28,68,23,48,57,51,46,3,44,9,7,32,74,11,27,12,31,55,49,62,61,73,47,21,59,64,50,54;13;82251
CheapestInsertion;11;data/FIS75-1.txt;75;40,52,17,39,16,14,6,69,71,43,15,38,13,8,2,1,53,36,66,20,37,0,5,4,10,19,65,58,24,56,34,45,26,29,22,30,25,41,33,63,42,67,60,18,35,70,72,28,68,23,48,57,51,46,3,44,9,7,32,74,11,27,12,31,55,49,62,61,73,47,21,59,64,50,54;13;82251
CheapestInsertion;12;data/FIS75-1.txt;75;40,52,17,39,16,14,6,69,71,43,15,38,13,8,2,1,53,36,66,20,37,0,5,4,10,19,65,58,24,56,34,45,26,29,22,30,25,41,33,63,42,67,60,18,35,70,72,28,68,23,48,57,51,46,3,44,9,7,32,74,11,27,12,31,55,49,62,61,73,47,21,59,64,50,54;13;82251
CheapestInsertion;13;data/FIS75-1.txt;75;40,52,17,39,16,14,6,69,71,43,15,38,13,8,2,1,53,36,66,20,37,0,5,4,10,19,65,58,24,56,34,45,26,29,22,30,25,41,33,63,42,67,60,18,35,70,72,28,68,23,48,57,51,46,3,44,9,7,32,74,11,27,12,31,55,49,62,61,73,47,21,59,64,50,54;13;82251
CheapestInsertion;14;data/FIS75-1.txt;75;40,52,17,39,16,14,6,69,71,43,15,38,13,8,2,1,53,36,66,20,37,0,5,4,10,19,65,58,24,56,34,45,26,29,22,30,25,41,33,63,42,67,60,18,35,70,72,28,68,23,48,57,51,46,3,44,9,7,32,74,11,27,12,31,55,49,62,61,73,47,21,59,64,50,54;12;82251
CheapestInsertion;15;data/FIS75-1.txt;75;40,52,17,39,16,14,6,69,71,43,15,38,13,8,2,1,53,36,66,20,37,0,5,4,10,19,65,58,24,56,34,45,26,29,22,30,25,41,33,63,42,67,60,18,35,70,72,28,68,23,48,57,51,46,3,44,9,7,32,74,11,27,12,31,55,49,62,61,73,47,21,59,64,50,54;13;82251
CheapestInsertion;16;data/FIS75-1.txt;75;40,52,17,39,16,14,6,69,71,43,15,38,13,8,2,1,53,36,66,20,37,0,5,4,10,19,65,58,24,56,34,45,26,29,22,30,25,41,33,63,42,67,60,18,35,70,72,28,68,23,48,57,51,46,3,44,9,7,32,74,11,27,12,31,55,49,62,61,73,47,21,59,64,50,54;13;82251
CheapestInsertion;17;data/FIS75-1.txt;75;40,52,17,39,16,14,6,69,71,43,15,38,13,8,2,1,53,36,66,20,37,0,5,4,10,19,65,58,24,56,34,45,26,29,22,30,25,41,33,63,42,67,60,18,35,70,72,28,68,23,48,57,51,46,3,44,9,7,32,74,11,27,12,31,55,49,62,61,73,47,21,59,64,50,54;14;82251
CheapestInsertion;18;data/FIS75-1.txt;75;40,52,17,39,16,14,6,69,71,43,15,38,13,8,2,1,53,36,66,20,37,0,5,4,10,19,65,58,24,56,34,45,26,29,22,30,25,41,33,63,42,67,60,18,35,70,72,28,68,23,48,57,51,46,3,44,9,7,32,74,11,27,12,31,55,49,62,61,73,47,21,59,64,50,54;13;82251
CheapestInsertion;19;data/FIS75-1.txt;75;40,52,17,39,16,14,6,69,71,43,15,38,13,8,2,1,53,36,66,20,37,0,5,4,10,19,65,58,24,56,34,45,26,29,22,30,25,41,33,63,42,67,60,18,35,70,72,28,68,23,48,57,51,46,3,44,9,7,32,74,11,27,12,31,55,49,62,61,73,47,21,59,64,50,54;12;82251
CheapestInsertion;20;data/FIS75-1.txt;75;40,52,17,39,16,14,6,69,71,43,15,38,13,8,2,1,53,36,66,20,37,0,5,4,10,19,65,58,24,56,34,45,26,29,22,30,25,41,33,63,42,67,60,18,35,70,72,28,68,23,48,57,51,46,3,44,9,7,32,74,11,27,12,31,55,49,62,61,73,47,21,59,64,50,54;13;82251
CheapestInsertion;21;data/FIS75-1.txt;75;40,52,17,39,16,14,6,69,71,43,15,38,13,8,2,1,53,36,66,20,37,0,5,4,10,19,65,58,24,56,34,45,26,29,22,30,25,41,33,63,42,67,60,18,35,70,72,28,68,23,48,57,51,46,3,44,9,7,32,74,11,27,12,31,55,49,62,61,73,47,21,59,64,50,54;13;82251
CheapestInsertion;22;data/FIS75-1.txt;75;40,52,17,39,16,14,6,69,71,43,15,38,13,8,2,1,53,36,66,20,37,0,5,4,10,19,65,58,24,56,34,45,26,29,22,30,25,41,33,63,42,67,60,18,35,70,72,28,68,23,48,57,51,46,3,44,9,7,32,74,11,27,12,31,55,49,62,61,73,47,21,59,64,50,54;13;82251
CheapestInsertion;23;data/FIS75-1.txt;75;40,52,17,39,16,14,6,69,71,43,15,38,13,8,2,1,53,36,66,20,37,0,5,4,10,19,65,58,24,56,34,45,26,29,22,30,25,41,33,63,42,67,60,18,35,70,72,28,68,23,48,57,51,46,3,44,9,7,32,74,11,27,12,31,55,49,62,61,73,47,21,59,64,50,54;13;82251
CheapestInsertion;24;data/FIS75-1.txt;75;40,52,17,39,16,14,6,69,71,43,15,38,13,8,2,1,53,36,66,20,37,0,5,4,10,19,65,58,24,56,34,45,26,29,22,30,25,41,33,63,42,67,60,18,35,70,72,28,68,23,48,57,51,46,3,44,9,7,32,74,11,27,12,31,55,49,62,61,73,47,21,59,64,50,54;12;82251
CheapestInsertion;25;data/FIS75-1.txt;75;40,52,17,39,16,14,6,69,71,43,15,38,13,8,2,1,53,36,66,20,37,0,5,4,10,19,65,58,24,56,34,45,26,29,22,30,25,41,33,63,42,67,60,18,35,70,72,28,68,23,48,57,51,46,3,44,9,7,32,74,11,27,12,31,55,49,62,61,73,47,21,59,64,50,54;13;82251
CheapestInsertion;26;data/FIS75-1.txt;75;40,52,17,39,16,14,6,69,71,43,15,38,13,8,2,1,53,36,66,20,37,0,5,4,10,19,65,58,24,56,34,45,26,29,22,30,25,41,33,63,42,67,60,18,35,70,72,28,68,23,48,57,51,46,3,44,9,7,32,74,11,27,12,31,55,49,62,61,73,47,21,59,64,50,54;13;82251
CheapestInsertion;27;data/FIS75-1.txt;75;40,52,17,39,16,14,6,69,71,43,15,38,13,8,2,1,53,36,66,20,37,0,5,4,10,19,65,58,24,56,34,45,26,29,22,30,25,41,33,63,42,67,60,18,35,70,72,28,68,23,48,57,51,46,3,44,9,7,32,74,11,27,12,31,55,49,62,61,73,47,21,59,64,50,54;13;82251
CheapestInsertion;28;data/FIS75-1.txt;75;40,52,17,39,16,14,6,69,71,43,15,38,13,8,2,1,53,36,66,20,37,0,5,4,10,19,65,58,24,56,34,45,26,29,22,30,25,41,33,63,42,67,60,18,35,70,72,28,68,23,48,57,51,46,3,44,9,7,32,74,11,27,12,31,55,49,62,61,73,47,21,59,64,50,54;13;82251
CheapestInsertion;29;data/FIS75-1.txt;75;40,52,17,39,16,14,6,69,71,43,15,38,13,8,2,1,53,36,66,20,37,0,5,4,10,19,65,58,24,56,34,45,26,29,22,30,25,41,33,63,42,67,60,18,35,70,72,28,68,23,48,57,51,46,3,44,9,7,32,74,11,27,12,31,55,49,62,61,73,47,21,59,64,50,54;12;82251
CheapestInsertion;30;data/FIS75-1.txt;75;40,52,17,39,16,14,6,69,71,43,15,38,13,8,2,1,53,36,66,20,37,0,5,4,10,19,65,58,24,56,34,45,26,29,22,30,25,41,33,63,42,67,60,18,35,70,72,28,68,23,48,57,51,46,3,44,9,7,32,74,11,27,12,31,55,49,62,61,73,47,21,59,64,50,54;13;82251
CheapestInsertion;1;data/FIS75-2.txt;75;1,19,14,31,28,23,26,8,11,12,18,13,36,35,42,37,50,44,68,60,53,17,49,46,4,45,22,70,47,0,3,2,58,9,69,66,72,67,63,64,52,27,10,65,25,30,40,73,38,55,34,71,61,59,57,51,7,54,5,15,33,29,20,39,6,16,41,62,56,74,43,24,48,21,32;13;94928
CheapestInsertion;2;data/FIS75-2.txt;75;1,19,14,31,28,23,26,8,11,12,18,13,36,35,42,37,50,44,68,60,53,17,49,46,4,45,22,70,47,0,3,2,58,9,69,66,72,67,63,64,52,27,10,65,25,30,40,73,38,55,34,71,61,59,57,51,7,54,5,15,33,29,20,39,6,16,41,62,56,74,43,24,48,21,32;13;94928
CheapestInsertion;3;data/FIS75-2.txt;75;1,19,14,31,28,23,26,8,11,12,18,13,36,35,42,37,50,44,68,60,53,17,49,46,4,45,22,70,47,0,3,2,58,9,69,66,72,67,63,64,52,27,10,65,25,30,40,73,38,55,34,71,61,59,57,51,7,54,5,15,33,29,20,39,6,16,41,62,56,74,43,24,48,21,32;13;94928
CheapestInsertion;4;data/FIS75-2.txt;75;1,19,14,31,28,23,26,8,11,12,18,13,36,35,42,37,50,44,68,60,53,17,49,46,4,45,22,70,47,0,3,2,58,9,69,66,72,67,63,64,52,27,10,65,25,30,40,73,38,55,34,71,61,59,57,51,7,54,5,15,33,29,20,39,6,16,41,62,56,74,43,24,48,21,32;13;94928
CheapestInsertion;5;data/FIS75-2.txt;75;1,19,14,31,28,23,26,8,11,12,18,13,36,35,42,37,50,44,68,60,53,17,49,46,4,45,22,70,47,0,3,2,58,9,69,66,72,67,63,64,52,27,10,65,25,30,40,73,38,55,34,71,61,59,57,51,7,54,5,15,33,29,20,39,6,16,41,62,56,74,43,24,48,21,32;13;94928
CheapestInsertion;6;data/FIS75-2.txt;75;1,19,14,31,28,23,26,8,11,12,18,13,36,35,42,37,50,44,68,60,53,17,49,46,4,45,22,70,47,0,3,2,58,9,69,66,72,67,63,64,52,27,10,65,25,30,40,73,38,55,34,71,61,59,57,51,7,54,5,15,33,29,20,39,6,16,41,62,56,74,43,24,48,21,32;13;94928
CheapestInsertion;7;data/FIS75-2.txt;75;1,19,14,31,28,23,26,8,11,12,18,13,36,35,42,37,50,44,68,60,53,17,49,46,4,45,22,70,47,0,3,2,58,9,69,66,72,67,63,64,52,27,10,65,25,30,40,73,38,55,34,71,61,59,57,51,7,54,5,15,33,29,20,39,6,16,41,62,56,74,43,24,48,21,32;13;94928
CheapestInsertion;8;data/FIS75-2.txt;75;1,19,14,31,28,23,26,8,11,12,18,13,36,35,42,37,50,44,68,60,53,17,49,46,4,45,22,70,47,0,3,2,58,9,69,66,72,67,63,64,52,27,10,65,25,30,40,73,38,55,34,71,61,59,57,51,7,54,5,15,33,29,20,39,6,16,41,62,56,74,43,24,48,21,32;13;94928
CheapestInsertion;9;data/FIS75-2.txt;75;1,19,14,31,28,23,26,8,11,12,18,13,36,35,42,37,50,44,68,60,53,17,49,46,4,45,22,70,47,0,3,2,58,9,69,66,72,67,63,64,52,27,10,65,25,30,40,73,38,55,34,71,61,59,57,51,7,54,5,15,33,29,20,39,6,16,41,62,56,74,43,24,48,21,32;12;94928
CheapestInsertion;10;data/FIS75-2.txt;75;1,19,14,31,28,23,26,8,11,12,18,13,36,35,42,37,50,44,68,60,53,17,49,46,4,45,22,70,47,0,3,2,58,9,69,66,72,67,63,64,52,27,10,65,25,30,40,73,38,55,34,71,61,59,57,51,7,54,5,15,33,29,20,39,6,16,41,62,56,74,43,24,48,21,32;13;94928
CheapestInsertion;11;data/FIS75-2.txt;75;1,19,14,31,28,23,26,8,11,12,18,13,36,35,42,37,50,44,68,60,53,17,49,46,4,45,22,70,47,0,3,2,58,9,69,66,72,67,63,64,52,27,10,65,25,30,40,73,38,55,34,71,61,59,57,51,7,54,5,15,33,29,20,39,6,16,41,62,56,74,43,24,48,21,32;13;94928
CheapestInsertion;12;data/FIS75-2.txt;75;1,19,14,31,28,23,26,8,11,12,18,13,36,35,42,37,50,44,68,60,53,17,49,46,4,45,22,70,47,0,3,2,58,9,69,66,72,67,63,64,52,27,10,65,25,30,40,73,38,55,34,71,61,59,57,51,7,54,5,15,33,29,20,39,6,16,41,62,56,74,43,24,48,21,32;13;94928
CheapestInsertion;13;data/FIS75-2.txt;75;1,19,14,31,28,23,26,8,11,12,18,13,36,35,42,37,50,44,68,60,53,17,49,46,4,45,22,70,47,0,3,2,58,9,69,66,72,67,63,64,52,27,10,65,25,30,40,73,38,55,34,71,61,59,57,51,7,54,5,15,33,29,20,39,6,16,41,62,56,74,43,24,48,21,32;12;94928
CheapestInsertion;14;data/FIS75-2.txt;75;1,19,14,31,28,23,26,8,11,12,18,13,36,35,42,37,50,44,68,60,53,17,49,46,4,45,22,70,47,0,3,2,58,9,69,66,72,67,63,64,52,27,10,65,25,30,40,73,38,55,34,71,61,59,57,51,7,54,5,15,33,29,20,39,6,16,41,62,56,74,43,24,48,21,32;13;94928
CheapestInsertion;15;data/FIS75-2.txt;75;1,19,14,31,28,23,26,8,11,12,18,13,36,35,42,37,50,44,68,60,53,17,49,46,4,45,22,70,47,0,3,2,58,9,69,66,72,67,63,64,52,27,10,65,25,30,40,73,38,55,34,71,61,59,57,51,7,54,5,15,33,29,20,39,6,16,41,62,56,74,43,24,48,21,32;13;94928
CheapestInsertion;16;data/FIS75-2.txt;75;1,19,14,31,28,23,26,8,11,12,18,13,36,35,42,37,50,44,68,60,53,17,49,46,4,45,22,70,47,0,3,2,58,9,69,66,72,67,63,64,52,27,10,65,25,30,40,73,38,55,34,71,61,59,57,51,7,54,5,15,33,29,20,39,6,16,41,62,56,74,43,24,48,21,32;13;94928
CheapestInsertion;17;data/FIS75-2.txt;75;1,19,14,31,28,23,26,8,11,12,18,13,36,35,42,37,50,44,68,60,53,17,49,46,4,45,22,70,47,0,3,2,58,9,69,66,72,67,63,64,52,27,10,65,25,30,40,73,38,55,34,71,61,59,57,51,7,54,5,15,33,29,20,39,6,16,41,62,56,74,43,24,48,21,32;13;94928
CheapestInsertion;18;data/FIS75-2.txt;75;1,19,14,31,28,23,26,8,11,12,18,13,36,35,42,37,50,44,68,60,53,17,49,46,4,45,22,70,47,0,3,2,58,9,69,66,72,67,63,64,52,27,10,65,25,30,40,73,38,55,34,71,61,59,57,51,7,54,5,15,33,29,20,39,6,16,41,62,56,74,43,24,48,21,32;13;94928
CheapestInsertion;19;data/FIS75-2.txt;75;1,19,14,31,28,23,26,8,11,12,18,13,36,35,42,37,50,44,68,60,53,17,49,46,4,45,22,70,47,0,3,2,58,9,69,66,72,67,63,64,52,27,10,65,25,30,40,73,38,55,34,71,61,59,57,51,7,54,5,15,33,29,20,39,6,16,41,62,56,74,43,24,48,21,32;13;94928
CheapestInsertion;20;data/FIS75-2.txt;75;1,19,14,31,28,23,26,8,11,12,18,13,36,35,42,37,50,44,68,60,53,17,49,46,4,45,22,70,47,0,3,2,58,9,69,66,72,67,63,64,52,27,10,65,25,30,40,73,38,55,34,71,61,59,57,51,7,54,5,15,33,29,20,39,6,16,41,62,56,74,43,24,48,21,32;13;94928
CheapestInsertion;21;data/FIS75-2.txt;75;1,19,14,31,28,23,26,8,11,12,18,13,36,35,42,37,50,44,68,60,53,17,49,46,4,45,22,70,47,0,3,2,58,9,69,66,72,67,63,64,52,27,10,65,25,30,40,73,38,55,34,71,61,59,57,51,7,54,5,15,33,29,20,39,6,16,41,62,56,74,43,24,48,21,32;13;94928
CheapestInsertion;22;data/FIS75-2.txt;75;1,19,14,31,28,23,26,8,11,12,18,13,36,35,42,37,50,44,68,60,53,17,49,46,4,45,22,70,47,0,3,2,58,9,69,66,72,67,63,64,52,27,10,65,25,30,40,73,38,55,34,71,61,59,57,51,7,54,5,15,33,29,20,39,6,16,41,62,56,74,43,24,48,21,32;13;94928
CheapestInsertion;23;data/FIS75-2.txt;75;1,19,14,31,28,23,26,8,11,12,18,13,36,35,42,37,50,44,68,60,53,17,49,46,4,45,22,70,47,0,3,2,58,9,69,66,72,67,63,64,52,27,10,65,25,30,40,73,38,55,34,71,61,59,57,51,7,54,5,15,33,29,20,39,6,16,41,62,56,74,43,24,48,21,32;13;94928
CheapestInsertion;24;data/FIS75-2.txt;75;1,19,14,31,28,23,26,8,11,12,18,13,36,35,42,37,50,44,68,60,53,17,49,46,4,45,22,70,47,0,3,2,58,9,69,66,72,67,63,64,52,27,10,65,25,30,40,73,38,55,34,71,61,59,57,51,7,54,5,15,33,29,20,39,6,16,41,62,56,74,43,24,48,21,32;13;94928
CheapestInsertion;25;data/FIS75-2.txt;75;1,19,14,31,28,23,26,8,11,12,18,13,36,35,42,37,50,44,68,60,53,17,49,46,4,45,22,70,47,0,3,2,58,9,69,66,72,67,63,64,52,27,10,65,25,30,40,73,38,55,34,71,61,59,57,51,7,54,5,15,33,29,20,39,6,16,41,62,56,74,43,24,48,21,32;13;94928
CheapestInsertion;26;data/FIS75-2.txt;75;1,19,14,31,28,23,26,8,11,12,18,13,36,35,42,37,50,44,68,60,53,17,49,46,4,45,22,70,47,0,3,2,58,9,69,66,72,67,63,64,52,27,10,65,25,30,40,73,38,55,34,71,61,59,57,51,7,54,5,15,33,29,20,39,6,16,41,62,56,74,43,24,48,21,32;13;94928
CheapestInsertion;27;data/FIS75-2.txt;75;1,19,14,31,28,23,26,8,11,12,18,13,36,35,42,37,50,44,68,60,53,17,49,46,4,45,22,70,47,0,3,2,58,9,69,66,72,67,63,64,52,27,10,65,25,30,40,73,38,55,34,71,61,59,57,51,7,54,5,15,33,29,20,39,6,16,41,62,56,74,43,24,48,21,32;12;94928
CheapestInsertion;28;data/FIS75-2.txt;75;1,19,14,31,28,23,26,8,11,12,18,13,36,35,42,37,50,44,68,60,53,17,49,46,4,45,22,70,47,0,3,2,58,9,69,66,72,67,63,64,52,27,10,65,25,30,40,73,38,55,34,71,61,59,57,51,7,54,5,15,33,29,20,39,6,16,41,62,56,74,43,24,48,21,32;13;94928
CheapestInsertion;29;data/FIS75-2.txt;75;1,19,14,31,28,23,26,8,11,12,18,13,36,35,42,37,50,44,68,60,53,17,49,46,4,45,22,70,47,0,3,2,58,9,69,66,72,67,63,64,52,27,10,65,25,30,40,73,38,55,34,71,61,59,57,51,7,54,5,15,33,29,20,39,6,16,41,62,56,74,43,24,48,21,32;12;94928
CheapestInsertion;30;data/FIS75-2.txt;75;1,19,14,31,28,23,26,8,11,12,18,13,36,35,42,37,50,44,68,60,53,17,49,46,4,45,22,70,47,0,3,2,58,9,69,66,72,67,63,64,52,27,10,65,25,30,40,73,38,55,34,71,61,59,57,51,7,54,5,15,33,29,20,39,6,16,41,62,56,74,43,24,48,21,32;12;94928
CheapestInsertion;1;data/FIS75-3.txt;75;56,30,45,22,28,24,47,64,63,23,39,2,50,10,70,36,71,72,55,69,35,34,33,73,52,19,41,17,61,57,66,31,3,4,6,37,7,48,29,68,49,58,13,46,11,9,27,16,14,42,21,59,12,26,18,51,74,20,43,1,60,54,44,38,15,32,5,0,25,8,62,40,65,53,67;13;76950
CheapestInsertion;2;data/FIS75-3.txt;75;56,30,45,22,28,24,47,64,63,23,39,2,50,10,70,36,71,72,55,69,35,34,33,73,52,19,41,17,61,57,66,31,3,4,6,37,7,48,29,68,49,58,13,46,11,9,27,16,14,42,21,59,12,26,18,51,74,20,43,1,60,54,44,38,15,32,5,0,25,8,62,40,65,53,67;12;76950
CheapestInsertion;3;data/FIS75-3.txt;75;56,30,45,22,28,24,47,64,63,23,39,2,50,10,70,36,71,72,55,69,35,34,33,73,52,19,41,17,61,57,66,31,3,4,6,37,7,48,29,68,49,58,13,46,11,9,27,16,14,42,21,59,12,26,18,51,74,20,43,1,60,54,44,38,15,32,5,0,25,8,62,40,65,53,67;13;76950
CheapestInsertion;4;data/FIS75-3.txt;75;56,30,45,22,28,24,47,64,63,23,39,2,50,10,70,36,71,72,55,69,35,34,33,73,52,19,41,17,61,57,66,31,3,4,6,37,7,48,29,68,49,58,13,46,11,9,27,16,14,42,21,59,12,26,18,51,74,20,43,1,60,54,44,38,15,32,5,0,25,8,62,40,65,53,67;12;76950
CheapestInsertion;5;data/FIS75-3.txt;75;56,30,45,22,28,24,47,64,63,23,39,2,50,10,70,36,71,72,55,69,35,34,33,73,52,19,41,17,61,57,66,31,3,4,6,37,7,48,29,68,49,58,13,46,11,9,27,16,14,42,21,59,12,26,18,51,74,20,43,1,60,54,44,38,15,32,5,0,25,8,62,40,65,53,67;13;76950
CheapestInsertion;6;data/FIS75-3.txt;75;56,30,45,22,28,24,47,64,63,23,39,2,50,10,70,36,71,72,55,69,35,34,33,73,52,19,41,17,61,57,66,31,3,4,6,37,7,48,29,68,49,58,13,46,11,9,27,16,14,42,21,59,12,26,18,51,74,20,43,1,60,54,44,38,15,32,5,0,25,8,62,40,65,53,67;12;76950
CheapestInsertion;7;data/FIS75-3.txt;75;56,30,45,22,28,24,47,64,63,23,39,2,50,10,70,36,71,72,55,69,35,34,33,73,52,19,41,17,61,57,66,31,3,4,6,37,7,48,29,68,49,58,13,46,11,9,27,16,14,42,21,59,12,26,18,51,74,20,43,1,60,54,44,38,15,32,5,0,25,8,62,40,65,53,67;12;76950
CheapestInsertion;8;data/FIS75-3.txt;75;56,30,45,22,28,24,47,64,63,23,39,2,50,10,70,36,71,72,55,69,35,34,33,73,52,19,41,17,61,57,66,31,3,4,6,37,7,48,29,68,49,58,13,46,11,9,27,16,14,42,21,59,12,26,18,51,74,20,43,1,60,54,44,38,15,32,5,0,25,8,62,40,65,53,67;13;76950
CheapestInsertion;9;data/FIS75-3.txt;75;56,30,45,22,28,24,47,64,63,23,39,2,50,10,70,36,71,72,55,69,35,34,33,73,52,19,41,17,61,57,66,31,3,4,6,37,7,48,29,68,49,58,13,46,11,9,27,16,14,42,21,59,12,26,18,51,74,20,43,1,60,54,44,38,15,32,5,0,25,8,62,40,65,53,67;12;76950
CheapestInsertion;10;data/FIS75-3.txt;75;56,30,45,22,28,24,47,64,63,23,39,2,50,10,70,36,71,72,55,69,35,34,33,73,52,19,41,17,61,57,66,31,3,4,6,37,7,48,29,68,49,58,13,46,11,9,27,16,14,42,21,59,12,26,18,51,74,20,43,1,60,54,44,38,15,32,5,0,25,8,62,40,65,53,67;13;76950
CheapestInsertion;11;data/FIS75-3.txt;75;56,30,45,22,28,24,47,64,63,23,39,2,50,10,70,36,71,72,55,69,35,34,33,73,52,19,41,17,61,57,66,31,3,4,6,37,7,48,29,68,49,58,13,46,11,9,27,16,14,42,21,59,12,26,18,51,74,20,43,1,60,54,44,38,15,32,5,0,25,8,62,40,65,53,67;12;76950
CheapestInsertion;12;data/FIS75-3.txt;75;56,30,45,22,28,24,47,64,63,23,39,2,50,10,70,36,71,72,55,69,35,34,33,73,52,19,41,17,61,57,66,31,3,4,6,37,7,48,29,68,49,58,13,46,11,9,27,16,14,42,21,59,12,26,18,51,74,20,43,1,60,54,44,38,15,32,5,0,25,8,62,40,65,53,67;13;76950
CheapestInsertion;13;data/FIS75-3.txt;75;56,30,45,22,28,24,47,64,63,23,39,2,50,10,70,36,71,72,55,69,35,34,33,73,52,19,41,17,61,57,66,31,3,4,6,37,7,48,29,68,49,58,13,46,11,9,27,16,14,42,21,59,12,26,18,51,74,20,43,1,60,54,44,38,15,32,5,0,25,8,62,40,65,53,67;12;76950
CheapestInsertion;14;data/FIS75-3.txt;75;56,30,45,22,28,24,47,64,63,23,39,2,50,10,70,36,71,72,55,69,35,34,33,73,52,19,41,17,61,57,66,31,3,4,6,37,7,48,29,68,49,58,13,46,11,9,27,16,14,42,21,59,12,26,18,51,74,20,43,1,60,54,44,38,15,32,5,0,25,8,62,40,65,53,67;13;76950
CheapestInsertion;15;data/FIS75-3.txt;75;56,30,45,22,28,24,47,64,63,23,39,2,50,10,70,36,71,72,55,69,35,34,33,73,52,19,41,17,61,57,66,31,3,4,6,37,7,48,29,68,49,58,13,46,11,9,27,16,14,42,21,59,12,26,18,51,74,20,43,1,60,54,44,38,15,32,5,0,25,8,62,40,65,53,67;12;76950
CheapestInsertion;16;data/FIS75-3.txt;75;56,30,45,22,28,24,47,64,63,23,39,2,50,10,70,36,71,72,55,69,35,34,33,73,52,19,41,17,61,57,66,31,3,4,6,37,7,48,29,68,49,58,13,46,11,9,27,16,14,42,21,59,12,26,18,51,74,20,43,1,60,54,44,38,15,32,5,0,25,8,62,40,65,53,67;12;76950
CheapestInsertion;17;data/FIS75-3.txt;75;56,30,45,22,28,24,47,64,63,23,39,2,50,10,70,36,71,72,55,69,35,34,33,73,52,19,41,17,61,57,66,31,3,4,6,37,7,48,29,68,49,58,13,46,11,9,27,16,14,42,21,59,12,26,18,51,74,20,43,1,60,54,44,38,15,32,5,0,25,8,62,40,65,53,67;13;76950
CheapestInsertion;18;data/FIS75-3.txt;75;56,30,45,22,28,24,47,64,63,23,39,2,50,10,70,36,71,72,55,69,35,34,33,73,52,19,41,17,61,57,66,31,3,4,6,37,7,48,29,68,49,58,13,46,11,9,27,16,14,42,21,59,12,26,18,51,74,20,43,1,60,54,44,38,15,32,5,0,25,8,62,40,65,53,67;12;76950
CheapestInsertion;19;data/FIS75-3.txt;75;56,30,45,22,28,24,47,64,63,23,39,2,50,10,70,36,71,72,55,69,35,34,33,73,52,19,41,17,61,57,66,31,3,4,6,37,7,48,29,68,49,58,13,46,11,9,27,16,14,42,21,59,12,26,18,51,74,20,43,1,60,54,44,38,15,32,5,0,25,8,62,40,65,53,67;13;76950
CheapestInsertion;20;data/FIS75-3.txt;75;56,30,45,22,28,24,47,64,63,23,39,2,50,10,70,36,71,72,55,69,35,34,33,73,52,19,41,17,61,57,66,31,3,4,6,37,7,48,29,68,49,58,13,46,11,9,27,16,14,42,21,59,12,26,18,51,74,20,43,1,60,54,44,38,15,32,5,0,25,8,62,40,65,53,67;12;76950
CheapestInsertion;21;data/FIS75-3.txt;75;56,30,45,22,28,24,47,64,63,23,39,2,50,10,70,36,71,72,55,69,35,34,33,73,52,19,41,17,61,57,66,31,3,4,6,37,7,48,29,68,49,58,13,46,11,9,27,16,14,42,21,59,12,26,18,51,74,20,43,1,60,54,44,38,15,32,5,0,25,8,62,40,65,53,67;12;76950
CheapestInsertion;22;data/FIS75-3.txt;75;56,30,45,22,28,24,47,64,63,23,39,2,50,10,70,36,71,72,55,69,35,34,33,73,52,19,41,17,61,57,66,31,3,4,6,37,7,48,29,68,49,58,13,46,11,9,27,16,14,42,21,59,12,26,18,51,74,20,43,1,60,54,44,38,15,32,5,0,25,8,62,40,65,53,67;13;76950
CheapestInsertion;23;data/FIS75-3.txt;75;56,30,45,22,28,24,47,64,63,23,39,2,50,10,70,36,71,72,55,69,35,34,33,73,52,19,41,17,61,57,66,31,3,4,6,37,7,48,29,68,49,58,13,46,11,9,27,16,14,42,21,59,12,26,18,51,74,20,43,1,60,54,44,38,15,32,5,0,25,8,62,40,65,53,67;12;76950
CheapestInsertion;24;data/FIS75-3.txt;75;56,30,45,22,28,24,47,64,63,23,39,2,50,10,70,36,71,72,55,69,35,34,33,73,52,19,41,17,61,57,66,31,3,4,6,37,7,48,29,68,49,58,13,46,11,9,27,16,14,42,21,59,12,26,18,51,74,20,43,1,60,54,44,38,15,32,5,0,25,8,62,40,65,53,67;13;76950
CheapestInsertion;25;data/FIS75-3.txt;75;56,30,45,22,28,24,47,64,63,23,39,2,50,10,70,36,71,72,55,69,35,34,33,73,52,19,41,17,61,57,66,31,3,4,6,37,7,48,29,68,49,58,13,46,11,9,27,16,14,42,21,59,12,26,18,51,74,20,43,1,60,54,44,38,15,32,5,0,25,8,62,40,65,53,67;12;76950
CheapestInsertion;26;data/FIS75-3.txt;75;56,30,45,22,28,24,47,64,63,23,39,2,50,10,70,36,71,72,55,69,35,34,33,73,52,19,41,17,61,57,66,31,3,4,6,37,7,48,29,68,49,58,13,46,11,9,27,16,14,42,21,59,12,26,18,51,74,20,43,1,60,54,44,38,15,32,5,0,25,8,62,40,65,53,67;13;76950
CheapestInsertion;27;data/FIS75-3.txt;75;56,30,45,22,28,24,47,64,63,23,39,2,50,10,70,36,71,72,55,69,35,34,33,73,52,19,41,17,61,57,66,31,3,4,6,37,7,48,29,68,49,58,13,46,11,9,27,16,14,42,21,59,12,26,18,51,74,20,43,1,60,54,44,38,15,32,5,0,25,8,62,40,65,53,67;12;76950
CheapestInsertion;28;data/FIS75-3.txt;75;56,30,45,22,28,24,47,64,63,23,39,2,50,10,70,36,71,72,55,69,35,34,33,73,52,19,41,17,61,57,66,31,3,4,6,37,7,48,29,68,49,58,13,46,11,9,27,16,14,42,21,59,12,26,18,51,74,20,43,1,60,54,44,38,15,32,5,0,25,8,62,40,65,53,67;12;76950
CheapestInsertion;29;data/FIS75-3.txt;75;56,30,45,22,28,24,47,64,63,23,39,2,50,10,70,36,71,72,55,69,35,34,33,73,52,19,41,17,61,57,66,31,3,4,6,37,7,48,29,68,49,58,13,46,11,9,27,16,14,42,21,59,12,26,18,51,74,20,43,1,60,54,44,38,15,32,5,0,25,8,62,40,65,53,67;13;76950
CheapestInsertion;30;data/FIS75-3.txt;75;56,30,45,22,28,24,47,64,63,23,39,2,50,10,70,36,71,72,55,69,35,34,33,73,52,19,41,17,61,57,66,31,3,4,6,37,7,48,29,68,49,58,13,46,11,9,27,16,14,42,21,59,12,26,18,51,74,20,43,1,60,54,44,38,15,32,5,0,25,8,62,40,65,53,67;12;76950
CheapestInsertion;1;data/FIS75-4.txt;75;63,48,23,30,74,14,68,0,20,31,64,67,8,7,39,5,10,26,6,34,9,59,72,70,50,38,28,12,17,3,19,32,55,62,41,45,29,16,18,37,25,2,42,40,44,53,58,36,56,24,35,21,27,13,15,43,22,46,49,52,54,61,65,73,4,11,1,33,66,47,69,57,60,71,51;14;92431
CheapestInsertion;2;data/FIS75-4.txt;75;63,48,23,30,74,14,68,0,20,31,64,67,8,7,39,5,10,26,6,34,9,59,72,70,50,38,28,12,17,3,19,32,55,62,41,45,29,16,18,37,25,2,42,40,44,53,58,36,56,24,35,21,27,13,15,43,22,46,49,52,54,61,65,73,4,11,1,33,66,47,69,57,60,71,51;12;92431
CheapestInsertion;3;data/FIS75-4.txt;75;63,48,23,30,74,14,68,0,20,31,64,67,8,7,39,5,10,26,6,34,9,59,72,70,50,38,28,12,17,3,19,32,55,62,41,45,29,16,18,37,25,2,42,40,44,53,58,36,56,24,35,21,27,13,15,43,22,46,49,52,54,61,65,73,4,11,1,33,66,47,69,57,60,71,51;12;92431
CheapestInsertion;4;data/FIS75-4.txt;75;63,48,23,30,74,14,68,0,20,31,64,67,8,7,39,5,10,26,6,34,9,59,72,70,50,38,28,12,17,3,19,32,55,62,41,45,29,16,18,37,25,2,42,40,44,53,58,36,56,24,35,21,27,13,15,43,22,46,49,52,54,61,65,73,4,11,1,33,66,47,69,57,60,71,51;12;92431
CheapestInsertion;5;data/FIS75-4.txt;75;63,48,23,30,74,14,68,0,20,31,64,67,8,7,39,5,10,26,6,34,9,59,72,70,50,38,28,12,17,3,19,32,55,62,41,45,29,16,18,37,25,2,42,40,44,53,58,36,56,24,35,21,27,13,15,43,22,46,49,52,54,61,65,73,4,11,1,33,66,47,69,57,60,71,51;12;92431
CheapestInsertion;6;data/FIS75-4.txt;75;63,48,23,30,74,14,68,0,20,31,64,67,8,7,39,5,10,26,6,34,9,59,72,70,50,38,28,12,17,3,19,32,55,62,41,45,29,16,18,37,25,2,42,40,44,53,58,36,56,24,35,21,27,13,15,43,22,46,49,52,54,61,65,73,4,11,1,33,66,47,69,57,60,71,51;12;92431
CheapestInsertion;7;data/FIS75-4.txt;75;63,48,23,30,74,14,68,0,20,31,64,67,8,7,39,5,10,26,6,34,9,59,72,70,50,38,28,12,17,3,19,32,55,62,41,45,29,16,18,37,25,2,42,40,44,53,58,36,56,24,35,21,27,13,15,43,22,46,49,52,54,61,65,73,4,11,1,33,66,47,69,57,60,71,51;12;92431
CheapestInsertion;8;data/FIS75-4.txt;75;63,48,23,30,74,14,68,0,20,31,64,67,8,7,39,5,10,26,6,34,9,59,72,70,50,38,28,12,17,3,19,32,55,62,41,45,29,16,18,37,25,2,42,40,44,53,58,36,56,24,35,21,27,13,15,43,22,46,49,52,54,61,65,73,4,11,1,33,66,47,69,57,60,71,51;13;92431
CheapestInsertion;9;data/FIS75-4.txt;75;63,48,23,30,74,14,68,0,20,31,64,67,8,7,39,5,10,26,6,34,9,59,72,70,50,38,28,12,17,3,19,32,55,62,41,45,29,16,18,37,25,2,42,40,44,53,58,36,56,24,35,21,27,13,15,43,22,46,49,52,54,61,65,73,4,11,1,33,66,47,69,57,60,71,51;13;92431
CheapestInsertion;10;data/FIS75-4.txt;75;63,48,23,30,74,14,68,0,20,31,64,67,8,7,39,5,10,26,6,34,9,59,72,70,50,38,28,12,17,3,19,32,55,62,41,45,29,16,18,37,25,2,42,40,44,53,58,36,56,24,35,21,27,13,15,43,22,46,49,52,54,61,65,73,4,11,1,33,66,47,69,57,60,71,51;12;92431
CheapestInsertion;11;data/FIS75-4.txt;75;63,48,23,30,74,14,68,0,20,31,64,67,8,7,39,5,10,26,6,34,9,59,72,70,50,38,28,12,17,3,19,32,55,62,41,45,29,16,18,37,25,2,42,40,44,53,58,36,56,24,35,21,27,13,15,43,22,46,49,52,54,61,65,73,4,11,1,33,66,47,69,57,60,71,51;12;92431
CheapestInsertion;12;data/FIS75-4.txt;75;63,48,23,30,74,14,68,0,20,31,64,67,8,7,39,5,10,26,6,34,9,59,72,70,50,38,28,12,17,3,19,32,55,62,41,45,29,16,18,37,25,2,42,40,44,53,58,36,56,24,35,21,27,13,15,43,22,46,49,52,54,61,65,73,4,11,1,33,66,47,69,57,60,71,51;12;92431
CheapestInsertion;13;data/FIS75-4.txt;75;63,48,23,30,74,14,68,0,20,31,64,67,8,7,39,5,10,26,6,34,9,59,72,70,50,38,28,12,17,3,19,32,55,62,41,45,29,16,18,37,25,2,42,40,44,53,58,36,56,24,35,21,27,13,15,43,22,46,49,52,54,61,65,73,4,11,1,33,66,47,69,57,60,71,51;12;92431
CheapestInsertion;14;data/FIS75-4.txt;75;63,48,23,30,74,14,68,0,20,31,64,67,8,7,39,5,10,26,6,34,9,59,72,70,50,38,28,12,17,3,19,32,55,62,41,45,29,16,18,37,25,2,42,40,44,53,58,36,56,24,35,21,27,13,15,43,22,46,49,52,54,61,65,73,4,11,1,33,66,47,69,57,60,71,51;12;92431
CheapestInsertion;15;data/FIS75-4.txt;75;63,48,23,30,74,14,68,0,20,31,64,67,8,7,39,5,10,26,6,34,9,59,72,70,50,38,28,12,17,3,19,32,55,62,41,45,29,16,18,37,25,2,42,40,44,53,58,36,56,24,35,21,27,13,15,43,22,46,49,52,54,61,65,73,4,11,1,33,66,47,69,57,60,71,51;12;92431
CheapestInsertion;16;data/FIS75-4.txt;75;63,48,23,30,74,14,68,0,20,31,64,67,8,7,39,5,10,26,6,34,9,59,72,70,50,38,28,12,17,3,19,32,55,62,41,45,29,16,18,37,25,2,42,40,44,53,58,36,56,24,35,21,27,13,15,43,22,46,49,52,54,61,65,73,4,11,1,33,66,47,69,57,60,71,51;12;92431
CheapestInsertion;17;data/FIS75-4.txt;75;63,48,23,30,74,14,68,0,20,31,64,67,8,7,39,5,10,26,6,34,9,59,72,70,50,38,28,12,17,3,19,32,55,62,41,45,29,16,18,37,25,2,42,40,44,53,58,36,56,24,35,21,27,13,15,43,22,46,49,52,54,61,65,73,4,11,1,33,66,47,69,57,60,71,51;12;92431
CheapestInsertion;18;data/FIS75-4.txt;75;63,48,23,30,74,14,68,0,20,31,64,67,8,7,39,5,10,26,6,34,9,59,72,70,50,38,28,12,17,3,19,32,55,62,41,45,29,16,18,37,25,2,42,40,44,53,58,36,56,24,35,21,27,13,15,43,22,46,49,52,54,61,65,73,4,11,1,33,66,47,69,57,60,71,51;12;92431
CheapestInsertion;19;data/FIS75-4.txt;75;63,48,23,30,74,14,68,0,20,31,64,67,8,7,39,5,10,26,6,34,9,59,72,70,50,38,28,12,17,3,19,32,55,62,41,45,29,16,18,37,25,2,42,40,44,53,58,36,56,24,35,21,27,13,15,43,22,46,49,52,54,61,65,73,4,11,1,33,66,47,69,57,60,71,51;12;92431
CheapestInsertion;20;data/FIS75-4.txt;75;63,48,23,30,74,14,68,0,20,31,64,67,8,7,39,5,10,26,6,34,9,59,72,70,50,38,28,12,17,3,19,32,55,62,41,45,29,16,18,37,25,2,42,40,44,53,58,36,56,24,35,21,27,13,15,43,22,46,49,52,54,61,65,73,4,11,1,33,66,47,69,57,60,71,51;12;92431
CheapestInsertion;21;data/FIS75-4.txt;75;63,48,23,30,74,14,68,0,20,31,64,67,8,7,39,5,10,26,6,34,9,59,72,70,50,38,28,12,17,3,19,32,55,62,41,45,29,16,18,37,25,2,42,40,44,53,58,36,56,24,35,21,27,13,15,43,22,46,49,52,54,61,65,73,4,11,1,33,66,47,69,57,60,71,51;12;92431
CheapestInsertion;22;data/FIS75-4.txt;75;63,48,23,30,74,14,68,0,20,31,64,67,8,7,39,5,10,26,6,34,9,59,72,70,50,38,28,12,17,3,19,32,55,62,41,45,29,16,18,37,25,2,42,40,44,53,58,36,56,24,35,21,27,13,15,43,22,46,49,52,54,61,65,73,4,11,1,33,66,47,69,57,60,71,51;12;92431
CheapestInsertion;23;data/FIS75-4.txt;75;63,48,23,30,74,14,68,0,20,31,64,67,8,7,39,5,10,26,6,34,9,59,72,70,50,38,28,12,17,3,19,32,55,62,41,45,29,16,18,37,25,2,42,40,44,53,58,36,56,24,35,21,27,13,15,43,22,46,49,52,54,61,65,73,4,11,1,33,66,47,69,57,60,71,51;12;92431
CheapestInsertion;24;data/FIS75-4.txt;75;63,48,23,30,74,14,68,0,20,31,64,67,8,7,39,5,10,26,6,34,9,59,72,70,50,38,28,12,17,3,19,32,55,62,41,45,29,16,18,37,25,2,42,40,44,53,58,36,56,24,35,21,27,13,15,43,22,46,49,52,54,61,65,73,4,11,1,33,66,47,69,57,60,71,51;12;92431
CheapestInsertion;25;data/FIS75-4.txt;75;63,48,23,30,74,14,68,0,20,31,64,67,8,7,39,5,10,26,6,34,9,59,72,70,50,38,28,12,17,3,19,32,55,62,41,45,29,16,18,37,25,2,42,40,44,53,58,36,56,24,35,21,27,13,15,43,22,46,49,52,54,61,65,73,4,11,1,33,66,47,69,57,60,71,51;12;92431
CheapestInsertion;26;data/FIS75-4.txt;75;63,48,23,30,74,14,68,0,20,31,64,67,8,7,39,5,10,26,6,34,9,59,72,70,50,38,28,12,17,3,19,32,55,62,41,45,29,16,18,37,25,2,42,40,44,53,58,36,56,24,35,21,27,13,15,43,22,46,49,52,54,61,65,73,4,11,1,33,66,47,69,57,60,71,51;12;92431
CheapestInsertion;27;data/FIS75-4.txt;75;63,48,23,30,74,14,68,0,20,31,64,67,8,7,39,5,10,26,6,34,9,59,72,70,50,38,28,12,17,3,19,32,55,62,41,45,29,16,18,37,25,2,42,40,44,53,58,36,56,24,35,21,27,13,15,43,22,46,49,52,54,61,65,73,4,11,1,33,66,47,69,57,60,71,51;12;92431
CheapestInsertion;28;data/FIS75-4.txt;75;63,48,23,30,74,14,68,0,20,31,64,67,8,7,39,5,10,26,6,34,9,59,72,70,50,38,28,12,17,3,19,32,55,62,41,45,29,16,18,37,25,2,42,40,44,53,58,36,56,24,35,21,27,13,15,43,22,46,49,52,54,61,65,73,4,11,1,33,66,47,69,57,60,71,51;12;92431
CheapestInsertion;29;data/FIS75-4.txt;75;63,48,23,30,74,14,68,0,20,31,64,67,8,7,39,5,10,26,6,34,9,59,72,70,50,38,28,12,17,3,19,32,55,62,41,45,29,16,18,37,25,2,42,40,44,53,58,36,56,24,35,21,27,13,15,43,22,46,49,52,54,61,65,73,4,11,1,33,66,47,69,57,60,71,51;12;92431
CheapestInsertion;30;data/FIS75-4.txt;75;63,48,23,30,74,14,68,0,20,31,64,67,8,7,39,5,10,26,6,34,9,59,72,70,50,38,28,12,17,3,19,32,55,62,41,45,29,16,18,37,25,2,42,40,44,53,58,36,56,24,35,21,27,13,15,43,22,46,49,52,54,61,65,73,4,11,1,33,66,47,69,57,60,71,51;12;92431
CheapestInsertion;1;data/FIS100-0.txt;100;24,70,90,80,92,91,57,74,44,50,26,17,27,21,63,86,87,61,81,46,51,1,40,7,65,41,82,71,47,28,8,94,95,32,84,11,67,13,0,22,16,89,88,78,37,3,36,73,75,59,35,45,12,23,10,25,99,33,6,48,14,77,42,85,79,93,96,97,64,62,56,54,4,30,66,34,58,2,5,72,9,83,18,69,52,98,76,43,55,31,39,29,38,68,20,49,15,53,19,60;37;92576
CheapestInsertion;2;data/FIS100-0.txt;100;24,70,90,80,92,91,57,74,44,50,26,17,27,21,63,86,87,61,81,46,51,1,40,7,65,41,82,71,47,28,8,94,95,32,84,11,67,13,0,22,16,89,88,78,37,3,36,73,75,59,35,45,12,23,10,25,99,33,6,48,14,77,42,85,79,93,96,97,64,62,56,54,4,30,66,34,58,2,5,72,9,83,18,69,52,98,76,43,55,31,39,29,38,68,20,49,15,53,19,60;36;92576
CheapestInsertion;3;data/FIS100-0.txt;100;24,70,90,80,92,91,57,74,44,50,26,17,27,21,63,86,87,61,81,46,51,1,40,7,65,41,82,71,47,28,8,94,95,32,84,11,67,13,0,22,16,89,88,78,37,3,36,73,75,59,35,45,12,23,10,25,99,33,6,48,14,77,42,85,79,93,96,97,64,62,56,54,4,30,66,34,58,2,5,72,9,83,18,69,52,98,76,43,55,31,39,29,38,68,20,49,15,53,19,60;36;92576
CheapestInsertion;4;data/FIS100-0.txt;100;24,70,90,80,92,91,57,74,44,50,26,17,27,21,63,86,87,61,81,46,51,1,40,7,65,41,82,71,47,28,8,94,95,32,84,11,67,13,0,22,16,89,88,78,37,3,36,73,75,59,35,45,12,23,10,25,99,33,6,48,14,77,42,85,79,93,96,97,64,62,56,54,4,30,66,34,58,2,5,72,9,83,18,69,52,98,76,43,55,31,39,29,38,68,20,49,15,53,19,60;37;92576
CheapestInsertion;5;data/FIS100-0.txt;100;24,70,90,80,92,91,57,74,44,50,26,17,27,21,63,86,87,61,81,46,51,1,40,7,65,41,82,71,47,28,8,94,95,32,84,11,67,13,0,22,16,89,88,78,37,3,36,73,75,59,35,45,12,23,10,25,99,33,6,48,14,77,42,85,79,93,96,97,64,62,56,54,4,30,66,34,58,2,5,72,9,83,18,69,52,98,76,43,55,31,39,29,38,68,20,49,15,53,19,60;36;92576
CheapestInsertion;6;data/FIS100-0.txt;100;24,70,90,80,92,91,57,74,44,50,26,17,27,21,63,86,87,61,81,46,51,1,40,7,65,41,82,71,47,28,8,94,95,32,84,11,67,13,0,22,16,89,88,78,37,3,36,73,75,59,35,45,12,23,10,25,99,33,6,48,14,77,42,85,79,93,96,97,64,62,56,54,4,30,66,34,58,2,5,72,9,83,18,69,52,98,76,43,55,31,39,29,38,68,20,49,15,53,19,60;36;92576
CheapestInsertion;7;data/FIS100-0.txt;100;24,70,90,80,92,91,57,74,44,50,26,17,27,21,63,86,87,61,81,46,51,1,40,7,65,41,82,71,47,28,8,94,95,32,84,11,67,13,0,22,16,89,88,78,37,3,36,73,75,59,35,45,12,23,10,25,99,33,6,48,14,77,42,85,79,93,96,97,64,62,56,54,4,30,66,34,58,2,5,72,9,83,18,69,52,98,76,43,55,31,39,29,38,68,20,49,15,53,19,60;36;92576
CheapestInsertion;8;data/FIS100-0.txt;100;24,70,90,80,92,91,57,74,44,50,26,17,27,21,63,86,87,61,81,46,51,1,40,7,65,41,82,71,47,28,8,94,95,32,84,11,67,13,0,22,16,89,88,78,37,3,36,73,75,59,35,45,12,23,10,25,99,33,6,48,14,77,42,85,79,93,96,97,64,62,56,54,4,30,66,34,58,2,5,72,9,83,18,69,52,98,76,43,55,31,39,29,38,68,20,49,15,53,19,60;36;92576
CheapestInsertion;9;data/FIS100-0.txt;100;24,70,90,80,92,91,57,74,44,50,26,17,27,21,63,86,87,61,81,46,51,1,40,7,65,41,82,71,47,28,8,94,95,32,84,11,67,13,0,22,16,89,88,78,37,3,36,73,75,59,35,45,12,23,10,25,99,33,6,48,14,77,42,85,79,93,96,97,64,62,56,54,4,30,66,34,58,2,5,72,9,83,18,69,52,98,76,43,55,31,39,29,38,68,20,49,15,53,19,60;36;92576
CheapestInsertion;10;data/FIS100-0.txt;100;24,70,90,80,92,91,57,74,44,50,26,17,27,21,63,86,87,61,81,46,51,1,40,7,65,41,82,71,47,28,8,94,95,32,84,11,67,13,0,22,16,89,88,78,37,3,36,73,75,59,35,45,12,23,10,25,99,33,6,48,14,77,42,85,79,93,96,97,64,62,56,54,4,30,66,34,58,2,5,72,9,83,18,69,52,98,76,43,55,31,39,29,38,68,20,49,15,53,19,60;36;92576
CheapestInsertion;11;data/FIS100-0.txt;100;24,70,90,80,92,91,57,74,44,50,26,17,27,21,63,86,87,61,81,46,51,1,40,7,65,41,82,71,47,28,8,94,95,32,84,11,67,13,0,22,16,89,88,78,37,3,36,73,75,59,35,45,12,23,10,25,99,33,6,48,14,77,42,85,79,93,96,97,64,62,56,54,4,30,66,34,58,2,5,72,9,83,18,69,52,98,76,43,55,31,39,29,38,68,20,49,15,53,19,60;37;92576
CheapestInsertion;12;data/FIS100-0.txt;100;24,70,90,80,92,91,57,74,44,50,26,17,27,21,63,86,87,61,81,46,51,1,40,7,65,41,82,71,47,28,8,94,95,32,84,11,67,13,0,22,16,89,88,78,37,3,36,73,75,59,35,45,12,23,10,25,99,33,6,48,14,77,42,85,79,93,96,97,64,62,56,54,4,30,66,34,58,2,5,72,9,83,18,69,52,98,76,43,55,31,39,29,38,68,20,49,15,53,19,60;36;92576
CheapestInsertion;13;data/FIS100-0.txt;100;24,70,90,80,92,91,57,74,44,50,26,17,27,21,63,86,87,61,81,46,51,1,40,7,65,41,82,71,47,28,8,94,95,32,84,11,67,13,0,22,16,89,88,78,37,3,36,73,75,59,35,45,12,23,10,25,99,33,6,48,14,77,42,85,79,93,96,97,64,62,56,54,4,30,66,34,58,2,5,72,9,83,18,69,52,98,76,43,55,31,39,29,38,68,20,49,15,53,19,60;36;92576
CheapestInsertion;14;data/FIS100-0.txt;100;24,70,90,80,92,91,57,74,44,50,26,17,27,21,63,86,87,61,81,46,51,1,40,7,65,41,82,71,47,28,8,94,95,32,84,11,67,13,0,22,16,89,88,78,37,3,36,73,75,59,35,45,12,23,10,25,99,33,6,48,14,77,42,85,79,93,96,97,64,62,56,54,4,30,66,34,58,2,5,72,9,83,18,69,52,98,76,43,55,31,39,29,38,68,20,49,15,53,19,60;35;92576
CheapestInsertion;15;data/FIS100-0.txt;100;24,70,90,80,92,91,57,74,44,50,26,17,27,21,63,86,87,61,81,46,51,1,40,7,65,41,82,71,47,28,8,94,95,32,84,11,67,13,0,22,16,89,88,78,37,3,36,73,75,59,35,45,12,23,10,25,99,33,6,48,14,77,42,85,79,93,96,97,64,62,56,54,4,30,66,34,58,2,5,72,9,83,18,69,52,98,76,43,55,31,39,29,38,68,20,49,15,53,19,60;35;92576
CheapestInsertion;16;data/FIS100-0.txt;100;24,70,90,80,92,91,57,74,44,50,26,17,27,21,63,86,87,61,81,46,51,1,40,7,65,41,82,71,47,28,8,94,95,32,84,11,67,13,0,22,16,89,88,78,37,3,36,73,75,59,35,45,12,23,10,25,99,33,6,48,14,77,42,85,79,93,96,97,64,62,56,54,4,30,66,34,58,2,5,72,9,83,18,69,52,98,76,43,55,31,39,29,38,68,20,49,15,53,19,60;36;92576
CheapestInsertion;17;data/FIS100-0.txt;100;24,70,90,80,92,91,57,74,44,50,26,17,27,21,63,86,87,61,81,46,51,1,40,7,65,41,82,71,47,28,8,94,95,32,84,11,67,13,0,22,16,89,88,78,37,3,36,73,75,59,35,45,12,23,10,25,99,33,6,48,14,77,42,85,79,93,96,97,64,62,56,54,4,30,66,34,58,2,5,72,9,83,18,69,52,98,76,43,55,31,39,29,38,68,20,49,15,53,19,60;36;92576
CheapestInsertion;18;data/FIS100-0.txt;100;24,70,90,80,92,91,57,74,44,50,26,17,27,21,63,86,87,61,81,46,51,1,40,7,65,41,82,71,47,28,8,94,95,32,84,11,67,13,0,22,16,89,88,78,37,3,36,73,75,59,35,45,12,23,10,25,99,33,6,48,14,77,42,85,79,93,96,97,64,62,56,54,4,30,66,34,58,2,5,72,9,83,18,69,52,98,76,43,55,31,39,29,38,68,20,49,15,53,19,60;36;92576
CheapestInsertion;19;data/FIS100-0.txt;100;24,70,90,80,92,91,57,74,44,50,26,17,27,21,63,86,87,61,81,46,51,1,40,7,65,41,82,71,47,28,8,94,95,32,84,11,67,13,0,22,16,89,88,78,37,3,36,73,75,59,35,45,12,23,10,25,99,33,6,48,14,77,42,85,79,93,96,97,64,62,56,54,4,30,66,34,58,2,5,72,9,83,18,69,52,98,76,43,55,31,39,29,38,68,20,49,15,53,19,60;36;92576
CheapestInsertion;20;data/FIS100-0.txt;100;24,70,90,80,92,91,57,74,44,50,26,17,27,21,63,86,87,61,81,46,51,1,40,7,65,41,82,71,47,28,8,94,95,32,84,11,67,13,0,22,16,89,88,78,37,3,36,73,75,59,35,45,12,23,10,25,99,33,6,48,14,77,42,85,79,93,96,97,64,62,56,54,4,30,66,34,58,2,5,72,9,83,18,69,52,98,76,43,55,31,39,29,38,68,20,49,15,53,19,60;36;92576
CheapestInsertion;21;data/FIS100-0.txt;100;24,70,90,80,92,91,57,74,44,50,26,17,27,21,63,86,87,61,81,46,51,1,40,7,65,41,82,71,47,28,8,94,95,32,84,11,67,13,0,22,16,89,88,78,37,3,36,73,75,59,35,45,12,23,10,25,99,33,6,48,14,77,42,85,79,93,96,97,64,62,56,54,4,30,66,34,58,2,5,72,9,83,18,69,52,98,76,43,55,31,39,29,38,68,20,49,15,53,19,60;36;92576
CheapestInsertion;22;data/FIS100-0.txt;100;24,70,90,80,92,91,57,74,44,50,26,17,27,21,63,86,87,61,81,46,51,1,40,7,65,41,82,71,47,28,8,94,95,32,84,11,67,13,0,22,16,89,88,78,37,3,36,73,75,59,35,45,12,23,10,25,99,33,6,48,14,77,42,85,79,93,96,97,64,62,56,54,4,30,66,34,58,2,5,72,9,83,18,69,52,98,76,43,55,31,39,29,38,68,20,49,15,53,19,60;35;92576
CheapestInsertion;23;data/FIS100-0.txt;100;24,70,90,80,92,91,57,74,44,50,26,17,27,21,63,86,87,61,81,46,51,1,40,7,65,41,82,71,47,28,8,94,95,32,84,11,67,13,0,22,16,89,88,78,37,3,36,73,75,59,35,45,12,23,10,25,99,33,6,48,14,77,42,85,79,93,96,97,64,62,56,54,4,30,66,34,58,2,5,72,9,83,18,69,52,98,76,43,55,31,39,29,38,68,20,49,15,53,19,60;37;92576
CheapestInsertion;24;data/FIS100-0.txt;100;24,70,90,80,92,91,57,74,44,50,26,17,27,21,63,86,87,61,81,46,51,1,40,7,65,41,82,71,47,28,8,94,95,32,84,11,67,13,0,22,16,89,88,78,37,3,36,73,75,59,35,45,12,23,10,25,99,33,6,48,14,77,42,85,79,93,96,97,64,62,56,54,4,30,66,34,58,2,5,72,9,83,18,69,52,98,76,43,55,31,39,29,38,68,20,49,15,53,19,60;37;92576
CheapestInsertion;25;data/FIS100-0.txt;100;24,70,90,80,92,91,57,74,44,50,26,17,27,21,63,86,87,61,81,46,51,1,40,7,65,41,82,71,47,28,8,94,95,32,84,11,67,13,0,22,16,89,88,78,37,3,36,73,75,59,35,45,12,23,10,25,99,33,6,48,14,77,42,85,79,93,96,97,64,62,56,54,4,30,66,34,58,2,5,72,9,83,18,69,52,98,76,43,55,31,39,29,38,68,20,49,15,53,19,60;36;92576
CheapestInsertion;26;data/FIS100-0.txt;100;24,70,90,80,92,91,57,74,44,50,26,17,27,21,63,86,87,61,81,46,51,1,40,7,65,41,82,71,47,28,8,94,95,32,84,11,67,13,0,22,16,89,88,78,37,3,36,73,75,59,35,45,12,23,10,25,99,33,6,48,14,77,42,85,79,93,96,97,64,62,56,54,4,30,66,34,58,2,5,72,9,83,18,69,52,98,76,43,55,31,39,29,38,68,20,49,15,53,19,60;37;92576
CheapestInsertion;27;data/FIS100-0.txt;100;24,70,90,80,92,91,57,74,44,50,26,17,27,21,63,86,87,61,81,46,51,1,40,7,65,41,82,71,47,28,8,94,95,32,84,11,67,13,0,22,16,89,88,78,37,3,36,73,75,59,35,45,12,23,10,25,99,33,6,48,14,77,42,85,79,93,96,97,64,62,56,54,4,30,66,34,58,2,5,72,9,83,18,69,52,98,76,43,55,31,39,29,38,68,20,49,15,53,19,60;36;92576
CheapestInsertion;28;data/FIS100-0.txt;100;24,70,90,80,92,91,57,74,44,50,26,17,27,21,63,86,87,61,81,46,51,1,40,7,65,41,82,71,47,28,8,94,95,32,84,11,67,13,0,22,16,89,88,78,37,3,36,73,75,59,35,45,12,23,10,25,99,33,6,48,14,77,42,85,79,93,96,97,64,62,56,54,4,30,66,34,58,2,5,72,9,83,18,69,52,98,76,43,55,31,39,29,38,68,20,49,15,53,19,60;36;92576
CheapestInsertion;29;data/FIS100-0.txt;100;24,70,90,80,92,91,57,74,44,50,26,17,27,21,63,86,87,61,81,46,51,1,40,7,65,41,82,71,47,28,8,94,95,32,84,11,67,13,0,22,16,89,88,78,37,3,36,73,75,59,35,45,12,23,10,25,99,33,6,48,14,77,42,85,79,93,96,97,64,62,56,54,4,30,66,34,58,2,5,72,9,83,18,69,52,98,76,43,55,31,39,29,38,68,20,49,15,53,19,60;37;92576
CheapestInsertion;30;data/FIS100-0.txt;100;24,70,90,80,92,91,57,74,44,50,26,17,27,21,63,86,87,61,81,46,51,1,40,7,65,41,82,71,47,28,8,94,95,32,84,11,67,13,0,22,16,89,88,78,37,3,36,73,75,59,35,45,12,23,10,25,99,33,6,48,14,77,42,85,79,93,96,97,64,62,56,54,4,30,66,34,58,2,5,72,9,83,18,69,52,98,76,43,55,31,39,29,38,68,20,49,15,53,19,60;36;92576
CheapestInsertion;1;data/FIS100-1.txt;100;66,10,7,5,9,12,31,17,14,91,79,73,11,42,1,54,8,56,63,70,67,72,98,92,40,44,47,93,71,61,96,37,51,4,64,99,55,68,24,35,39,19,89,53,57,45,30,16,15,74,28,34,6,41,43,46,77,48,94,82,32,88,21,22,29,59,69,20,27,13,0,26,25,85,84,50,86,52,60,62,76,81,83,38,80,3,65,2,49,18,78,75,90,36,87,33,58,95,97,23;37;106726
CheapestInsertion;2;data/FIS100-1.txt;100;66,10,7,5,9,12,31,17,14,91,79,73,11,42,1,54,8,56,63,70,67,72,98,92,40,44,47,93,71,61,96,37,51,4,64,99,55,68,24,35,39,19,89,53,57,45,30,16,15,74,28,34,6,41,43,46,77,48,94,82,32,88,21,22,29,59,69,20,27,13,0,26,25,85,84,50,86,52,60,62,76,81,83,38,80,3,65,2,49,18,78,75,90,36,87,33,58,95,97,23;36;106726
CheapestInsertion;3;data/FIS100-1.txt;100;66,10,7,5,9,12,31,17,14,91,79,73,11,42,1,54,8,56,63,70,67,72,98,92,40,44,47,93,71,61,96,37,51,4,64,99,55,68,24,35,39,19,89,53,57,45,30,16,15,74,28,34,6,41,43,46,77,48,94,82,32,88,21,22,29,59,69,20,27,13,0,26,25,85,84,50,86,52,60,62,76,81,83,38,80,3,65,2,49,18,78,75,90,36,87,33,58,95,97,23;36;106726
CheapestInsertion;4;data/FIS100-1.txt;100;66,10,7,5,9,12,31,17,14,91,79,73,11,42,1,54,8,56,63,70,67,72,98,92,40,44,47,93,71,61,96,37,51,4,64,99,55,68,24,35,39,19,89,53,57,45,30,16,15,74,28,34,6,41,43,46,77,48,94,82,32,88,21,22,29,59,69,20,27,13,0,26,25,85,84,50,86,52,60,62,76,81,83,38,80,3,65,2,49,18,78,75,90,36,87,33,58,95,97,23;36;106726
CheapestInsertion;5;data/FIS100-1.txt;100;66,10,7,5,9,12,31,17,14,91,79,73,11,42,1,54,8,56,63,70,67,72,98,92,40,44,47,93,71,61,96,37,51,4,64,99,55,68,24,35,39,19,89,53,57,45,30,16,15,74,28,34,6,41,43,46,77,48,94,82,32,88,21,22,29,59,69,20,27,13,0,26,25,85,84,50,86,52,60,62,76,81,83,38,80,3,65,2,49,18,78,75,90,36,87,33,58,95,97,23;36;106726
CheapestInsertion;6;data/FIS100-1.txt;100;66,10,7,5,9,12,31,17,14,91,79,73,11,42,1,54,8,56,63,70,67,72,98,92,40,44,47,93,71,61,96,37,51,4,64,99,55,68,24,35,39,19,89,53,57,45,30,16,15,74,28,34,6,41,43,46,77,48,94,82,32,88,21,22,29,59,69,20,27,13,0,26,25,85,84,50,86,52,60,62,76,81,83,38,80,3,65,2,49,18,78,75,90,36,87,33,58,95,97,23;36;106726
CheapestInsertion;7;data/FIS100-1.txt;100;66,10,7,5,9,12,31,17,14,91,79,73,11,42,1,54,8,56,63,70,67,72,98,92,40,44,47,93,71,61,96,37,51,4,64,99,55,68,24,35,39,19,89,53,57,45,30,16,15,74,28,34,6,41,43,46,77,48,94,82,32,88,21,22,29,59,69,20,27,13,0,26,25,85,84,50,86,52,60,62,76,81,83,38,80,3,65,2,49,18,78,75,90,36,87,33,58,95,97,23;35;106726
CheapestInsertion;8;data/FIS100-1.txt;100;66,10,7,5,9,12,31,17,14,91,79,73,11,42,1,54,8,56,63,70,67,72,98,92,40,44,47,93,71,61,96,37,51,4,64,99,55,68,24,35,39,19,89,53,57,45,30,16,15,74,28,34,6,41,43,46,77,48,94,82,32,88,21,22,29,59,69,20,27,13,0,26,25,85,84,50,86,52,60,62,76,81,83,38,80,3,65,2,49,18,78,75,90,36,87,33,58,95,97,23;35;106726
CheapestInsertion;9;data/FIS100-1.txt;100;66,10,7,5,9,12,31,17,14,91,79,73,11,42,1,54,8,56,63,70,67,72,98,92,40,44,47,93,71,61,96,37,51,4,64,99,55,68,24,35,39,19,89,53,57,45,30,16,15,74,28,34,6,41,43,46,77,48,94,82,32,88,21,22,29,59,69,20,27,13,0,26,25,85,84,50,86,52,60,62,76,81,83,38,80,3,65,2,49,18,78,75,90,36,87,33,58,95,97,23;35;106726
CheapestInsertion;10;data/FIS100-1.txt;100;66,10,7,5,9,12,31,17,14,91,79,73,11,42,1,54,8,56,63,70,67,72,98,92,40,44,47,93,71,61,96,37,51,4,64,99,55,68,24,35,39,19,89,53,57,45,30,16,15,74,28,34,6,41,43,46,77,48,94,82,32,88,21,22,29,59,69,20,27,13,0,26,25,85,84,50,86,52,60,62,76,81,83,38,80,3,65,2,49,18,78,75,90,36,87,33,58,95,97,23;35;106726
CheapestInsertion;11;data/FIS100-1.txt;100;66,10,7,5,9,12,31,17,14,91,79,73,11,42,1,54,8,56,63,70,67,72,98,92,40,44,47,93,71,61,96,37,51,4,64,99,55,68,24,35,39,19,89,53,57,45,30,16,15,74,28,34,6,41,43,46,77,48,94,82,32,88,21,22,29,59,69,20,27,13,0,26,25,85,84,50,86,52,60,62,76,81,83,38,80,3,65,2,49,18,78,75,90,36,87,33,58,95,97,23;35;106726
CheapestInsertion;12;data/FIS100-1.txt;100;66,10,7,5,9,12,31,17,14,91,79,73,11,42,1,54,8,56,63,70,67,72,98,92,40,44,47,93,71,61,96,37,51,4,64,99,55,68,24,35,39,19,89,53,57,45,30,16,15,74,28,34,6,41,43,46,77,48,94,82,32,88,21,22,29,59,69,20,27,13,0,26,25,85,84,50,86,52,60,62,76,81,83,38,80,3,65,2,49,18,78,75,90,36,87,33,58,95,97,23;35;106726
CheapestInsertion;13;data/FIS100-1.txt;100;66,10,7,5,9,12,31,17,14,91,79,73,11,42,1,54,8,56,63,70,67,72,98,92,40,44,47,93,71,61,96,37,51,4,64,99,55,68,24,35,39,19,89,53,57,45,30,16,15,74,28,34,6,41,43,46,77,48,94,82,32,88,21,22,29,59,69,20,27,13,0,26,25,85,84,50,86,52,60,62,76,81,83,38,80,3,65,2,49,18,78,75,90,36,87,33,58,95,97,23;35;106726
CheapestInsertion;14;data/FIS100-1.txt;100;66,10,7,5,9,12,31,17,14,91,79,73,11,42,1,54,8,56,63,70,67,72,98,92,40,44,47,93,71,61,96,37,51,4,64,99,55,68,24,35,39,19,89,53,57,45,30,16,15,74,28,34,6,41,43,46,77,48,94,82,32,88,21,22,29,59,69,20,27,13,0,26,25,85,84,50,86,52,60,62,76,81,83,38,80,3,65,2,49,18,78,75,90,36,87,33,58,95,97,23;35;106726
CheapestInsertion;15;data/FIS100-1.txt;100;66,10,7,5,9,12,31,17,14,91,79,73,11,42,1,54,8,56,63,70,67,72,98,92,40,44,47,93,71,61,96,37,51,4,64,99,55,68,24,35,39,19,89,53,57,45,30,16,15,74,28,34,6,41,43,46,77,48,94,82,32,88,21,22,29,59,69,20,27,13,0,26,25,85,84,50,86,52,60,62,76,81,83,38,80,3,65,2,49,18,78,75,90,36,87,33,58,95,97,23;36;106726
CheapestInsertion;16;data/FIS100-1.txt;100;66,10,7,5,9,12,31,17,14,91,79,73,11,42,1,54,8,56,63,70,67,72,98,92,40,44,47,93,71,61,96,37,51,4,64,99,55,68,24,35,39,19,89,53,57,45,30,16,15,74,28,34,6,41,43,46,77,48,94,82,32,88,21,22,29,59,69,20,27,13,0,26,25,85,84,50,86,52,60,62,76,81,83,38,80,3,65,2,49,18,78,75,90,36,87,33,58,95,97,23;36;106726
CheapestInsertion;17;data/FIS100-1.txt;100;66,10,7,5,9,12,31,17,14,91,79,73,11,42,1,54,8,56,63,70,67,72,98,92,40,44,47,93,71,61,96,37,51,4,64,99,55,68,24,35,39,19,89,53,57,45,30,16,15,74,28,34,6,41,43,46,77,48,94,82,32,88,21,22,29,59,69,20,27,13,0,26,25,85,84,50,86,52,60,62,76,81,83,38,80,3,65,2,49,18,78,75,90,36,87,33,58,95,97,23;36;106726
CheapestInsertion;18;data/FIS100-1.txt;100;66,10,7,5,9,12,31,17,14,91,79,73,11,42,1,54,8,56,63,70,67,72,98,92,40,44,47,93,71,61,96,37,51,4,64,99,55,68,24,35,39,19,89,53,57,45,30,16,15,74,28,34,6,41,43,46,77,48,94,82,32,88,21,22,29,59,69,20,27,13,0,26,25,85,84,50,86,52,60,62,76,81,83,38,80,3,65,2,49,18,78,75,90,36,87,33,58,95,97,23;35;106726
CheapestInsertion;19;data/FIS100-1.txt;100;66,10,7,5,9,12,31,17,14,91,79,73,11,42,1,54,8,56,63,70,67,72,98,92,40,44,47,93,71,61,96,37,51,4,64,99,55,68,24,35,39,19,89,53,57,45,30,16,15,74,28,34,6,41,43,46,77,48,94,82,32,88,21,22,29,59,69,20,27,13,0,26,25,85,84,50,86,52,60,62,76,81,83,38,80,3,65,2,49,18,78,75,90,36,87,33,58,95,97,23;35;106726
CheapestInsertion;20;data/FIS100-1.txt;100;66,10,7,5,9,12,31,17,14,91,79,73,11,42,1,54,8,56,63,70,67,72,98,92,40,44,47,93,71,61,96,37,51,4,64,99,55,68,24,35,39,19,89,53,57,45,30,16,15,74,28,34,6,41,43,46,77,48,94,82,32,88,21,22,29,59,69,20,27,13,0,26,25,85,84,50,86,52,60,62,76,81,83,38,80,3,65,2,49,18,78,75,90,36,87,33,58,95,97,23;36;106726
CheapestInsertion;21;data/FIS100-1.txt;100;66,10,7,5,9,12,31,17,14,91,79,73,11,42,1,54,8,56,63,70,67,72,98,92,40,44,47,93,71,61,96,37,51,4,64,99,55,68,24,35,39,19,89,53,57,45,30,16,15,74,28,34,6,41,43,46,77,48,94,82,32,88,21,22,29,59,69,20,27,13,0,26,25,85,84,50,86,52,60,62,76,81,83,38,80,3,65,2,49,18,78,75,90,36,87,33,58,95,97,23;36;106726
CheapestInsertion;22;data/FIS100-1.txt;100;66,10,7,5,9,12,31,17,14,91,79,73,11,42,1,54,8,56,63,70,67,72,98,92,40,44,47,93,71,61,96,37,51,4,64,99,55,68,24,35,39,19,89,53,57,45,30,16,15,74,28,34,6,41,43,46,77,48,94,82,32,88,21,22,29,59,69,20,27,13,0,26,25,85,84,50,86,52,60,62,76,81,83,38,80,3,65,2,49,18,78,75,90,36,87,33,58,95,97,23;36;106726
CheapestInsertion;23;data/FIS100-1.txt;100;66,10,7,5,9,12,31,17,14,91,79,73,11,42,1,54,8,56,63,70,67,72,98,92,40,44,47,93,71,61,96,37,51,4,64,99,55,68,24,35,39,19,89,53,57,45,30,16,15,74,28,34,6,41,43,46,77,48,94,82,32,88,21,22,29,59,69,20,27,13,0,26,25,85,84,50,86,52,60,62,76,81,83,38,80,3,65,2,49,18,78,75,90,36,87,33,58,95,97,23;36;106726
CheapestInsertion;24;data/FIS100-1.txt;100;66,10,7,5,9,12,31,17,14,91,79,73,11,42,1,54,8,56,63,70,67,72,98,92,40,44,47,93,71,61,96,37,51,4,64,99,55,68,24,35,39,19,89,53,57,45,30,16,15,74,28,34,6,41,43,46,77,48,94,82,32,88,21,22,29,59,69,20,27,13,0,26,25,85,84,50,86,52,60,62,76,81,83,38,80,3,65,2,49,18,78,75,90,36,87,33,58,95,97,23;35;106726
CheapestInsertion;25;data/FIS100-1.txt;100;66,10,7,5,9,12,31,17,14,91,79,73,11,42,1,54,8,56,63,70,67,72,98,92,40,44,47,93,71,61,96,37,51,4,64,99,55,68,24,35,39,19,89,53,57,45,30,16,15,74,28,34,6,41,43,46,77,48,94,82,32,88,21,22,29,59,69,20,27,13,0,26,25,85,84,50,86,52,60,62,76,81,83,38,80,3,65,2,49,18,78,75,90,36,87,33,58,95,97,23;35;106726
CheapestInsertion;26;data/FIS100-1.txt;100;66,10,7,5,9,12,31,17,14,91,79,73,11,42,1,54,8,56,63,70,67,72,98,92,40,44,47,93,71,61,96,37,51,4,64,99,55,68,24,35,39,19,89,53,57,45,30,16,15,74,28,34,6,41,43,46,77,48,94,82,32,88,21,22,29,59,69,20,27,13,0,26,25,85,84,50,86,52,60,62,76,81,83,38,80,3,65,2,49,18,78,75,90,36,87,33,58,95,97,23;35;106726
CheapestInsertion;27;data/FIS100-1.txt;100;66,10,7,5,9,12,31,17,14,91,79,73,11,42,1,54,8,56,63,70,67,72,98,92,40,44,47,93,71,61,96,37,51,4,64,99,55,68,24,35,39,19,89,53,57,45,30,16,15,74,28,34,6,41,43,46,77,48,94,82,32,88,21,22,29,59,69,20,27,13,0,26,25,85,84,50,86,52,60,62,76,81,83,38,80,3,65,2,49,18,78,75,90,36,87,33,58,95,97,23;35;106726
CheapestInsertion;28;data/FIS100-1.txt;100;66,10,7,5,9,12,31,17,14,91,79,73,11,42,1,54,8,56,63,70,67,72,98,92,40,44,47,93,71,61,96,37,51,4,64,99,55,68,24,35,39,19,89,53,57,45,30,16,15,74,28,34,6,41,43,46,77,48,94,82,32,88,21,22,29,59,69,20,27,13,0,26,25,85,84,50,86,52,60,62,76,81,83,38,80,3,65,2,49,18,78,75,90,36,87,33,58,95,97,23;35;106726
CheapestInsertion;29;data/FIS100-1.txt;100;66,10,7,5,9,12,31,17,14,91,79,73,11,42,1,54,8,56,63,70,67,72,98,92,40,44,47,93,71,61,96,37,51,4,64,99,55,68,24,35,39,19,89,53,57,45,30,16,15,74,28,34,6,41,43,46,77,48,94,82,32,88,21,22,29,59,69,20,27,13,0,26,25,85,84,50,86,52,60,62,76,81,83,38,80,3,65,2,49,18,78,75,90,36,87,33,58,95,97,23;35;106726
CheapestInsertion;30;data/FIS100-1.txt;100;66,10,7,5,9,12,31,17,14,91,79,73,11,42,1,54,8,56,63,70,67,72,98,92,40,44,47,93,71,61,96,37,51,4,64,99,55,68,24,35,39,19,89,53,57,45,30,16,15,74,28,34,6,41,43,46,77,48,94,82,32,88,21,22,29,59,69,20,27,13,0,26,25,85,84,50,86,52,60,62,76,81,83,38,80,3,65,2,49,18,78,75,90,36,87,33,58,95,97,23;35;106726
CheapestInsertion;1;data/FIS100-2.txt;100;42,21,34,6,17,5,11,27,9,19,98,77,66,12,56,4,7,25,39,31,68,37,83,49,87,8,2,3,14,30,24,32,59,55,60,78,63,95,92,1,82,97,23,62,10,69,16,75,99,72,61,58,52,36,81,51,15,50,67,89,41,85,18,20,96,65,91,43,40,35,13,48,45,0,80,26,57,46,47,93,84,94,33,29,22,70,79,73,74,76,28,44,53,64,54,86,71,88,90,38;36;95492
CheapestInsertion;2;data/FIS100-2.txt;100;42,21,34,6,17,5,11,27,9,19,98,77,66,12,56,4,7,25,39,31,68,37,83,49,87,8,2,3,14,30,24,32,59,55,60,78,63,95,92,1,82,97,23,62,10,69,16,75,99,72,61,58,52,36,81,51,15,50,67,89,41,85,18,20,96,65,91,43,40,35,13,48,45,0,80,26,57,46,47,93,84,94,33,29,22,70,79,73,74,76,28,44,53,64,54,86,71,88,90,38;35;95492
CheapestInsertion;3;data/FIS100-2.txt;100;42,21,34,6,17,5,11,27,9,19,98,77,66,12,56,4,7,25,39,31,68,37,83,49,87,8,2,3,14,30,24,32,59,55,60,78,63,95,92,1,82,97,23,62,10,69,16,75,99,72,61,58,52,36,81,51,15,50,67,89,41,85,18,20,96,65,91,43,40,35,13,48,45,0,80,26,57,46,47,93,84,94,33,29,22,70,79,73,74,76,28,44,53,64,54,86,71,88,90,38;35;95492
CheapestInsertion;4;data/FIS100-2.txt;100;42,21,34,6,17,5,11,27,9,19,98,77,66,12,56,4,7,25,39,31,68,37,83,49,87,8,2,3,14,30,24,32,59,55,60,78,63,95,92,1,82,97,23,62,10,69,16,75,99,72,61,58,52,36,81,51,15,50,67,89,41,85,18,20,96,65,91,43,40,35,13,48,45,0,80,26,57,46,47,93,84,94,33,29,22,70,79,73,74,76,28,44,53,64,54,86,71,88,90,38;35;95492
CheapestInsertion;5;data/FIS100-2.txt;100;42,21,34,6,17,5,11,27,9,19,98,77,66,12,56,4,7,25,39,31,68,37,83,49,87,8,2,3,14,30,24,32,59,55,60,78,63,95,92,1,82,97,23,62,10,69,16,75,99,72,61,58,52,36,81,51,15,50,67,89,41,85,18,20,96,65,91,43,40,35,13,48,45,0,80,26,57,46,47,93,84,94,33,29,22,70,79,73,74,76,28,44,53,64,54,86,71,88,90,38;35;95492
CheapestInsertion;6;data/FIS100-2.txt;100;42,21,34,6,17,5,11,27,9,19,98,77,66,12,56,4,7,25,39,31,68,37,83,49,87,8,2,3,14,30,24,32,59,55,60,78,63,95,92,1,82,97,23,62,10,69,16,75,99,72,61,58,52,36,81,51,15,50,67,89,41,85,18,20,96,65,91,43,40,35,13,48,45,0,80,26,57,46,47,93,84,94,33,29,22,70,79,73,74,76,28,44,53,64,54,86,71,88,90,38;35;95492
CheapestInsertion;7;data/FIS100-2.txt;100;42,21,34,6,17,5,11,27,9,19,98,77,66,12,56,4,7,25,39,31,68,37,83,49,87,8,2,3,14,30,24,32,59,55,60,78,63,95,92,1,82,97,23,62,10,69,16,75,99,72,61,58,52,36,81,51,15,50,67,89,41,85,18,20,96,65,91,43,40,35,13,48,45,0,80,26,57,46,47,93,84,94,33,29,22,70,79,73,74,76,28,44,53,64,54,86,71,88,90,38;36;95492
CheapestInsertion;8;data/FIS100-2.txt;100;42,21,34,6,17,5,11,27,9,19,98,77,66,12,56,4,7,25,39,31,68,37,83,49,87,8,2,3,14,30,24,32,59,55,60,78,63,95,92,1,82,97,23,62,10,69,16,75,99,72,61,58,52,36,81,51,15,50,67,89,41,85,18,20,96,65,91,43,40,35,13,48,45,0,80,26,57,46,47,93,84,94,33,29,22,70,79,73,74,76,28,44,53,64,54,86,71,88,90,38;35;95492
CheapestInsertion;9;data/FIS100-2.txt;100;42,21,34,6,17,5,11,27,9,19,98,77,66,12,56,4,7,25,39,31,68,37,83,49,87,8,2,3,14,30,24,32,59,55,60,78,63,95,92,1,82,97,23,62,10,69,16,75,99,72,61,58,52,36,81,51,15,50,67,89,41,85,18,20,96,65,91,43,40,35,13,48,45,0,80,26,57,46,47,93,84,94,33,29,22,70,79,73,74,76,28,44,53,64,54,86,71,88,90,38;35;95492
CheapestInsertion;10;data/FIS100-2.txt;100;42,21,34,6,17,5,11,27,9,19,98,77,66,12,56,4,7,25,39,31,68,37,83,49,87,8,2,3,14,30,24,32,59,55,60,78,63,95,92,1,82,97,23,62,10,69,16,75,99,72,61,58,52,36,81,51,15,50,67,89,41,85,18,20,96,65,91,43,40,35,13,48,45,0,80,26,57,46,47,93,84,94,33,29,22,70,79,73,74,76,28,44,53,64,54,86,71,88,90,38;35;95492
CheapestInsertion;11;data/FIS100-2.txt;100;42,21,34,6,17,5,11,27,9,19,98,77,66,12,56,4,7,25,39,31,68,37,83,49,87,8,2,3,14,30,24,32,59,55,60,78,63,95,92,1,82,97,23,62,10,69,16,75,99,72,61,58,52,36,81,51,15,50,67,89,41,85,18,20,96,65,91,43,40,35,13,48,45,0,80,26,57,46,47,93,84,94,33,29,22,70,79,73,74,76,28,44,53,64,54,86,71,88,90,38;35;95492
CheapestInsertion;12;data/FIS100-2.txt;100;42,21,34,6,17,5,11,27,9,19,98,77,66,12,56,4,7,25,39,31,68,37,83,49,87,8,2,3,14,30,24,32,59,55,60,78,63,95,92,1,82,97,23,62,10,69,16,75,99,72,61,58,52,36,81,51,15,50,67,89,41,85,18,20,96,65,91,43,40,35,13,48,45,0,80,26,57,46,47,93,84,94,33,29,22,70,79,73,74,76,28,44,53,64,54,86,71,88,90,38;35;95492
CheapestInsertion;13;data/FIS100-2.txt;100;42,21,34,6,17,5,11,27,9,19,98,77,66,12,56,4,7,25,39,31,68,37,83,49,87,8,2,3,14,30,24,32,59,55,60,78,63,95,92,1,82,97,23,62,10,69,16,75,99,72,61,58,52,36,81,51,15,50,67,89,41,85,18,20,96,65,91,43,40,35,13,48,45,0,80,26,57,46,47,93,84,94,33,29,22,70,79,73,74,76,28,44,53,64,54,86,71,88,90,38;36;95492
CheapestInsertion;14;data/FIS100-2.txt;100;42,21,34,6,17,5,11,27,9,19,98,77,66,12,56,4,7,25,39,31,68,37,83,49,87,8,2,3,14,30,24,32,59,55,60,78,63,95,92,1,82,97,23,62,10,69,16,75,99,72,61,58,52,36,81,51,15,50,67,89,41,85,18,20,96,65,91,43,40,35,13,48,45,0,80,26,57,46,47,93,84,94,33,29,22,70,79,73,74,76,28,44,53,64,54,86,71,88,90,38;35;95492
CheapestInsertion;15;data/FIS100-2.txt;100;42,21,34,6,17,5,11,27,9,19,98,77,66,12,56,4,7,25,39,31,68,37,83,49,87,8,2,3,14,30,24,32,59,55,60,78,63,95,92,1,82,97,23,62,10,69,16,75,99,72,61,58,52,36,81,51,15,50,67,89,41,85,18,20,96,65,91,43,40,35,13,48,45,0,80,26,57,46,47,93,84,94,33,29,22,70,79,73,74,76,28,44,53,64,54,86,71,88,90,38;36;95492
CheapestInsertion;16;data/FIS100-2.txt;100;42,21,34,6,17,5,11,27,9,19,98,77,66,12,56,4,7,25,39,31,68,37,83,49,87,8,2,3,14,30,24,32,59,55,60,78,63,95,92,1,82,97,23,62,10,69,16,75,99,72,61,58,52,36,81,51,15,50,67,89,41,85,18,20,96,65,91,43,40,35,13,48,45,0,80,26,57,46,47,93,84,94,33,29,22,70,79,73,74,76,28,44,53,64,54,86,71,88,90,38;35;95492
CheapestInsertion;17;data/FIS100-2.txt;100;42,21,34,6,17,5,11,27,9,19,98,77,66,12,56,4,7,25,39,31,68,37,83,49,87,8,2,3,14,30,24,32,59,55,60,78,63,95,92,1,82,97,23,62,10,69,16,75,99,72,61,58,52,36,81,51,15,50,67,89,41,85,18,20,96,65,91,43,40,35,13,48,45,0,80,26,57,46,47,93,84,94,33,29,22,70,79,73,74,76,28,44,53,64,54,86,71,88,90,38;37;95492
CheapestInsertion;18;data/FIS100-2.txt;100;42,21,34,6,17,5,11,27,9,19,98,77,66,12,56,4,7,25,39,31,68,37,83,49,87,8,2,3,14,30,24,32,59,55,60,78,63,95,92,1,82,97,23,62,10,69,16,75,99,72,61,58,52,36,81,51,15,50,67,89,41,85,18,20,96,65,91,43,40,35,13,48,45,0,80,26,57,46,47,93,84,94,33,29,22,70,79,73,74,76,28,44,53,64,54,86,71,88,90,38;37;95492
CheapestInsertion;19;data/FIS100-2.txt;100;42,21,34,6,17,5,11,27,9,19,98,77,66,12,56,4,7,25,39,31,68,37,83,49,87,8,2,3,14,30,24,32,59,55,60,78,63,95,92,1,82,97,23,62,10,69,16,75,99,72,61,58,52,36,81,51,15,50,67,89,41,85,18,20,96,65,91,43,40,35,13,48,45,0,80,26,57,46,47,93,84,94,33,29,22,70,79,73,74,76,28,44,53,64,54,86,71,88,90,38;36;95492
CheapestInsertion;20;data/FIS100-2.txt;100;42,21,34,6,17,5,11,27,9,19,98,77,66,12,56,4,7,25,39,31,68,37,83,49,87,8,2,3,14,30,24,32,59,55,60,78,63,95,92,1,82,97,23,62,10,69,16,75,99,72,61,58,52,36,81,51,15,50,67,89,41,85,18,20,96,65,91,43,40,35,13,48,45,0,80,26,57,46,47,93,84,94,33,29,22,70,79,73,74,76,28,44,53,64,54,86,71,88,90,38;36;95492
CheapestInsertion;21;data/FIS100-2.txt;100;42,21,34,6,17,5,11,27,9,19,98,77,66,12,56,4,7,25,39,31,68,37,83,49,87,8,2,3,14,30,24,32,59,55,60,78,63,95,92,1,82,97,23,62,10,69,16,75,99,72,61,58,52,36,81,51,15,50,67,89,41,85,18,20,96,65,91,43,40,35,13,48,45,0,80,26,57,46,47,93,84,94,33,29,22,70,79,73,74,76,28,44,53,64,54,86,71,88,90,38;36;95492
CheapestInsertion;22;data/FIS100-2.txt;100;42,21,34,6,17,5,11,27,9,19,98,77,66,12,56,4,7,25,39,31,68,37,83,49,87,8,2,3,14,30,24,32,59,55,60,78,63,95,92,1,82,97,23,62,10,69,16,75,99,72,61,58,52,36,81,51,15,50,67,89,41,85,18,20,96,65,91,43,40,35,13,48,45,0,80,26,57,46,47,93,84,94,33,29,22,70,79,73,74,76,28,44,53,64,54,86,71,88,90,38;36;95492
CheapestInsertion;23;data/FIS100-2.txt;100;42,21,34,6,17,5,11,27,9,19,98,77,66,12,56,4,7,25,39,31,68,37,83,49,87,8,2,3,14,30,24,32,59,55,60,78,63,95,92,1,82,97,23,62,10,69,16,75,99,72,61,58,52,36,81,51,15,50,67,89,41,85,18,20,96,65,91,43,40,35,13,48,45,0,80,26,57,46,47,93,84,94,33,29,22,70,79,73,74,76,28,44,53,64,54,86,71,88,90,38;37;95492
CheapestInsertion;24;data/FIS100-2.txt;100;42,21,34,6,17,5,11,27,9,19,98,77,66,12,56,4,7,25,39,31,68,37,83,49,87,8,2,3,14,30,24,32,59,55,60,78,63,95,92,1,82,97,23,62,10,69,16,75,99,72,61,58,52,36,81,51,15,50,67,89,41,85,18,20,96,65,91,43,40,35,13,48,45,0,80,26,57,46,47,93,84,94,33,29,22,70,79,73,74,76,28,44,53,64,54,86,71,88,90,38;36;95492
CheapestInsertion;25;data/FIS100-2.txt;100;42,21,34,6,17,5,11,27,9,19,98,77,66,12,56,4,7,25,39,31,68,37,83,49,87,8,2,3,14,30,24,32,59,55,60,78,63,95,92,1,82,97,23,62,10,69,16,75,99,72,61,58,52,36,81,51,15,50,67,89,41,85,18,20,96,65,91,43,40,35,13,48,45,0,80,26,57,46,47,93,84,94,33,29,22,70,79,73,74,76,28,44,53,64,54,86,71,88,90,38;36;95492
CheapestInsertion;26;data/FIS100-2.txt;100;42,21,34,6,17,5,11,27,9,19,98,77,66,12,56,4,7,25,39,31,68,37,83,49,87,8,2,3,14,30,24,32,59,55,60,78,63,95,92,1,82,97,23,62,10,69,16,75,99,72,61,58,52,36,81,51,15,50,67,89,41,85,18,20,96,65,91,43,40,35,13,48,45,0,80,26,57,46,47,93,84,94,33,29,22,70,79,73,74,76,28,44,53,64,54,86,71,88,90,38;36;95492
CheapestInsertion;27;data/FIS100-2.txt;100;42,21,34,6,17,5,11,27,9,19,98,77,66,12,56,4,7,25,39,31,68,37,83,49,87,8,2,3,14,30,24,32,59,55,60,78,63,95,92,1,82,97,23,62,10,69,16,75,99,72,61,58,52,36,81,51,15,50,67,89,41,85,18,20,96,65,91,43,40,35,13,48,45,0,80,26,57,46,47,93,84,94,33,29,22,70,79,73,74,76,28,44,53,64,54,86,71,88,90,38;37;95492
CheapestInsertion;28;data/FIS100-2.txt;100;42,21,34,6,17,5,11,27,9,19,98,77,66,12,56,4,7,25,39,31,68,37,83,49,87,8,2,3,14,30,24,32,59,55,60,78,63,95,92,1,82,97,23,62,10,69,16,75,99,72,61,58,52,36,81,51,15,50,67,89,41,85,18,20,96,65,91,43,40,35,13,48,45,0,80,26,57,46,47,93,84,94,33,29,22,70,79,73,74,76,28,44,53,64,54,86,71,88,90,38;37;95492
CheapestInsertion;29;data/FIS100-2.txt;100;42,21,34,6,17,5,11,27,9,19,98,77,66,12,56,4,7,25,39,31,68,37,83,49,87,8,2,3,14,30,24,32,59,55,60,78,63,95,92,1,82,97,23,62,10,69,16,75,99,72,61,58,52,36,81,51,15,50,67,89,41,85,18,20,96,65,91,43,40,35,13,48,45,0,80,26,57,46,47,93,84,94,33,29,22,70,79,73,74,76,28,44,53,64,54,86,71,88,90,38;36;95492
CheapestInsertion;30;data/FIS100-2.txt;100;42,21,34,6,17,5,11,27,9,19,98,77,66,12,56,4,7,25,39,31,68,37,83,49,87,8,2,3,14,30,24,32,59,55,60,78,63,95,92,1,82,97,23,62,10,69,16,75,99,72,61,58,52,36,81,51,15,50,67,89,41,85,18,20,96,65,91,43,40,35,13,48,45,0,80,26,57,46,47,93,84,94,33,29,22,70,79,73,74,76,28,44,53,64,54,86,71,88,90,38;37;95492
CheapestInsertion;1;data/FIS100-3.txt;100;80,26,54,16,49,12,14,28,51,42,87,62,36,37,25,8,13,68,61,39,19,11,76,69,2,31,24,67,53,96,83,88,55,77,20,48,0,43,70,85,98,89,75,91,21,50,4,45,3,65,17,71,27,82,79,92,86,78,47,56,32,22,99,73,95,34,84,9,23,7,30,41,18,1,46,58,52,64,59,94,60,97,93,74,81,29,57,38,63,33,10,15,6,5,72,35,66,44,90,40;37;110995
CheapestInsertion;2;data/FIS100-3.txt;100;80,26,54,16,49,12,14,28,51,42,87,62,36,37,25,8,13,68,61,39,19,11,76,69,2,31,24,67,53,96,83,88,55,77,20,48,0,43,70,85,98,89,75,91,21,50,4,45,3,65,17,71,27,82,79,92,86,78,47,56,32,22,99,73,95,34,84,9,23,7,30,41,18,1,46,58,52,64,59,94,60,97,93,74,81,29,57,38,63,33,10,15,6,5,72,35,66,44,90,40;36;110995
CheapestInsertion;3;data/FIS100-3.txt;100;80,26,54,16,49,12,14,28,51,42,87,62,36,37,25,8,13,68,61,39,19,11,76,69,2,31,24,67,53,96,83,88,55,77,20,48,0,43,70,85,98,89,75,91,21,50,4,45,3,65,17,71,27,82,79,92,86,78,47,56,32,22,99,73,95,34,84,9,23,7,30,41,18,1,46,58,52,64,59,94,60,97,93,74,81,29,57,38,63,33,10,15,6,5,72,35,66,44,90,40;36;110995
CheapestInsertion;4;data/FIS100-3.txt;100;80,26,54,16,49,12,14,28,51,42,87,62,36,37,25,8,13,68,61,39,19,11,76,69,2,31,24,67,53,96,83,88,55,77,20,48,0,43,70,85,98,89,75,91,21,50,4,45,3,65,17,71,27,82,79,92,86,78,47,56,32,22,99,73,95,34,84,9,23,7,30,41,18,1,46,58,52,64,59,94,60,97,93,74,81,29,57,38,63,33,10,15,6,5,72,35,66,44,90,40;35;110995
CheapestInsertion;5;data/FIS100-3.txt;100;80,26,54,16,49,12,14,28,51,42,87,62,36,37,25,8,13,68,61,39,19,11,76,69,2,31,24,67,53,96,83,88,55,77,20,48,0,43,70,85,98,89,75,91,21,50,4,45,3,65,17,71,27,82,79,92,86,78,47,56,32,22,99,73,95,34,84,9,23,7,30,41,18,1,46,58,52,64,59,94,60,97,93,74,81,29,57,38,63,33,10,15,6,5,72,35,66,44,90,40;35;110995
CheapestInsertion;6;data/FIS100-3.txt;100;80,26,54,16,49,12,14,28,51,42,87,62,36,37,25,8,13,68,61,39,19,11,76,69,2,31,24,67,53,96,83,88,55,77,20,48,0,43,70,85,98,89,75,91,21,50,4,45,3,65,17,71,27,82,79,92,86,78,47,56,32,22,99,73,95,34,84,9,23,7,30,41,18,1,46,58,52,64,59,94,60,97,93,74,81,29,57,38,63,33,10,15,6,5,72,35,66,44,90,40;37;110995
CheapestInsertion;7;data/FIS100-3.txt;100;80,26,54,16,49,12,14,28,51,42,87,62,36,37,25,8,13,68,61,39,19,11,76,69,2,31,24,67,53,96,83,88,55,77,20,48,0,43,70,85,98,89,75,91,21,50,4,45,3,65,17,71,27,82,79,92,86,78,47,56,32,22,99,73,95,34,84,9,23,7,30,41,18,1,46,58,52,64,59,94,60,97,93,74,81,29,57,38,63,33,10,15,6,5,72,35,66,44,90,40;36;110995
CheapestInsertion;8;data/FIS100-3.txt;100;80,26,54,16,49,12,14,28,51,42,87,62,36,37,25,8,13,68,61,39,19,11,76,69,2,31,24,67,53,96,83,88,55,77,20,48,0,43,70,85,98,89,75,91,21,50,4,45,3,65,17,71,27,82,79,92,86,78,47,56,32,22,99,73,95,34,84,9,23,7,30,41,18,1,46,58,52,64,59,94,60,97,93,74,81,29,57,38,63,33,10,15,6,5,72,35,66,44,90,40;37;110995
CheapestInsertion;9;data/FIS100-3.txt;100;80,26,54,16,49,12,14,28,51,42,87,62,36,37,25,8,13,68,61,39,19,11,76,69,2,31,24,67,53,96,83,88,55,77,20,48,0,43,70,85,98,89,75,91,21,50,4,45,3,65,17,71,27,82,79,92,86,78,47,56,32,22,99,73,95,34,84,9,23,7,30,41,18,1,46,58,52,64,59,94,60,97,93,74,81,29,57,38,63,33,10,15,6,5,72,35,66,44,90,40;36;110995
CheapestInsertion;10;data/FIS100-3.txt;100;80,26,54,16,49,12,14,28,51,42,87,62,36,37,25,8,13,68,61,39,19,11,76,69,2,31,24,67,53,96,83,88,55,77,20,48,0,43,70,85,98,89,75,91,21,50,4,45,3,65,17,71,27,82,79,92,86,78,47,56,32,22,99,73,95,34,84,9,23,7,30,41,18,1,46,58,52,64,59,94,60,97,93,74,81,29,57,38,63,33,10,15,6,5,72,35,66,44,90,40;36;110995
CheapestInsertion;11;data/FIS100-3.txt;100;80,26,54,16,49,12,14,28,51,42,87,62,36,37,25,8,13,68,61,39,19,11,76,69,2,31,24,67,53,96,83,88,55,77,20,48,0,43,70,85,98,89,75,91,21,50,4,45,3,65,17,71,27,82,79,92,86,78,47,56,32,22,99,73,95,34,84,9,23,7,30,41,18,1,46,58,52,64,59,94,60,97,93,74,81,29,57,38,63,33,10,15,6,5,72,35,66,44,90,40;37;110995
CheapestInsertion;12;data/FIS100-3.txt;100;80,26,54,16,49,12,14,28,51,42,87,62,36,37,25,8,13,68,61,39,19,11,76,69,2,31,24,67,53,96,83,88,55,77,20,48,0,43,70,85,98,89,75,91,21,50,4,45,3,65,17,71,27,82,79,92,86,78,47,56,32,22,99,73,95,34,84,9,23,7,30,41,18,1,46,58,52,64,59,94,60,97,93,74,81,29,57,38,63,33,10,15,6,5,72,35,66,44,90,40;36;110995
CheapestInsertion;13;data/FIS100-3.txt;100;80,26,54,16,49,12,14,28,51,42,87,62,36,37,25,8,13,68,61,39,19,11,76,69,2,31,24,67,53,96,83,88,55,77,20,48,0,43,70,85,98,89,75,91,21,50,4,45,3,65,17,71,27,82,79,92,86,78,47,56,32,22,99,73,95,34,84,9,23,7,30,41,18,1,46,58,52,64,59,94,60,97,93,74,81,29,57,38,63,33,10,15,6,5,72,35,66,44,90,40;37;110995
CheapestInsertion;14;data/FIS100-3.txt;100;80,26,54,16,49,12,14,28,51,42,87,62,36,37,25,8,13,68,61,39,19,11,76,69,2,31,24,67,53,96,83,88,55,77,20,48,0,43,70,85,98,89,75,91,21,50,4,45,3,65,17,71,27,82,79,92,86,78,47,56,32,22,99,73,95,34,84,9,23,7,30,41,18,1,46,58,52,64,59,94,60,97,93,74,81,29,57,38,63,33,10,15,6,5,72,35,66,44,90,40;36;110995
CheapestInsertion;15;data/FIS100-3.txt;100;80,26,54,16,49,12,14,28,51,42,87,62,36,37,25,8,13,68,61,39,19,11,76,69,2,31,24,67,53,96,83,88,55,77,20,48,0,43,70,85,98,89,75,91,21,50,4,45,3,65,17,71,27,82,79,92,86,78,47,56,32,22,99,73,95,34,84,9,23,7,30,41,18,1,46,58,52,64,59,94,60,97,93,74,81,29,57,38,63,33,10,15,6,5,72,35,66,44,90,40;36;110995
CheapestInsertion;16;data/FIS100-3.txt;100;80,26,54,16,49,12,14,28,51,42,87,62,36,37,25,8,13,68,61,39,19,11,76,69,2,31,24,67,53,96,83,88,55,77,20,48,0,43,70,85,98,89,75,91,21,50,4,45,3,65,17,71,27,82,79,92,86,78,47,56,32,22,99,73,95,34,84,9,23,7,30,41,18,1,46,58,52,64,59,94,60,97,93,74,81,29,57,38,63,33,10,15,6,5,72,35,66,44,90,40;36;110995
CheapestInsertion;17;data/FIS100-3.txt;100;80,26,54,16,49,12,14,28,51,42,87,62,36,37,25,8,13,68,61,39,19,11,76,69,2,31,24,67,53,96,83,88,55,77,20,48,0,43,70,85,98,89,75,91,21,50,4,45,3,65,17,71,27,82,79,92,86,78,47,56,32,22,99,73,95,34,84,9,23,7,30,41,18,1,46,58,52,64,59,94,60,97,93,74,81,29,57,38,63,33,10,15,6,5,72,35,66,44,90,40;36;110995
CheapestInsertion;18;data/FIS100-3.txt;100;80,26,54,16,49,12,14,28,51,42,87,62,36,37,25,8,13,68,61,39,19,11,76,69,2,31,24,67,53,96,83,88,55,77,20,48,0,43,70,85,98,89,75,91,21,50,4,45,3,65,17,71,27,82,79,92,86,78,47,56,32,22,99,73,95,34,84,9,23,7,30,41,18,1,46,58,52,64,59,94,60,97,93,74,81,29,57,38,63,33,10,15,6,5,72,35,66,44,90,40;36;110995
CheapestInsertion;19;data/FIS100-3.txt;100;80,26,54,16,49,12,14,28,51,42,87,62,36,37,25,8,13,68,61,39,19,11,76,69,2,31,24,67,53,96,83,88,55,77,20,48,0,43,70,85,98,89,75,91,21,50,4,45,3,65,17,71,27,82,79,92,86,78,47,56,32,22,99,73,95,34,84,9,23,7,30,41,18,1,46,58,52,64,59,94,60,97,93,74,81,29,57,38,63,33,10,15,6,5,72,35,66,44,90,40;36;110995
CheapestInsertion;20;data/FIS100-3.txt;100;80,26,54,16,49,12,14,28,51,42,87,62,36,37,25,8,13,68,61,39,19,11,76,69,2,31,24,67,53,96,83,88,55,77,20,48,0,43,70,85,98,89,75,91,21,50,4,45,3,65,17,71,27,82,79,92,86,78,47,56,32,22,99,73,95,34,84,9,23,7,30,41,18,1,46,58,52,64,59,94,60,97,93,74,81,29,57,38,63,33,10,15,6,5,72,35,66,44,90,40;36;110995
CheapestInsertion;21;data/FIS100-3.txt;100;80,26,54,16,49,12,14,28,51,42,87,62,36,37,25,8,13,68,61,39,19,11,76,69,2,31,24,67,53,96,83,88,55,77,20,48,0,43,70,85,98,89,75,91,21,50,4,45,3,65,17,71,27,82,79,92,86,78,47,56,32,22,99,73,95,34,84,9,23,7,30,41,18,1,46,58,52,64,59,94,60,97,93,74,81,29,57,38,63,33,10,15,6,5,72,35,66,44,90,40;37;110995
CheapestInsertion;22;data/FIS100-3.txt;100;80,26,54,16,49,12,14,28,51,42,87,62,36,37,25,8,13,68,61,39,19,11,76,69,2,31,24,67,53,96,83,88,55,77,20,48,0,43,70,85,98,89,75,91,21,50,4,45,3,65,17,71,27,82,79,92,86,78,47,56,32,22,99,73,95,34,84,9,23,7,30,41,18,1,46,58,52,64,59,94,60,97,93,74,81,29,57,38,63,33,10,15,6,5,72,35,66,44,90,40;36;110995
CheapestInsertion;23;data/FIS100-3.txt;100;80,26,54,16,49,12,14,28,51,42,87,62,36,37,25,8,13,68,61,39,19,11,76,69,2,31,24,67,53,96,83,88,55,77,20,48,0,43,70,85,98,89,75,91,21,50,4,45,3,65,17,71,27,82,79,92,86,78,47,56,32,22,99,73,95,34,84,9,23,7,30,41,18,1,46,58,52,64,59,94,60,97,93,74,81,29,57,38,63,33,10,15,6,5,72,35,66,44,90,40;36;110995
CheapestInsertion;24;data/FIS100-3.txt;100;80,26,54,16,49,12,14,28,51,42,87,62,36,37,25,8,13,68,61,39,19,11,76,69,2,31,24,67,53,96,83,88,55,77,20,48,0,43,70,85,98,89,75,91,21,50,4,45,3,65,17,71,27,82,79,92,86,78,47,56,32,22,99,73,95,34,84,9,23,7,30,41,18,1,46,58,52,64,59,94,60,97,93,74,81,29,57,38,63,33,10,15,6,5,72,35,66,44,90,40;37;110995
CheapestInsertion;25;data/FIS100-3.txt;100;80,26,54,16,49,12,14,28,51,42,87,62,36,37,25,8,13,68,61,39,19,11,76,69,2,31,24,67,53,96,83,88,55,77,20,48,0,43,70,85,98,89,75,91,21,50,4,45,3,65,17,71,27,82,79,92,86,78,47,56,32,22,99,73,95,34,84,9,23,7,30,41,18,1,46,58,52,64,59,94,60,97,93,74,81,29,57,38,63,33,10,15,6,5,72,35,66,44,90,40;36;110995
CheapestInsertion;26;data/FIS100-3.txt;100;80,26,54,16,49,12,14,28,51,42,87,62,36,37,25,8,13,68,61,39,19,11,76,69,2,31,24,67,53,96,83,88,55,77,20,48,0,43,70,85,98,89,75,91,21,50,4,45,3,65,17,71,27,82,79,92,86,78,47,56,32,22,99,73,95,34,84,9,23,7,30,41,18,1,46,58,52,64,59,94,60,97,93,74,81,29,57,38,63,33,10,15,6,5,72,35,66,44,90,40;37;110995
CheapestInsertion;27;data/FIS100-3.txt;100;80,26,54,16,49,12,14,28,51,42,87,62,36,37,25,8,13,68,61,39,19,11,76,69,2,31,24,67,53,96,83,88,55,77,20,48,0,43,70,85,98,89,75,91,21,50,4,45,3,65,17,71,27,82,79,92,86,78,47,56,32,22,99,73,95,34,84,9,23,7,30,41,18,1,46,58,52,64,59,94,60,97,93,74,81,29,57,38,63,33,10,15,6,5,72,35,66,44,90,40;36;110995
CheapestInsertion;28;data/FIS100-3.txt;100;80,26,54,16,49,12,14,28,51,42,87,62,36,37,25,8,13,68,61,39,19,11,76,69,2,31,24,67,53,96,83,88,55,77,20,48,0,43,70,85,98,89,75,91,21,50,4,45,3,65,17,71,27,82,79,92,86,78,47,56,32,22,99,73,95,34,84,9,23,7,30,41,18,1,46,58,52,64,59,94,60,97,93,74,81,29,57,38,63,33,10,15,6,5,72,35,66,44,90,40;36;110995
CheapestInsertion;29;data/FIS100-3.txt;100;80,26,54,16,49,12,14,28,51,42,87,62,36,37,25,8,13,68,61,39,19,11,76,69,2,31,24,67,53,96,83,88,55,77,20,48,0,43,70,85,98,89,75,91,21,50,4,45,3,65,17,71,27,82,79,92,86,78,47,56,32,22,99,73,95,34,84,9,23,7,30,41,18,1,46,58,52,64,59,94,60,97,93,74,81,29,57,38,63,33,10,15,6,5,72,35,66,44,90,40;36;110995
CheapestInsertion;30;data/FIS100-3.txt;100;80,26,54,16,49,12,14,28,51,42,87,62,36,37,25,8,13,68,61,39,19,11,76,69,2,31,24,67,53,96,83,88,55,77,20,48,0,43,70,85,98,89,75,91,21,50,4,45,3,65,17,71,27,82,79,92,86,78,47,56,32,22,99,73,95,34,84,9,23,7,30,41,18,1,46,58,52,64,59,94,60,97,93,74,81,29,57,38,63,33,10,15,6,5,72,35,66,44,90,40;37;110995
CheapestInsertion;1;data/FIS100-4.txt;100;84,7,87,28,88,58,89,98,46,56,43,50,32,41,22,62,35,59,20,1,34,21,63,94,42,48,15,19,17,44,27,68,64,67,69,80,61,24,9,0,6,73,13,77,57,65,23,93,4,45,36,70,85,83,14,90,49,91,55,79,11,71,5,95,31,74,25,39,12,38,8,82,60,96,26,29,54,97,72,86,53,66,30,33,10,2,52,37,92,99,40,47,3,78,51,81,18,16,76,75;36;88384
CheapestInsertion;2;data/FIS100-4.txt;100;84,7,87,28,88,58,89,98,46,56,43,50,32,41,22,62,35,59,20,1,34,21,63,94,42,48,15,19,17,44,27,68,64,67,69,80,61,24,9,0,6,73,13,77,57,65,23,93,4,45,36,70,85,83,14,90,49,91,55,79,11,71,5,95,31,74,25,39,12,38,8,82,60,96,26,29,54,97,72,86,53,66,30,33,10,2,52,37,92,99,40,47,3,78,51,81,18,16,76,75;35;88384
CheapestInsertion;3;data/FIS100-4.txt;100;84,7,87,28,88,58,89,98,46,56,43,50,32,41,22,62,35,59,20,1,34,21,63,94,42,48,15,19,17,44,27,68,64,67,69,80,61,24,9,0,6,73,13,77,57,65,23,93,4,45,36,70,85,83,14,90,49,91,55,79,11,71,5,95,31,74,25,39,12,38,8,82,60,96,26,29,54,97,72,86,53,66,30,33,10,2,52,37,92,99,40,47,3,78,51,81,18,16,76,75;36;88384
CheapestInsertion;4;data/FIS100-4.txt;100;84,7,87,28,88,58,89,98,46,56,43,50,32,41,22,62,35,59,20,1,34,21,63,94,42,48,15,19,17,44,27,68,64,67,69,80,61,24,9,0,6,73,13,77,57,65,23,93,4,45,36,70,85,83,14,90,49,91,55,79,11,71,5,95,31,74,25,39,12,38,8,82,60,96,26,29,54,97,72,86,53,66,30,33,10,2,52,37,92,99,40,47,3,78,51,81,18,16,76,75;37;88384
CheapestInsertion;5;data/FIS100-4.txt;100;84,7,87,28,88,58,89,98,46,56,43,50,32,41,22,62,35,59,20,1,34,21,63,94,42,48,15,19,17,44,27,68,64,67,69,80,61,24,9,0,6,73,13,77,57,65,23,93,4,45,36,70,85,83,14,90,49,91,55,79,11,71,5,95,31,74,25,39,12,38,8,82,60,96,26,29,54,97,72,86,53,66,30,33,10,2,52,37,92,99,40,47,3,78,51,81,18,16,76,75;36;88384
CheapestInsertion;6;data/FIS100-4.txt;100;84,7,87,28,88,58,89,98,46,56,43,50,32,41,22,62,35,59,20,1,34,21,63,94,42,48,15,19,17,44,27,68,64,67,69,80,61,24,9,0,6,73,13,77,57,65,23,93,4,45,36,70,85,83,14,90,49,91,55,79,11,71,5,95,31,74,25,39,12,38,8,82,60,96,26,29,54,97,72,86,53,66,30,33,10,2,52,37,92,99,40,47,3,78,51,81,18,16,76,75;37;88384
CheapestInsertion;7;data/FIS100-4.txt;100;84,7,87,28,88,58,89,98,46,56,43,50,32,41,22,62,35,59,20,1,34,21,63,94,42,48,15,19,17,44,27,68,64,67,69,80,61,24,9,0,6,73,13,77,57,65,23,93,4,45,36,70,85,83,14,90,49,91,55,79,11,71,5,95,31,74,25,39,12,38,8,82,60,96,26,29,54,97,72,86,53,66,30,33,10,2,52,37,92,99,40,47,3,78,51,81,18,16,76,75;36;88384
CheapestInsertion;8;data/FIS100-4.txt;100;84,7,87,28,88,58,89,98,46,56,43,50,32,41,22,62,35,59,20,1,34,21,63,94,42,48,15,19,17,44,27,68,64,67,69,80,61,24,9,0,6,73,13,77,57,65,23,93,4,45,36,70,85,83,14,90,49,91,55,79,11,71,5,95,31,74,25,39,12,38,8,82,60,96,26,29,54,97,72,86,53,66,30,33,10,2,52,37,92,99,40,47,3,78,51,81,18,16,76,75;36;88384
CheapestInsertion;9;data/FIS100-4.txt;100;84,7,87,28,88,58,89,98,46,56,43,50,32,41,22,62,35,59,20,1,34,21,63,94,42,48,15,19,17,44,27,68,64,67,69,80,61,24,9,0,6,73,13,77,57,65,23,93,4,45,36,70,85,83,14,90,49,91,55,79,11,71,5,95,31,74,25,39,12,38,8,82,60,96,26,29,54,97,72,86,53,66,30,33,10,2,52,37,92,99,40,47,3,78,51,81,18,16,76,75;36;88384
CheapestInsertion;10;data/FIS100-4.txt;100;84,7,87,28,88,58,89,98,46,56,43,50,32,41,22,62,35,59,20,1,34,21,63,94,42,48,15,19,17,44,27,68,64,67,69,80,61,24,9,0,6,73,13,77,57,65,23,93,4,45,36,70,85,83,14,90,49,91,55,79,11,71,5,95,31,74,25,39,12,38,8,82,60,96,26,29,54,97,72,86,53,66,30,33,10,2,52,37,92,99,40,47,3,78,51,81,18,16,76,75;36;88384
CheapestInsertion;11;data/FIS100-4.txt;100;84,7,87,28,88,58,89,98,46,56,43,50,32,41,22,62,35,59,20,1,34,21,63,94,42,48,15,19,17,44,27,68,64,67,69,80,61,24,9,0,6,73,13,77,57,65,23,93,4,45,36,70,85,83,14,90,49,91,55,79,11,71,5,95,31,74,25,39,12,38,8,82,60,96,26,29,54,97,72,86,53,66,30,33,10,2,52,37,92,99,40,47,3,78,51,81,18,16,76,75;36;88384
CheapestInsertion;12;data/FIS100-4.txt;100;84,7,87,28,88,58,89,98,46,56,43,50,32,41,22,62,35,59,20,1,34,21,63,94,42,48,15,19,17,44,27,68,64,67,69,80,61,24,9,0,6,73,13,77,57,65,23,93,4,45,36,70,85,83,14,90,49,91,55,79,11,71,5,95,31,74,25,39,12,38,8,82,60,96,26,29,54,97,72,86,53,66,30,33,10,2,52,37,92,99,40,47,3,78,51,81,18,16,76,75;36;88384
CheapestInsertion;13;data/FIS100-4.txt;100;84,7,87,28,88,58,89,98,46,56,43,50,32,41,22,62,35,59,20,1,34,21,63,94,42,48,15,19,17,44,27,68,64,67,69,80,61,24,9,0,6,73,13,77,57,65,23,93,4,45,36,70,85,83,14,90,49,91,55,79,11,71,5,95,31,74,25,39,12,38,8,82,60,96,26,29,54,97,72,86,53,66,30,33,10,2,52,37,92,99,40,47,3,78,51,81,18,16,76,75;36;88384
CheapestInsertion;14;data/FIS100-4.txt;100;84,7,87,28,88,58,89,98,46,56,43,50,32,41,22,62,35,59,20,1,34,21,63,94,42,48,15,19,17,44,27,68,64,67,69,80,61,24,9,0,6,73,13,77,57,65,23,93,4,45,36,70,85,83,14,90,49,91,55,79,11,71,5,95,31,74,25,39,12,38,8,82,60,96,26,29,54,97,72,86,53,66,30,33,10,2,52,37,92,99,40,47,3,78,51,81,18,16,76,75;36;88384
CheapestInsertion;15;data/FIS100-4.txt;100;84,7,87,28,88,58,89,98,46,56,43,50,32,41,22,62,35,59,20,1,34,21,63,94,42,48,15,19,17,44,27,68,64,67,69,80,61,24,9,0,6,73,13,77,57,65,23,93,4,45,36,70,85,83,14,90,49,91,55,79,11,71,5,95,31,74,25,39,12,38,8,82,60,96,26,29,54,97,72,86,53,66,30,33,10,2,52,37,92,99,40,47,3,78,51,81,18,16,76,75;36;88384
CheapestInsertion;16;data/FIS100-4.txt;100;84,7,87,28,88,58,89,98,46,56,43,50,32,41,22,62,35,59,20,1,34,21,63,94,42,48,15,19,17,44,27,68,64,67,69,80,61,24,9,0,6,73,13,77,57,65,23,93,4,45,36,70,85,83,14,90,49,91,55,79,11,71,5,95,31,74,25,39,12,38,8,82,60,96,26,29,54,97,72,86,53,66,30,33,10,2,52,37,92,99,40,47,3,78,51,81,18,16,76,75;36;88384
CheapestInsertion;17;data/FIS100-4.txt;100;84,7,87,28,88,58,89,98,46,56,43,50,32,41,22,62,35,59,20,1,34,21,63,94,42,48,15,19,17,44,27,68,64,67,69,80,61,24,9,0,6,73,13,77,57,65,23,93,4,45,36,70,85,83,14,90,49,91,55,79,11,71,5,95,31,74,25,39,12,38,8,82,60,96,26,29,54,97,72,86,53,66,30,33,10,2,52,37,92,99,40,47,3,78,51,81,18,16,76,75;36;88384
CheapestInsertion;18;data/FIS100-4.txt;100;84,7,87,28,88,58,89,98,46,56,43,50,32,41,22,62,35,59,20,1,34,21,63,94,42,48,15,19,17,44,27,68,64,67,69,80,61,24,9,0,6,73,13,77,57,65,23,93,4,45,36,70,85,83,14,90,49,91,55,79,11,71,5,95,31,74,25,39,12,38,8,82,60,96,26,29,54,97,72,86,53,66,30,33,10,2,52,37,92,99,40,47,3,78,51,81,18,16,76,75;36;88384
CheapestInsertion;19;data/FIS100-4.txt;100;84,7,87,28,88,58,89,98,46,56,43,50,32,41,22,62,35,59,20,1,34,21,63,94,42,48,15,19,17,44,27,68,64,67,69,80,61,24,9,0,6,73,13,77,57,65,23,93,4,45,36,70,85,83,14,90,49,91,55,79,11,71,5,95,31,74,25,39,12,38,8,82,60,96,26,29,54,97,72,86,53,66,30,33,10,2,52,37,92,99,40,47,3,78,51,81,18,16,76,75;36;88384
CheapestInsertion;20;data/FIS100-4.txt;100;84,7,87,28,88,58,89,98,46,56,43,50,32,41,22,62,35,59,20,1,34,21,63,94,42,48,15,19,17,44,27,68,64,67,69,80,61,24,9,0,6,73,13,77,57,65,23,93,4,45,36,70,85,83,14,90,49,91,55,79,11,71,5,95,31,74,25,39,12,38,8,82,60,96,26,29,54,97,72,86,53,66,30,33,10,2,52,37,92,99,40,47,3,78,51,81,18,16,76,75;36;88384
CheapestInsertion;21;data/FIS100-4.txt;100;84,7,87,28,88,58,89,98,46,56,43,50,32,41,22,62,35,59,20,1,34,21,63,94,42,48,15,19,17,44,27,68,64,67,69,80,61,24,9,0,6,73,13,77,57,65,23,93,4,45,36,70,85,83,14,90,49,91,55,79,11,71,5,95,31,74,25,39,12,38,8,82,60,96,26,29,54,97,72,86,53,66,30,33,10,2,52,37,92,99,40,47,3,78,51,81,18,16,76,75;37;88384
CheapestInsertion;22;data/FIS100-4.txt;100;84,7,87,28,88,58,89,98,46,56,43,50,32,41,22,62,35,59,20,1,34,21,63,94,42,48,15,19,17,44,27,68,64,67,69,80,61,24,9,0,6,73,13,77,57,65,23,93,4,45,36,70,85,83,14,90,49,91,55,79,11,71,5,95,31,74,25,39,12,38,8,82,60,96,26,29,54,97,72,86,53,66,30,33,10,2,52,37,92,99,40,47,3,78,51,81,18,16,76,75;35;88384
CheapestInsertion;23;data/FIS100-4.txt;100;84,7,87,28,88,58,89,98,46,56,43,50,32,41,22,62,35,59,20,1,34,21,63,94,42,48,15,19,17,44,27,68,64,67,69,80,61,24,9,0,6,73,13,77,57,65,23,93,4,45,36,70,85,83,14,90,49,91,55,79,11,71,5,95,31,74,25,39,12,38,8,82,60,96,26,29,54,97,72,86,53,66,30,33,10,2,52,37,92,99,40,47,3,78,51,81,18,16,76,75;35;88384
CheapestInsertion;24;data/FIS100-4.txt;100;84,7,87,28,88,58,89,98,46,56,43,50,32,41,22,62,35,59,20,1,34,21,63,94,42,48,15,19,17,44,27,68,64,67,69,80,61,24,9,0,6,73,13,77,57,65,23,93,4,45,36,70,85,83,14,90,49,91,55,79,11,71,5,95,31,74,25,39,12,38,8,82,60,96,26,29,54,97,72,86,53,66,30,33,10,2,52,37,92,99,40,47,3,78,51,81,18,16,76,75;35;88384
CheapestInsertion;25;data/FIS100-4.txt;100;84,7,87,28,88,58,89,98,46,56,43,50,32,41,22,62,35,59,20,1,34,21,63,94,42,48,15,19,17,44,27,68,64,67,69,80,61,24,9,0,6,73,13,77,57,65,23,93,4,45,36,70,85,83,14,90,49,91,55,79,11,71,5,95,31,74,25,39,12,38,8,82,60,96,26,29,54,97,72,86,53,66,30,33,10,2,52,37,92,99,40,47,3,78,51,81,18,16,76,75;35;88384
CheapestInsertion;26;data/FIS100-4.txt;100;84,7,87,28,88,58,89,98,46,56,43,50,32,41,22,62,35,59,20,1,34,21,63,94,42,48,15,19,17,44,27,68,64,67,69,80,61,24,9,0,6,73,13,77,57,65,23,93,4,45,36,70,85,83,14,90,49,91,55,79,11,71,5,95,31,74,25,39,12,38,8,82,60,96,26,29,54,97,72,86,53,66,30,33,10,2,52,37,92,99,40,47,3,78,51,81,18,16,76,75;35;88384
CheapestInsertion;27;data/FIS100-4.txt;100;84,7,87,28,88,58,89,98,46,56,43,50,32,41,22,62,35,59,20,1,34,21,63,94,42,48,15,19,17,44,27,68,64,67,69,80,61,24,9,0,6,73,13,77,57,65,23,93,4,45,36,70,85,83,14,90,49,91,55,79,11,71,5,95,31,74,25,39,12,38,8,82,60,96,26,29,54,97,72,86,53,66,30,33,10,2,52,37,92,99,40,47,3,78,51,81,18,16,76,75;35;88384
CheapestInsertion;28;data/FIS100-4.txt;100;84,7,87,28,88,58,89,98,46,56,43,50,32,41,22,62,35,59,20,1,34,21,63,94,42,48,15,19,17,44,27,68,64,67,69,80,61,24,9,0,6,73,13,77,57,65,23,93,4,45,36,70,85,83,14,90,49,91,55,79,11,71,5,95,31,74,25,39,12,38,8,82,60,96,26,29,54,97,72,86,53,66,30,33,10,2,52,37,92,99,40,47,3,78,51,81,18,16,76,75;35;88384
CheapestInsertion;29;data/FIS100-4.txt;100;84,7,87,28,88,58,89,98,46,56,43,50,32,41,22,62,35,59,20,1,34,21,63,94,42,48,15,19,17,44,27,68,64,67,69,80,61,24,9,0,6,73,13,77,57,65,23,93,4,45,36,70,85,83,14,90,49,91,55,79,11,71,5,95,31,74,25,39,12,38,8,82,60,96,26,29,54,97,72,86,53,66,30,33,10,2,52,37,92,99,40,47,3,78,51,81,18,16,76,75;35;88384
CheapestInsertion;30;data/FIS100-4.txt;100;84,7,87,28,88,58,89,98,46,56,43,50,32,41,22,62,35,59,20,1,34,21,63,94,42,48,15,19,17,44,27,68,64,67,69,80,61,24,9,0,6,73,13,77,57,65,23,93,4,45,36,70,85,83,14,90,49,91,55,79,11,71,5,95,31,74,25,39,12,38,8,82,60,96,26,29,54,97,72,86,53,66,30,33,10,2,52,37,92,99,40,47,3,78,51,81,18,16,76,75;35;88384
